ISO-10303-21;
HEADER;
FILE_DESCRIPTION (( 'STEP AP214' ),
    '1' );
FILE_NAME ('TL431ACLPR.STEP',
    '2022-02-16T05:14:43',
    ( '' ),
    ( '' ),
    'SwSTEP 2.0',
    'SolidWorks 2018',
    '' );
FILE_SCHEMA (( 'AUTOMOTIVE_DESIGN' ));
ENDSEC;

DATA;
#1 = CARTESIAN_POINT ( 'NONE',  ( -0.3509999999999999232, -2.010000000000000231, -1.017700409127488159 ) ) ;
#2 = STYLED_ITEM ( 'NONE', ( #1000 ), #1143 ) ;
#3 = VECTOR ( 'NONE', #1440, 1000.000000000000000 ) ;
#4 = DIRECTION ( 'NONE',  ( 1.000000000000000000, 0.0000000000000000000, 9.856383386231856362E-17 ) ) ;
#5 = PRODUCT_RELATED_PRODUCT_CATEGORY ( 'part', '', ( #1535 ) ) ;
#6 = CARTESIAN_POINT ( 'NONE',  ( -0.9949999999999999956, -12.69999999999999929, 0.2799999999999978062 ) ) ;
#7 = ORIENTED_EDGE ( 'NONE', *, *, #1837, .F. ) ;
#8 = EDGE_LOOP ( 'NONE', ( #1261, #592, #273, #2051 ) ) ;
#9 = CARTESIAN_POINT ( 'NONE',  ( 0.9949999999999999956, -1.499999999999999556, 0.2799999999999995270 ) ) ;
#10 = CARTESIAN_POINT ( 'NONE',  ( -3.615214192913174836E-16, 1.919999999999994600, -2.605000000000001759 ) ) ;
#11 = EDGE_CURVE ( 'NONE', #2079, #1039, #2217, .T. ) ;
#12 = VERTEX_POINT ( 'NONE', #1468 ) ;
#13 = PRESENTATION_LAYER_ASSIGNMENT (  '', '', ( #1434 ) ) ;
#14 = VERTEX_POINT ( 'NONE', #448 ) ;
#15 = DIRECTION ( 'NONE',  ( -0.0000000000000000000, 1.000000000000000000, -0.0000000000000000000 ) ) ;
#16 = AXIS2_PLACEMENT_3D ( 'NONE', #343, #515, #1367 ) ;
#17 = LINE ( 'NONE', #1537, #2002 ) ;
#18 = FILL_AREA_STYLE ('',( #1759 ) ) ;
#19 = FACE_OUTER_BOUND ( 'NONE', #2104, .T. ) ;
#20 =( NAMED_UNIT ( * ) PLANE_ANGLE_UNIT ( ) SI_UNIT ( $, .RADIAN. ) );
#21 = CARTESIAN_POINT ( 'NONE',  ( -0.1968892077238844351, 3.400393773154669841, -2.599166480022813808 ) ) ;
#22 = EDGE_CURVE ( 'NONE', #75, #1803, #1359, .T. ) ;
#23 = PRESENTATION_STYLE_ASSIGNMENT (( #125 ) ) ;
#24 = CARTESIAN_POINT ( 'NONE',  ( -1.545000000000000151, -12.69999999999999929, 0.2799999999999987499 ) ) ;
#25 = ADVANCED_FACE ( 'NONE', ( #504 ), #2162, .T. ) ;
#26 = CARTESIAN_POINT ( 'NONE',  ( -0.9949999999999999956, -2.009999999999999787, -0.1500000000000022149 ) ) ;
#27 = UNCERTAINTY_MEASURE_WITH_UNIT (LENGTH_MEASURE( 1.000000000000000082E-05 ), #2165, 'distance_accuracy_value', 'NONE');
#28 = EDGE_CURVE ( 'NONE', #1665, #878, #875, .T. ) ;
#29 =( LENGTH_UNIT ( ) NAMED_UNIT ( * ) SI_UNIT ( .MILLI., .METRE. ) );
#30 = DIRECTION ( 'NONE',  ( 0.0000000000000000000, -1.000000000000000000, 0.0000000000000000000 ) ) ;
#31 = PRESENTATION_LAYER_ASSIGNMENT (  '', '', ( #2105 ) ) ;
#32 = B_SPLINE_CURVE_WITH_KNOTS ( 'NONE', 3,
 ( #2147, #748, #583, #411, #1439, #1597 ),
 .UNSPECIFIED., .F., .F.,
 ( 4, 2, 4 ),
 ( 0.003535788979859786837, 0.004124918505072049275, 0.004714048030284311713 ),
 .UNSPECIFIED. ) ;
#33 = ORIENTED_EDGE ( 'NONE', *, *, #516, .F. ) ;
#34 =( GEOMETRIC_REPRESENTATION_CONTEXT ( 3 ) GLOBAL_UNCERTAINTY_ASSIGNED_CONTEXT ( ( #617 ) ) GLOBAL_UNIT_ASSIGNED_CONTEXT ( ( #1653, #1145, #637 ) ) REPRESENTATION_CONTEXT ( 'NONE', 'WORKASPACE' ) );
#35 = DIRECTION ( 'NONE',  ( 1.000000000000000000, 0.0000000000000000000, 0.0000000000000000000 ) ) ;
#36 = CARTESIAN_POINT ( 'NONE',  ( 0.2750000000000000777, -12.69999999999999929, 0.2799999999999996381 ) ) ;
#37 = ORIENTED_EDGE ( 'NONE', *, *, #1006, .T. ) ;
#38 = EDGE_CURVE ( 'NONE', #1189, #542, #1387, .T. ) ;
#39 = CARTESIAN_POINT ( 'NONE',  ( 0.9949999999999999956, -12.69999999999999929, -0.1500000000000004663 ) ) ;
#40 = ORIENTED_EDGE ( 'NONE', *, *, #58, .T. ) ;
#41 = FILL_AREA_STYLE_COLOUR ( '', #477 ) ;
#42 = MECHANICAL_DESIGN_GEOMETRIC_PRESENTATION_REPRESENTATION (  '', ( #2158 ), #922 ) ;
#43 = SURFACE_STYLE_USAGE ( .BOTH. , #1731 ) ;
#44 = PLANE ( 'NONE',  #1501 ) ;
#45 = DIRECTION ( 'NONE',  ( -1.000000000000000000, 0.0000000000000000000, -9.856383386231856362E-17 ) ) ;
#46 = FACE_OUTER_BOUND ( 'NONE', #1710, .T. ) ;
#47 = DIRECTION ( 'NONE',  ( 0.0000000000000000000, 1.000000000000000000, -0.0000000000000000000 ) ) ;
#48 = SURFACE_STYLE_FILL_AREA ( #1643 ) ;
#49 = DIRECTION ( 'NONE',  ( 0.0000000000000000000, 0.0000000000000000000, 1.000000000000000000 ) ) ;
#50 = B_SPLINE_CURVE_WITH_KNOTS ( 'NONE', 3,
 ( #1557, #862, #21, #2081, #530, #2064, #1886, #2231, #1353, #1190 ),
 .UNSPECIFIED., .F., .F.,
 ( 4, 2, 2, 2, 4 ),
 ( 0.001178994906001232202, 0.001473583304079226306, 0.001768171702157220193, 0.002062760100235214514, 0.002357348498313208401 ),
 .UNSPECIFIED. ) ;
#51 = LINE ( 'NONE', #1888, #1146 ) ;
#52 = MECHANICAL_DESIGN_GEOMETRIC_PRESENTATION_REPRESENTATION (  '', ( #1687 ), #385 ) ;
#53 =( LENGTH_UNIT ( ) NAMED_UNIT ( * ) SI_UNIT ( .MILLI., .METRE. ) );
#54 = SURFACE_SIDE_STYLE ('',( #1696 ) ) ;
#55 = VECTOR ( 'NONE', #521, 1000.000000000000000 ) ;
#56 = DIRECTION ( 'NONE',  ( -1.260700200564539598E-16, 0.0000000000000000000, 1.000000000000000000 ) ) ;
#57 = SURFACE_SIDE_STYLE ('',( #102 ) ) ;
#58 = EDGE_CURVE ( 'NONE', #373, #121, #61, .T. ) ;
#59 = SURFACE_SIDE_STYLE ('',( #1896 ) ) ;
#60 = UNCERTAINTY_MEASURE_WITH_UNIT (LENGTH_MEASURE( 1.000000000000000082E-05 ), #979, 'distance_accuracy_value', 'NONE');
#61 = LINE ( 'NONE', #952, #1181 ) ;
#62 = ORIENTED_EDGE ( 'NONE', *, *, #1812, .F. ) ;
#63 = COLOUR_RGB ( '',1.000000000000000000, 1.000000000000000000, 1.000000000000000000 ) ;
#64 = DIRECTION ( 'NONE',  ( 0.0000000000000000000, 0.0000000000000000000, -1.000000000000000000 ) ) ;
#65 =( NAMED_UNIT ( * ) SI_UNIT ( $, .STERADIAN. ) SOLID_ANGLE_UNIT ( ) );
#66 = EDGE_LOOP ( 'NONE', ( #1660, #250, #427, #1988 ) ) ;
#67 = STYLED_ITEM ( 'NONE', ( #387 ), #1489 ) ;
#68 = VERTEX_POINT ( 'NONE', #1932 ) ;
#69 = CARTESIAN_POINT ( 'NONE',  ( -1.620999999999999996, -1.500000000000000000, 0.2799999999999961409 ) ) ;
#70 = EDGE_CURVE ( 'NONE', #488, #1986, #2213, .T. ) ;
#71 = ORIENTED_EDGE ( 'NONE', *, *, #144, .T. ) ;
#72 = LINE ( 'NONE', #215, #722 ) ;
#73 = CARTESIAN_POINT ( 'NONE',  ( -0.2749999999999999112, -12.69999999999999929, -0.1500000000000004940 ) ) ;
#74 = DIRECTION ( 'NONE',  ( -0.0000000000000000000, -1.000000000000000000, -0.0000000000000000000 ) ) ;
#75 = VERTEX_POINT ( 'NONE', #923 ) ;
#76 =( LENGTH_UNIT ( ) NAMED_UNIT ( * ) SI_UNIT ( .MILLI., .METRE. ) );
#77 = SURFACE_STYLE_FILL_AREA ( #2224 ) ;
#78 = VECTOR ( 'NONE', #1895, 1000.000000000000000 ) ;
#79 = CARTESIAN_POINT ( 'NONE',  ( 0.2750000000000001332, -12.69999999999999929, -0.1500000000000004663 ) ) ;
#80 = LINE ( 'NONE', #1476, #1376 ) ;
#81 =( GEOMETRIC_REPRESENTATION_CONTEXT ( 3 ) GLOBAL_UNCERTAINTY_ASSIGNED_CONTEXT ( ( #1583 ) ) GLOBAL_UNIT_ASSIGNED_CONTEXT ( ( #951, #1286, #2161 ) ) REPRESENTATION_CONTEXT ( 'NONE', 'WORKASPACE' ) );
#82 = SURFACE_SIDE_STYLE ('',( #2138 ) ) ;
#83 = LINE ( 'NONE', #1180, #470 ) ;
#84 = MECHANICAL_DESIGN_GEOMETRIC_PRESENTATION_REPRESENTATION (  '', ( #1561 ), #1405 ) ;
#85 = SURFACE_STYLE_FILL_AREA ( #1772 ) ;
#86 =( NAMED_UNIT ( * ) SI_UNIT ( $, .STERADIAN. ) SOLID_ANGLE_UNIT ( ) );
#87 =( NAMED_UNIT ( * ) SI_UNIT ( $, .STERADIAN. ) SOLID_ANGLE_UNIT ( ) );
#88 = CARTESIAN_POINT ( 'NONE',  ( 1.545000000000000151, 0.0000000000000000000, 0.2799999999999995826 ) ) ;
#89 = DIRECTION ( 'NONE',  ( -0.0000000000000000000, 1.000000000000000000, -0.0000000000000000000 ) ) ;
#90 = APPLICATION_PROTOCOL_DEFINITION ( 'draft international standard', 'automotive_design', 1998, #1994 ) ;
#91 = DIRECTION ( 'NONE',  ( 1.000000000000000000, 0.0000000000000000000, 0.0000000000000000000 ) ) ;
#92 = FILL_AREA_STYLE ('',( #1620 ) ) ;
#93 = MECHANICAL_DESIGN_GEOMETRIC_PRESENTATION_REPRESENTATION (  '', ( #1916 ), #162 ) ;
#94 = EDGE_LOOP ( 'NONE', ( #244, #1496, #2194, #978 ) ) ;
#95 = CARTESIAN_POINT ( 'NONE',  ( -0.9949999999999999956, -12.69999999999999929, 0.2799999999999978062 ) ) ;
#96 = SURFACE_STYLE_USAGE ( .BOTH. , #436 ) ;
#97 = ORIENTED_EDGE ( 'NONE', *, *, #742, .T. ) ;
#98 = SURFACE_STYLE_FILL_AREA ( #762 ) ;
#99 = DIRECTION ( 'NONE',  ( 1.000000000000000000, -0.0000000000000000000, -1.675585175659415692E-15 ) ) ;
#100 = ORIENTED_EDGE ( 'NONE', *, *, #1664, .F. ) ;
#101 =( NAMED_UNIT ( * ) PLANE_ANGLE_UNIT ( ) SI_UNIT ( $, .RADIAN. ) );
#102 = SURFACE_STYLE_FILL_AREA ( #1578 ) ;
#103 = UNCERTAINTY_MEASURE_WITH_UNIT (LENGTH_MEASURE( 1.000000000000000082E-05 ), #1725, 'distance_accuracy_value', 'NONE');
#104 = EDGE_CURVE ( 'NONE', #222, #1955, #2100, .T. ) ;
#105 =( NAMED_UNIT ( * ) SI_UNIT ( $, .STERADIAN. ) SOLID_ANGLE_UNIT ( ) );
#106 = CARTESIAN_POINT ( 'NONE',  ( 0.9949999999999999956, -12.69999999999999929, -0.1500000000000004663 ) ) ;
#107 = CIRCLE ( 'NONE', #2120, 0.7500000000000001110 ) ;
#108 =( GEOMETRIC_REPRESENTATION_CONTEXT ( 3 ) GLOBAL_UNCERTAINTY_ASSIGNED_CONTEXT ( ( #651 ) ) GLOBAL_UNIT_ASSIGNED_CONTEXT ( ( #158, #1365, #2230 ) ) REPRESENTATION_CONTEXT ( 'NONE', 'WORKASPACE' ) );
#109 = LINE ( 'NONE', #1734, #1728 ) ;
#110 = STYLED_ITEM ( 'NONE', ( #902 ), #1569 ) ;
#111 = DIRECTION ( 'NONE',  ( 0.0000000000000000000, 0.0000000000000000000, 1.000000000000000000 ) ) ;
#112 = CARTESIAN_POINT ( 'NONE',  ( -0.9949999999999999956, -1.499999999999999556, 0.2799999999999978062 ) ) ;
#113 = VECTOR ( 'NONE', #2000, 1000.000000000000000 ) ;
#114 = ORIENTED_EDGE ( 'NONE', *, *, #892, .T. ) ;
#115 = CARTESIAN_POINT ( 'NONE',  ( 1.621000000000001773, -2.010000000000000231, -0.1500000000000065725 ) ) ;
#116 = CARTESIAN_POINT ( 'NONE',  ( 0.3510000000000002562, -1.500000000000000000, -1.017700409127488159 ) ) ;
#117 = ORIENTED_EDGE ( 'NONE', *, *, #208, .T. ) ;
#118 = ORIENTED_EDGE ( 'NONE', *, *, #1311, .T. ) ;
#119 = PRESENTATION_LAYER_ASSIGNMENT (  '', '', ( #2 ) ) ;
#120 = CARTESIAN_POINT ( 'NONE',  ( -0.3509999999999999232, -2.010000000000000231, -0.1500000000000032141 ) ) ;
#121 = VERTEX_POINT ( 'NONE', #616 ) ;
#122 = COLOUR_RGB ( '',1.000000000000000000, 1.000000000000000000, 1.000000000000000000 ) ;
#123 = FILL_AREA_STYLE_COLOUR ( '', #2223 ) ;
#124 = MECHANICAL_DESIGN_GEOMETRIC_PRESENTATION_REPRESENTATION (  '', ( #1902 ), #1027 ) ;
#125 = SURFACE_STYLE_USAGE ( .BOTH. , #1848 ) ;
#126 = EDGE_LOOP ( 'NONE', ( #128, #1043, #621 ) ) ;
#127 = FILL_AREA_STYLE ('',( #595 ) ) ;
#128 = ORIENTED_EDGE ( 'NONE', *, *, #147, .F. ) ;
#129 = VECTOR ( 'NONE', #334, 1000.000000000000000 ) ;
#130 = ADVANCED_BREP_SHAPE_REPRESENTATION ( 'TL431ACLPR', ( #581, #644 ), #1998 ) ;
#131 = SURFACE_STYLE_FILL_AREA ( #18 ) ;
#132 = SURFACE_STYLE_FILL_AREA ( #840 ) ;
#133 = EDGE_CURVE ( 'NONE', #1393, #798, #369, .T. ) ;
#134 = LINE ( 'NONE', #201, #1834 ) ;
#135 =( LENGTH_UNIT ( ) NAMED_UNIT ( * ) SI_UNIT ( .MILLI., .METRE. ) );
#136 = COLOUR_RGB ( '',1.000000000000000000, 1.000000000000000000, 1.000000000000000000 ) ;
#137 = CARTESIAN_POINT ( 'NONE',  ( 0.2750000000000001332, -12.69999999999999929, -0.1500000000000004663 ) ) ;
#138 = SURFACE_STYLE_FILL_AREA ( #347 ) ;
#139 =( GEOMETRIC_REPRESENTATION_CONTEXT ( 3 ) GLOBAL_UNCERTAINTY_ASSIGNED_CONTEXT ( ( #511 ) ) GLOBAL_UNIT_ASSIGNED_CONTEXT ( ( #2114, #1913, #731 ) ) REPRESENTATION_CONTEXT ( 'NONE', 'WORKASPACE' ) );
#140 = LINE ( 'NONE', #1839, #1257 ) ;
#141 = DIRECTION ( 'NONE',  ( 0.0000000000000000000, 1.000000000000000000, -0.0000000000000000000 ) ) ;
#142 = FILL_AREA_STYLE ('',( #2017 ) ) ;
#143 = LINE ( 'NONE', #1402, #1527 ) ;
#144 = EDGE_CURVE ( 'NONE', #542, #68, #422, .T. ) ;
#145 = DIRECTION ( 'NONE',  ( 0.0000000000000000000, 0.0000000000000000000, -1.000000000000000000 ) ) ;
#146 = DIRECTION ( 'NONE',  ( 0.0000000000000000000, 0.0000000000000000000, 1.000000000000000000 ) ) ;
#147 = EDGE_CURVE ( 'NONE', #689, #1157, #1357, .T. ) ;
#148 = DIRECTION ( 'NONE',  ( -0.0000000000000000000, 1.000000000000000000, -0.0000000000000000000 ) ) ;
#149 = EDGE_LOOP ( 'NONE', ( #100, #715, #1607, #1684 ) ) ;
#150 = STYLED_ITEM ( 'NONE', ( #2203 ), #1814 ) ;
#151 = ORIENTED_EDGE ( 'NONE', *, *, #873, .F. ) ;
#152 = VERTEX_POINT ( 'NONE', #910 ) ;
#153 = CARTESIAN_POINT ( 'NONE',  ( 0.4612687177108950043, 3.269332937238513370, -2.564800047849010944 ) ) ;
#154 = PRESENTATION_STYLE_ASSIGNMENT (( #821 ) ) ;
#155 = FACE_OUTER_BOUND ( 'NONE', #94, .T. ) ;
#156 = LINE ( 'NONE', #1336, #1406 ) ;
#157 = AXIS2_PLACEMENT_3D ( 'NONE', #1297, #1984, #2178 ) ;
#158 =( LENGTH_UNIT ( ) NAMED_UNIT ( * ) SI_UNIT ( .MILLI., .METRE. ) );
#159 = CARTESIAN_POINT ( 'NONE',  ( 0.3510000000000002562, -2.010000000000000231, -1.017700409127488159 ) ) ;
#160 =( GEOMETRIC_REPRESENTATION_CONTEXT ( 3 ) GLOBAL_UNCERTAINTY_ASSIGNED_CONTEXT ( ( #2095 ) ) GLOBAL_UNIT_ASSIGNED_CONTEXT ( ( #1790, #724, #738 ) ) REPRESENTATION_CONTEXT ( 'NONE', 'WORKASPACE' ) );
#161 = CARTESIAN_POINT ( 'NONE',  ( -1.620999999999999996, -1.500000000000000000, -0.1500000000000011879 ) ) ;
#162 =( GEOMETRIC_REPRESENTATION_CONTEXT ( 3 ) GLOBAL_UNCERTAINTY_ASSIGNED_CONTEXT ( ( #1910 ) ) GLOBAL_UNIT_ASSIGNED_CONTEXT ( ( #1573, #702, #65 ) ) REPRESENTATION_CONTEXT ( 'NONE', 'WORKASPACE' ) );
#163 = UNCERTAINTY_MEASURE_WITH_UNIT (LENGTH_MEASURE( 1.000000000000000082E-05 ), #412, 'distance_accuracy_value', 'NONE');
#164 = CARTESIAN_POINT ( 'NONE',  ( 1.621000000000000218, -1.500000000000000000, 0.2799999999999961409 ) ) ;
#165 = VERTEX_POINT ( 'NONE', #1061 ) ;
#166 = EDGE_CURVE ( 'NONE', #560, #1955, #313, .T. ) ;
#167 = ORIENTED_EDGE ( 'NONE', *, *, #597, .F. ) ;
#168 =( LENGTH_UNIT ( ) NAMED_UNIT ( * ) SI_UNIT ( .MILLI., .METRE. ) );
#169 = EDGE_LOOP ( 'NONE', ( #1662, #1991, #743, #195 ) ) ;
#170 = PRESENTATION_LAYER_ASSIGNMENT (  '', '', ( #1898 ) ) ;
#171 = CARTESIAN_POINT ( 'NONE',  ( 0.9190000000000001501, -2.010000000000000231, 0.2799999999999961409 ) ) ;
#172 = ORIENTED_EDGE ( 'NONE', *, *, #1479, .F. ) ;
#173 = AXIS2_PLACEMENT_3D ( 'NONE', #2108, #1220, #1056 ) ;
#174 = ORIENTED_EDGE ( 'NONE', *, *, #1093, .T. ) ;
#175 = SURFACE_STYLE_USAGE ( .BOTH. , #670 ) ;
#176 = LINE ( 'NONE', #305, #232 ) ;
#177 =( LENGTH_UNIT ( ) NAMED_UNIT ( * ) SI_UNIT ( .MILLI., .METRE. ) );
#178 = VECTOR ( 'NONE', #145, 1000.000000000000000 ) ;
#179 =( LENGTH_UNIT ( ) NAMED_UNIT ( * ) SI_UNIT ( .MILLI., .METRE. ) );
#180 = LINE ( 'NONE', #286, #2008 ) ;
#181 = LINE ( 'NONE', #776, #311 ) ;
#182 = CARTESIAN_POINT ( 'NONE',  ( -0.2749999999999999667, 0.0000000000000000000, 0.2799999999999995270 ) ) ;
#183 = VECTOR ( 'NONE', #99, 1000.000000000000000 ) ;
#184 = UNCERTAINTY_MEASURE_WITH_UNIT (LENGTH_MEASURE( 1.000000000000000082E-05 ), #1259, 'distance_accuracy_value', 'NONE');
#185 = ORIENTED_EDGE ( 'NONE', *, *, #590, .T. ) ;
#186 = ORIENTED_EDGE ( 'NONE', *, *, #1125, .T. ) ;
#187 = FILL_AREA_STYLE_COLOUR ( '', #498 ) ;
#188 = ADVANCED_FACE ( 'NONE', ( #934 ), #2135, .T. ) ;
#189 = PLANE ( 'NONE',  #16 ) ;
#190 = EDGE_CURVE ( 'NONE', #1495, #831, #1625, .T. ) ;
#191 = ORIENTED_EDGE ( 'NONE', *, *, #147, .T. ) ;
#192 = VECTOR ( 'NONE', #2154, 1000.000000000000000 ) ;
#193 = PRODUCT_DEFINITION_SHAPE ( 'NONE', 'NONE',  #1057 ) ;
#194 = CARTESIAN_POINT ( 'NONE',  ( 0.2750000000000000777, -1.499999999999999556, 0.2799999999999996381 ) ) ;
#195 = ORIENTED_EDGE ( 'NONE', *, *, #1652, .T. ) ;
#196 = CARTESIAN_POINT ( 'NONE',  ( -0.2749999999999999112, -12.69999999999999929, -0.1500000000000004940 ) ) ;
#197 = STYLED_ITEM ( 'NONE', ( #1942 ), #1321 ) ;
#198 = ORIENTED_EDGE ( 'NONE', *, *, #166, .F. ) ;
#199 = DIRECTION ( 'NONE',  ( 0.0000000000000000000, -0.0000000000000000000, -1.000000000000000000 ) ) ;
#200 = PRESENTATION_LAYER_ASSIGNMENT (  '', '', ( #1165 ) ) ;
#201 = CARTESIAN_POINT ( 'NONE',  ( 1.545000000000000151, 0.0000000000000000000, -0.1500000000000004108 ) ) ;
#202 = DIRECTION ( 'NONE',  ( 1.000000000000000000, 0.0000000000000000000, 0.0000000000000000000 ) ) ;
#203 = LINE ( 'NONE', #649, #235 ) ;
#204 = DIRECTION ( 'NONE',  ( 0.0000000000000000000, 0.0000000000000000000, 1.000000000000000000 ) ) ;
#205 = COLOUR_RGB ( '',1.000000000000000000, 1.000000000000000000, 1.000000000000000000 ) ;
#206 = DIRECTION ( 'NONE',  ( -1.000000000000000000, 0.0000000000000000000, -1.260700200564539598E-16 ) ) ;
#207 = FACE_OUTER_BOUND ( 'NONE', #1632, .T. ) ;
#208 = EDGE_CURVE ( 'NONE', #1536, #488, #2040, .T. ) ;
#209 = PLANE ( 'NONE',  #1857 ) ;
#210 = COLOUR_RGB ( '',0.7921568627450980005, 0.8196078431372548767, 0.9333333333333333481 ) ;
#211 = CARTESIAN_POINT ( 'NONE',  ( 0.7500000000000003331, 2.670000000000000817, -2.000000000000000000 ) ) ;
#212 =( LENGTH_UNIT ( ) NAMED_UNIT ( * ) SI_UNIT ( .MILLI., .METRE. ) );
#213 = STYLED_ITEM ( 'NONE', ( #23 ), #365 ) ;
#214 = SURFACE_SIDE_STYLE ('',( #1815 ) ) ;
#215 = CARTESIAN_POINT ( 'NONE',  ( -0.9949999999999999956, -12.69999999999999929, 0.2799999999999978062 ) ) ;
#216 =( GEOMETRIC_REPRESENTATION_CONTEXT ( 3 ) GLOBAL_UNCERTAINTY_ASSIGNED_CONTEXT ( ( #1872 ) ) GLOBAL_UNIT_ASSIGNED_CONTEXT ( ( #1087, #234, #86 ) ) REPRESENTATION_CONTEXT ( 'NONE', 'WORKASPACE' ) );
#217 = CARTESIAN_POINT ( 'NONE',  ( 0.0000000000000000000, -12.69999999999999929, 0.0000000000000000000 ) ) ;
#218 = ORIENTED_EDGE ( 'NONE', *, *, #254, .T. ) ;
#219 = UNCERTAINTY_MEASURE_WITH_UNIT (LENGTH_MEASURE( 1.000000000000000082E-05 ), #1096, 'distance_accuracy_value', 'NONE');
#220 = CARTESIAN_POINT ( 'NONE',  ( 0.2750000000000001332, -12.69999999999999929, -0.1500000000000004663 ) ) ;
#221 = FILL_AREA_STYLE_COLOUR ( '', #958 ) ;
#222 = VERTEX_POINT ( 'NONE', #1263 ) ;
#223 = CARTESIAN_POINT ( 'NONE',  ( 1.621000000000000218, -2.010000000000000231, -1.017700409127488159 ) ) ;
#224 = ORIENTED_EDGE ( 'NONE', *, *, #1494, .T. ) ;
#225 = SURFACE_SIDE_STYLE ('',( #574 ) ) ;
#226 = ORIENTED_EDGE ( 'NONE', *, *, #2025, .T. ) ;
#227 = COLOUR_RGB ( '',0.2509803921568627416, 0.2509803921568627416, 0.2509803921568627416 ) ;
#228 = VECTOR ( 'NONE', #1547, 1000.000000000000000 ) ;
#229 = CARTESIAN_POINT ( 'NONE',  ( 0.2750000000000000777, -2.009999999999999787, 0.2799999999999996381 ) ) ;
#230 =( GEOMETRIC_REPRESENTATION_CONTEXT ( 3 ) GLOBAL_UNCERTAINTY_ASSIGNED_CONTEXT ( ( #316 ) ) GLOBAL_UNIT_ASSIGNED_CONTEXT ( ( #212, #543, #1228 ) ) REPRESENTATION_CONTEXT ( 'NONE', 'WORKASPACE' ) );
#231 =( NAMED_UNIT ( * ) PLANE_ANGLE_UNIT ( ) SI_UNIT ( $, .RADIAN. ) );
#232 = VECTOR ( 'NONE', #495, 1000.000000000000000 ) ;
#233 = CARTESIAN_POINT ( 'NONE',  ( 1.621000000000000218, -1.500000000000000000, -1.017700409127488159 ) ) ;
#234 =( NAMED_UNIT ( * ) PLANE_ANGLE_UNIT ( ) SI_UNIT ( $, .RADIAN. ) );
#235 = VECTOR ( 'NONE', #2145, 1000.000000000000000 ) ;
#236 = SURFACE_STYLE_USAGE ( .BOTH. , #1453 ) ;
#237 = EDGE_CURVE ( 'NONE', #852, #2220, #143, .T. ) ;
#238 = SURFACE_STYLE_FILL_AREA ( #1504 ) ;
#239 = CARTESIAN_POINT ( 'NONE',  ( -0.9189999999999984848, -2.010000000000000231, -0.1500000000000023537 ) ) ;
#240 =( NAMED_UNIT ( * ) SI_UNIT ( $, .STERADIAN. ) SOLID_ANGLE_UNIT ( ) );
#241 = FACE_OUTER_BOUND ( 'NONE', #1131, .T. ) ;
#242 = MECHANICAL_DESIGN_GEOMETRIC_PRESENTATION_REPRESENTATION (  '', ( #1885 ), #349 ) ;
#243 = ORIENTED_EDGE ( 'NONE', *, *, #1141, .F. ) ;
#244 = ORIENTED_EDGE ( 'NONE', *, *, #661, .F. ) ;
#245 = CARTESIAN_POINT ( 'NONE',  ( -0.2749999999999999667, -12.69999999999999929, 0.2799999999999995270 ) ) ;
#246 = ORIENTED_EDGE ( 'NONE', *, *, #2126, .T. ) ;
#247 = SURFACE_SIDE_STYLE ('',( #2151 ) ) ;
#248 = ORIENTED_EDGE ( 'NONE', *, *, #1198, .F. ) ;
#249 = EDGE_CURVE ( 'NONE', #1495, #1064, #1980, .T. ) ;
#250 = ORIENTED_EDGE ( 'NONE', *, *, #2181, .F. ) ;
#251 =( NAMED_UNIT ( * ) PLANE_ANGLE_UNIT ( ) SI_UNIT ( $, .RADIAN. ) );
#252 = DIRECTION ( 'NONE',  ( 0.0000000000000000000, 1.000000000000000000, -0.0000000000000000000 ) ) ;
#253 = ORIENTED_EDGE ( 'NONE', *, *, #1225, .F. ) ;
#254 = EDGE_CURVE ( 'NONE', #1435, #1768, #619, .T. ) ;
#255 = FACE_OUTER_BOUND ( 'NONE', #1827, .T. ) ;
#256 = DIRECTION ( 'NONE',  ( 1.000000000000000000, 0.0000000000000000000, 0.0000000000000000000 ) ) ;
#257 = UNCERTAINTY_MEASURE_WITH_UNIT (LENGTH_MEASURE( 1.000000000000000082E-05 ), #168, 'distance_accuracy_value', 'NONE');
#258 = MECHANICAL_DESIGN_GEOMETRIC_PRESENTATION_REPRESENTATION (  '', ( #67 ), #1401 ) ;
#259 = DIRECTION ( 'NONE',  ( 0.0000000000000000000, 1.000000000000000000, 0.0000000000000000000 ) ) ;
#260 = FACE_OUTER_BOUND ( 'NONE', #1721, .T. ) ;
#261 = FILL_AREA_STYLE_COLOUR ( '', #872 ) ;
#262 = AXIS2_PLACEMENT_3D ( 'NONE', #1804, #1105, #256 ) ;
#263 = CARTESIAN_POINT ( 'NONE',  ( -1.545000000000000151, 0.0000000000000000000, 0.2799999999999987499 ) ) ;
#264 = CARTESIAN_POINT ( 'NONE',  ( -0.9189999999999999281, -1.500000000000000000, 0.2799999999999961409 ) ) ;
#265 = CARTESIAN_POINT ( 'NONE',  ( -0.9949999999999999956, 0.0000000000000000000, 0.2799999999999978062 ) ) ;
#266 = FACE_OUTER_BOUND ( 'NONE', #1183, .T. ) ;
#267 = CARTESIAN_POINT ( 'NONE',  ( 1.621000000000000218, -1.500000000000000000, -1.017700409127488159 ) ) ;
#268 = ORIENTED_EDGE ( 'NONE', *, *, #1879, .F. ) ;
#269 = APPLICATION_CONTEXT ( 'automotive_design' ) ;
#270 = CARTESIAN_POINT ( 'NONE',  ( -1.545000000000000151, 0.0000000000000000000, 0.2799999999999987499 ) ) ;
#271 = ORIENTED_EDGE ( 'NONE', *, *, #1565, .T. ) ;
#272 = PLANE ( 'NONE',  #340 ) ;
#273 = ORIENTED_EDGE ( 'NONE', *, *, #22, .T. ) ;
#274 = SURFACE_SIDE_STYLE ('',( #736 ) ) ;
#275 = DIRECTION ( 'NONE',  ( 0.0000000000000000000, 0.0000000000000000000, 1.000000000000000000 ) ) ;
#276 = ORIENTED_EDGE ( 'NONE', *, *, #1952, .T. ) ;
#277 = DIRECTION ( 'NONE',  ( -0.0000000000000000000, -1.000000000000000000, -0.0000000000000000000 ) ) ;
#278 = ADVANCED_FACE ( 'NONE', ( #266 ), #209, .F. ) ;
#279 = ORIENTED_EDGE ( 'NONE', *, *, #597, .T. ) ;
#280 = VECTOR ( 'NONE', #1236, 1000.000000000000000 ) ;
#281 = EDGE_CURVE ( 'NONE', #675, #1536, #1122, .T. ) ;
#282 = CARTESIAN_POINT ( 'NONE',  ( 0.0000000000000000000, 5.339999999999999858, -2.604999999999999982 ) ) ;
#283 = AXIS2_PLACEMENT_3D ( 'NONE', #1604, #593, #111 ) ;
#284 = VECTOR ( 'NONE', #1606, 1000.000000000000000 ) ;
#285 = UNCERTAINTY_MEASURE_WITH_UNIT (LENGTH_MEASURE( 1.000000000000000082E-05 ), #2157, 'distance_accuracy_value', 'NONE');
#286 = CARTESIAN_POINT ( 'NONE',  ( -1.545000000000000151, -2.009999999999999787, 0.2799999999999987499 ) ) ;
#287 = SURFACE_STYLE_FILL_AREA ( #1502 ) ;
#288 = EDGE_CURVE ( 'NONE', #1982, #1318, #2069, .T. ) ;
#289 = VERTEX_POINT ( 'NONE', #1590 ) ;
#290 = CARTESIAN_POINT ( 'NONE',  ( -1.620999999999999996, -2.010000000000000231, 0.2799999999999961409 ) ) ;
#291 = MECHANICAL_DESIGN_GEOMETRIC_PRESENTATION_REPRESENTATION (  '', ( #1602 ), #2206 ) ;
#292 = ADVANCED_FACE ( 'NONE', ( #582 ), #1119, .T. ) ;
#293 = STYLED_ITEM ( 'NONE', ( #1907 ), #1426 ) ;
#294 = ORIENTED_EDGE ( 'NONE', *, *, #300, .T. ) ;
#295 =( NAMED_UNIT ( * ) PLANE_ANGLE_UNIT ( ) SI_UNIT ( $, .RADIAN. ) );
#296 = VERTEX_POINT ( 'NONE', #434 ) ;
#297 = SURFACE_SIDE_STYLE ('',( #1108 ) ) ;
#298 = VERTEX_POINT ( 'NONE', #1280 ) ;
#299 = VECTOR ( 'NONE', #1060, 1000.000000000000000 ) ;
#300 = EDGE_CURVE ( 'NONE', #222, #852, #528, .T. ) ;
#301 = LINE ( 'NONE', #1780, #2030 ) ;
#302 = ADVANCED_FACE ( 'NONE', ( #2038 ), #1979, .F. ) ;
#303 = CYLINDRICAL_SURFACE ( 'NONE', #904, 0.7500000000000001110 ) ;
#304 = LINE ( 'NONE', #2167, #1174 ) ;
#305 = CARTESIAN_POINT ( 'NONE',  ( 2.067317101946385627, 5.339999999999999858, 1.584999999999999298 ) ) ;
#306 = PRESENTATION_LAYER_ASSIGNMENT (  '', '', ( #197 ) ) ;
#307 = PRESENTATION_STYLE_ASSIGNMENT (( #744 ) ) ;
#308 =( GEOMETRIC_REPRESENTATION_CONTEXT ( 3 ) GLOBAL_UNCERTAINTY_ASSIGNED_CONTEXT ( ( #449 ) ) GLOBAL_UNIT_ASSIGNED_CONTEXT ( ( #538, #231, #1929 ) ) REPRESENTATION_CONTEXT ( 'NONE', 'WORKASPACE' ) );
#309 = FILL_AREA_STYLE ('',( #1175 ) ) ;
#310 = SURFACE_STYLE_USAGE ( .BOTH. , #1864 ) ;
#311 = VECTOR ( 'NONE', #932, 1000.000000000000000 ) ;
#312 = DIRECTION ( 'NONE',  ( -0.0000000000000000000, 1.000000000000000000, -0.0000000000000000000 ) ) ;
#313 = LINE ( 'NONE', #718, #908 ) ;
#314 = EDGE_CURVE ( 'NONE', #689, #887, #181, .T. ) ;
#315 = CARTESIAN_POINT ( 'NONE',  ( 0.9949999999999999956, 0.0000000000000000000, -0.1500000000000004663 ) ) ;
#316 = UNCERTAINTY_MEASURE_WITH_UNIT (LENGTH_MEASURE( 1.000000000000000082E-05 ), #212, 'distance_accuracy_value', 'NONE');
#317 = VERTEX_POINT ( 'NONE', #1110 ) ;
#318 = CARTESIAN_POINT ( 'NONE',  ( -0.9949999999999999956, -12.69999999999999929, -0.1500000000000022149 ) ) ;
#319 = MECHANICAL_DESIGN_GEOMETRIC_PRESENTATION_REPRESENTATION (  '', ( #396 ), #1048 ) ;
#320 = DIRECTION ( 'NONE',  ( 0.0000000000000000000, -0.0000000000000000000, -1.000000000000000000 ) ) ;
#321 = ORIENTED_EDGE ( 'NONE', *, *, #2083, .F. ) ;
#322 = SHAPE_DEFINITION_REPRESENTATION ( #193, #130 ) ;
#323 = AXIS2_PLACEMENT_3D ( 'NONE', #1963, #1786, #1111 ) ;
#324 = ORIENTED_EDGE ( 'NONE', *, *, #970, .T. ) ;
#325 = CARTESIAN_POINT ( 'NONE',  ( 1.545000000000000151, -2.009999999999999787, 0.2799999999999995826 ) ) ;
#326 = ORIENTED_EDGE ( 'NONE', *, *, #28, .T. ) ;
#327 = DIRECTION ( 'NONE',  ( -0.0000000000000000000, 1.000000000000000000, -0.0000000000000000000 ) ) ;
#328 = PRESENTATION_STYLE_ASSIGNMENT (( #1400 ) ) ;
#329 = CARTESIAN_POINT ( 'NONE',  ( 0.3510000000000002562, -2.010000000000000231, 0.2799999999999961409 ) ) ;
#330 = PRESENTATION_STYLE_ASSIGNMENT (( #765 ) ) ;
#331 = DIRECTION ( 'NONE',  ( -0.0000000000000000000, 1.000000000000000000, -0.0000000000000000000 ) ) ;
#332 = LINE ( 'NONE', #1880, #789 ) ;
#333 =( NAMED_UNIT ( * ) PLANE_ANGLE_UNIT ( ) SI_UNIT ( $, .RADIAN. ) );
#334 = DIRECTION ( 'NONE',  ( -1.000000000000000000, 0.0000000000000000000, -1.971276677246371519E-16 ) ) ;
#335 = LINE ( 'NONE', #684, #2123 ) ;
#336 = MECHANICAL_DESIGN_GEOMETRIC_PRESENTATION_REPRESENTATION (  '', ( #1418 ), #1507 ) ;
#337 = PRODUCT ( 'TL431ACLPR', 'TL431ACLPR', '', ( #1985 ) ) ;
#338 = SURFACE_STYLE_FILL_AREA ( #1137 ) ;
#339 = CARTESIAN_POINT ( 'NONE',  ( -0.9189999999999984848, -2.010000000000000231, -0.1500000000000023537 ) ) ;
#340 = AXIS2_PLACEMENT_3D ( 'NONE', #969, #451, #1142 ) ;
#341 = VECTOR ( 'NONE', #252, 1000.000000000000000 ) ;
#342 = DIRECTION ( 'NONE',  ( 0.0000000000000000000, -1.000000000000000000, 0.0000000000000000000 ) ) ;
#343 = CARTESIAN_POINT ( 'NONE',  ( -0.3509999999999999232, -2.010000000000000231, -1.017700409127488159 ) ) ;
#344 = EDGE_CURVE ( 'NONE', #1530, #1272, #1840, .T. ) ;
#345 = DIRECTION ( 'NONE',  ( 1.000000000000000000, -0.0000000000000000000, -1.675585175659415692E-15 ) ) ;
#346 = EDGE_LOOP ( 'NONE', ( #2218, #1628, #294, #2129, #1996, #1876, #1773, #973, #1045, #1771, #1692, #2155 ) ) ;
#347 = FILL_AREA_STYLE ('',( #2063 ) ) ;
#348 = ORIENTED_EDGE ( 'NONE', *, *, #393, .T. ) ;
#349 =( GEOMETRIC_REPRESENTATION_CONTEXT ( 3 ) GLOBAL_UNCERTAINTY_ASSIGNED_CONTEXT ( ( #1194 ) ) GLOBAL_UNIT_ASSIGNED_CONTEXT ( ( #29, #1058, #1564 ) ) REPRESENTATION_CONTEXT ( 'NONE', 'WORKASPACE' ) );
#350 = LINE ( 'NONE', #1459, #192 ) ;
#351 = VERTEX_POINT ( 'NONE', #2149 ) ;
#352 = DIRECTION ( 'NONE',  ( -1.445602896647339410E-16, 0.0000000000000000000, -1.000000000000000000 ) ) ;
#353 = ORIENTED_EDGE ( 'NONE', *, *, #359, .T. ) ;
#354 = SURFACE_STYLE_FILL_AREA ( #891 ) ;
#355 = DIRECTION ( 'NONE',  ( 0.0000000000000000000, 0.0000000000000000000, -1.000000000000000000 ) ) ;
#356 = DIRECTION ( 'NONE',  ( -1.000000000000000000, -0.0000000000000000000, 0.0000000000000000000 ) ) ;
#357 = CARTESIAN_POINT ( 'NONE',  ( 0.2750000000000000777, 0.0000000000000000000, 0.2799999999999996381 ) ) ;
#358 = VECTOR ( 'NONE', #2204, 1000.000000000000000 ) ;
#359 = EDGE_CURVE ( 'NONE', #1393, #165, #1791, .T. ) ;
#360 = SURFACE_STYLE_FILL_AREA ( #309 ) ;
#361 = DIRECTION ( 'NONE',  ( 1.000000000000000000, -0.0000000000000000000, 9.856383386231856362E-17 ) ) ;
#362 = EDGE_CURVE ( 'NONE', #1241, #675, #988, .T. ) ;
#363 = ADVANCED_FACE ( 'NONE', ( #241 ), #1816, .F. ) ;
#364 = LINE ( 'NONE', #1540, #1867 ) ;
#365 = ADVANCED_FACE ( 'NONE', ( #1656 ), #2196, .F. ) ;
#366 = DIRECTION ( 'NONE',  ( -0.0000000000000000000, 0.0000000000000000000, 1.000000000000000000 ) ) ;
#367 = STYLED_ITEM ( 'NONE', ( #925 ), #1645 ) ;
#368 =( NAMED_UNIT ( * ) SI_UNIT ( $, .STERADIAN. ) SOLID_ANGLE_UNIT ( ) );
#369 = LINE ( 'NONE', #376, #1735 ) ;
#370 = DIRECTION ( 'NONE',  ( -1.000000000000000000, 0.0000000000000000000, -0.0000000000000000000 ) ) ;
#371 = EDGE_LOOP ( 'NONE', ( #1603, #1264, #1312, #650 ) ) ;
#372 = CARTESIAN_POINT ( 'NONE',  ( 0.9949999999999999956, -12.69999999999999929, 0.2799999999999995270 ) ) ;
#373 = VERTEX_POINT ( 'NONE', #1314 ) ;
#374 = SURFACE_SIDE_STYLE ('',( #354 ) ) ;
#375 = ORIENTED_EDGE ( 'NONE', *, *, #547, .F. ) ;
#376 = CARTESIAN_POINT ( 'NONE',  ( 0.2750000000000000777, -12.69999999999999929, 0.2799999999999996381 ) ) ;
#377 = ORIENTED_EDGE ( 'NONE', *, *, #661, .T. ) ;
#378 = CARTESIAN_POINT ( 'NONE',  ( -0.9189999999999999281, -1.500000000000000000, -0.1500000000000023537 ) ) ;
#379 = ORIENTED_EDGE ( 'NONE', *, *, #237, .F. ) ;
#380 = DIRECTION ( 'NONE',  ( 1.000000000000000000, 0.0000000000000000000, -1.675585175659415692E-15 ) ) ;
#381 =( GEOMETRIC_REPRESENTATION_CONTEXT ( 3 ) GLOBAL_UNCERTAINTY_ASSIGNED_CONTEXT ( ( #219 ) ) GLOBAL_UNIT_ASSIGNED_CONTEXT ( ( #1096, #1417, #907 ) ) REPRESENTATION_CONTEXT ( 'NONE', 'WORKASPACE' ) );
#382 = EDGE_LOOP ( 'NONE', ( #2021, #1765, #2085, #1492 ) ) ;
#383 = PLANE ( 'NONE',  #1508 ) ;
#384 = FACE_OUTER_BOUND ( 'NONE', #126, .T. ) ;
#385 =( GEOMETRIC_REPRESENTATION_CONTEXT ( 3 ) GLOBAL_UNCERTAINTY_ASSIGNED_CONTEXT ( ( #1521 ) ) GLOBAL_UNIT_ASSIGNED_CONTEXT ( ( #452, #2005, #1126 ) ) REPRESENTATION_CONTEXT ( 'NONE', 'WORKASPACE' ) );
#386 = DIRECTION ( 'NONE',  ( -1.000000000000000000, 0.0000000000000000000, 0.0000000000000000000 ) ) ;
#387 = PRESENTATION_STYLE_ASSIGNMENT (( #43 ) ) ;
#388 =( NAMED_UNIT ( * ) SI_UNIT ( $, .STERADIAN. ) SOLID_ANGLE_UNIT ( ) );
#389 = CARTESIAN_POINT ( 'NONE',  ( -2.067317101946384739, 0.0000000000000000000, 1.585000000000000187 ) ) ;
#390 = FACE_OUTER_BOUND ( 'NONE', #1213, .T. ) ;
#391 = SURFACE_SIDE_STYLE ('',( #602 ) ) ;
#392 = FACE_OUTER_BOUND ( 'NONE', #1339, .T. ) ;
#393 = EDGE_CURVE ( 'NONE', #1465, #1435, #180, .T. ) ;
#394 = DIRECTION ( 'NONE',  ( 0.0000000000000000000, -0.0000000000000000000, -1.000000000000000000 ) ) ;
#395 = DIRECTION ( 'NONE',  ( -0.0000000000000000000, -1.000000000000000000, -0.0000000000000000000 ) ) ;
#396 = STYLED_ITEM ( 'NONE', ( #1384 ), #302 ) ;
#397 =( GEOMETRIC_REPRESENTATION_CONTEXT ( 3 ) GLOBAL_UNCERTAINTY_ASSIGNED_CONTEXT ( ( #1218 ) ) GLOBAL_UNIT_ASSIGNED_CONTEXT ( ( #76, #1770, #240 ) ) REPRESENTATION_CONTEXT ( 'NONE', 'WORKASPACE' ) );
#398 = ORIENTED_EDGE ( 'NONE', *, *, #1893, .T. ) ;
#399 = ORIENTED_EDGE ( 'NONE', *, *, #2004, .T. ) ;
#400 = DIRECTION ( 'NONE',  ( -1.000000000000000000, 0.0000000000000000000, 0.0000000000000000000 ) ) ;
#401 = VERTEX_POINT ( 'NONE', #2191 ) ;
#402 = DIRECTION ( 'NONE',  ( -0.0000000000000000000, 1.000000000000000000, -0.0000000000000000000 ) ) ;
#403 = EDGE_CURVE ( 'NONE', #717, #1155, #140, .T. ) ;
#404 = CARTESIAN_POINT ( 'NONE',  ( 1.621000000000000218, -2.010000000000000231, 0.2799999999999961409 ) ) ;
#405 = ORIENTED_EDGE ( 'NONE', *, *, #1554, .T. ) ;
#406 = VERTEX_POINT ( 'NONE', #290 ) ;
#407 = MECHANICAL_DESIGN_GEOMETRIC_PRESENTATION_REPRESENTATION (  '', ( #1158 ), #1449 ) ;
#408 = VERTEX_POINT ( 'NONE', #1829 ) ;
#409 = CYLINDRICAL_SURFACE ( 'NONE', #1807, 2.604999999999999982 ) ;
#410 = AXIS2_PLACEMENT_3D ( 'NONE', #1386, #1758, #874 ) ;
#411 = CARTESIAN_POINT ( 'NONE',  ( 0.6677546703320905719, 2.277028673397017755, -2.521877634104609633 ) ) ;
#412 =( LENGTH_UNIT ( ) NAMED_UNIT ( * ) SI_UNIT ( .MILLI., .METRE. ) );
#413 = AXIS2_PLACEMENT_3D ( 'NONE', #1648, #2195, #2170 ) ;
#414 = CARTESIAN_POINT ( 'NONE',  ( 0.0000000000000000000, 5.339999999999999858, 0.0000000000000000000 ) ) ;
#415 = PRESENTATION_STYLE_ASSIGNMENT (( #1967 ) ) ;
#416 = APPLICATION_CONTEXT ( 'automotive_design' ) ;
#417 = UNCERTAINTY_MEASURE_WITH_UNIT (LENGTH_MEASURE( 1.000000000000000082E-05 ), #1269, 'distance_accuracy_value', 'NONE');
#418 = PLANE ( 'NONE',  #763 ) ;
#419 = EDGE_CURVE ( 'NONE', #75, #296, #2234, .T. ) ;
#420 = COLOUR_RGB ( '',1.000000000000000000, 1.000000000000000000, 1.000000000000000000 ) ;
#421 = STYLED_ITEM ( 'NONE', ( #2032 ), #1130 ) ;
#422 = LINE ( 'NONE', #233, #1682 ) ;
#423 =( NAMED_UNIT ( * ) SI_UNIT ( $, .STERADIAN. ) SOLID_ANGLE_UNIT ( ) );
#424 = DIRECTION ( 'NONE',  ( 1.000000000000000000, -0.0000000000000000000, 9.856383386231856362E-17 ) ) ;
#425 = ORIENTED_EDGE ( 'NONE', *, *, #626, .T. ) ;
#426 = SURFACE_STYLE_USAGE ( .BOTH. , #82 ) ;
#427 = ORIENTED_EDGE ( 'NONE', *, *, #474, .T. ) ;
#428 =( NAMED_UNIT ( * ) SI_UNIT ( $, .STERADIAN. ) SOLID_ANGLE_UNIT ( ) );
#429 = FILL_AREA_STYLE_COLOUR ( '', #2031 ) ;
#430 = EDGE_LOOP ( 'NONE', ( #248, #1013, #536, #1659 ) ) ;
#431 =( NAMED_UNIT ( * ) PLANE_ANGLE_UNIT ( ) SI_UNIT ( $, .RADIAN. ) );
#432 = EDGE_CURVE ( 'NONE', #542, #825, #843, .T. ) ;
#433 = ORIENTED_EDGE ( 'NONE', *, *, #1361, .T. ) ;
#434 = CARTESIAN_POINT ( 'NONE',  ( -0.2749999999999999112, -1.499999999999999556, -0.1500000000000004940 ) ) ;
#435 = LINE ( 'NONE', #73, #747 ) ;
#436 = SURFACE_SIDE_STYLE ('',( #2205 ) ) ;
#437 = MECHANICAL_DESIGN_GEOMETRIC_PRESENTATION_REPRESENTATION (  '', ( #633 ), #1177 ) ;
#438 = DIRECTION ( 'NONE',  ( 1.000000000000000000, -0.0000000000000000000, -0.0000000000000000000 ) ) ;
#439 = FILL_AREA_STYLE_COLOUR ( '', #777 ) ;
#440 = ADVANCED_FACE ( 'NONE', ( #2067 ), #814, .T. ) ;
#441 = CARTESIAN_POINT ( 'NONE',  ( 0.9949999999999999956, -12.69999999999999929, 0.2799999999999995270 ) ) ;
#442 = MECHANICAL_DESIGN_GEOMETRIC_PRESENTATION_REPRESENTATION (  '', ( #293 ), #1743 ) ;
#443 = CARTESIAN_POINT ( 'NONE',  ( -0.2749999999999999112, -12.69999999999999929, -0.1500000000000004940 ) ) ;
#444 = VECTOR ( 'NONE', #400, 1000.000000000000000 ) ;
#445 = DIRECTION ( 'NONE',  ( -1.000000000000000000, 0.0000000000000000000, -0.0000000000000000000 ) ) ;
#446 = PRESENTATION_STYLE_ASSIGNMENT (( #929 ) ) ;
#447 = DIRECTION ( 'NONE',  ( 0.0000000000000000000, 0.0000000000000000000, -1.000000000000000000 ) ) ;
#448 = CARTESIAN_POINT ( 'NONE',  ( -1.545000000000000151, -12.69999999999999929, -0.1500000000000012990 ) ) ;
#449 = UNCERTAINTY_MEASURE_WITH_UNIT (LENGTH_MEASURE( 1.000000000000000082E-05 ), #538, 'distance_accuracy_value', 'NONE');
#450 = VECTOR ( 'NONE', #327, 1000.000000000000000 ) ;
#451 = DIRECTION ( 'NONE',  ( -1.000000000000000000, 0.0000000000000000000, -1.260700200564539598E-16 ) ) ;
#452 =( LENGTH_UNIT ( ) NAMED_UNIT ( * ) SI_UNIT ( .MILLI., .METRE. ) );
#453 = PRESENTATION_STYLE_ASSIGNMENT (( #1745 ) ) ;
#454 = DIRECTION ( 'NONE',  ( -1.000000000000000000, 0.0000000000000000000, -9.856383386231856362E-17 ) ) ;
#455 = PRESENTATION_STYLE_ASSIGNMENT (( #768 ) ) ;
#456 = AXIS2_PLACEMENT_3D ( 'NONE', #2118, #1782, #64 ) ;
#457 = EDGE_LOOP ( 'NONE', ( #1666, #379, #2075, #2071 ) ) ;
#458 = DIRECTION ( 'NONE',  ( 0.0000000000000000000, 0.0000000000000000000, -1.000000000000000000 ) ) ;
#459 = CARTESIAN_POINT ( 'NONE',  ( 1.621000000000000218, -2.010000000000000231, -0.1500000000000065725 ) ) ;
#460 = DIRECTION ( 'NONE',  ( -1.260700200564539598E-16, -0.0000000000000000000, 1.000000000000000000 ) ) ;
#461 = ORIENTED_EDGE ( 'NONE', *, *, #1851, .T. ) ;
#462 = EDGE_LOOP ( 'NONE', ( #1852, #647, #185, #1901 ) ) ;
#463 = LINE ( 'NONE', #1084, #805 ) ;
#464 = EDGE_CURVE ( 'NONE', #887, #1855, #1032, .T. ) ;
#465 = EDGE_LOOP ( 'NONE', ( #1068, #2200, #62, #253 ) ) ;
#466 = ADVANCED_FACE ( 'NONE', ( #1788 ), #1675, .T. ) ;
#467 =( NAMED_UNIT ( * ) PLANE_ANGLE_UNIT ( ) SI_UNIT ( $, .RADIAN. ) );
#468 = SURFACE_SIDE_STYLE ('',( #1219 ) ) ;
#469 = LINE ( 'NONE', #1258, #444 ) ;
#470 = VECTOR ( 'NONE', #838, 1000.000000000000000 ) ;
#471 = PRESENTATION_LAYER_ASSIGNMENT (  '', '', ( #1887 ) ) ;
#472 = CARTESIAN_POINT ( 'NONE',  ( -1.545000000000000151, -12.69999999999999929, 0.2799999999999987499 ) ) ;
#473 =( LENGTH_UNIT ( ) NAMED_UNIT ( * ) SI_UNIT ( .MILLI., .METRE. ) );
#474 = EDGE_CURVE ( 'NONE', #825, #2199, #364, .T. ) ;
#475 = PRESENTATION_STYLE_ASSIGNMENT (( #1481 ) ) ;
#476 = CARTESIAN_POINT ( 'NONE',  ( -0.2750000000000000222, -2.010000000000000231, 0.2799999999999961409 ) ) ;
#477 = COLOUR_RGB ( '',1.000000000000000000, 1.000000000000000000, 1.000000000000000000 ) ;
#478 = SURFACE_SIDE_STYLE ('',( #338 ) ) ;
#479 = EDGE_CURVE ( 'NONE', #1665, #1855, #1416, .T. ) ;
#480 = VERTEX_POINT ( 'NONE', #1149 ) ;
#481 = VERTEX_POINT ( 'NONE', #507 ) ;
#482 = CARTESIAN_POINT ( 'NONE',  ( -1.545000000000000151, -12.69999999999999929, -0.1500000000000012990 ) ) ;
#483 =( GEOMETRIC_REPRESENTATION_CONTEXT ( 3 ) GLOBAL_UNCERTAINTY_ASSIGNED_CONTEXT ( ( #813 ) ) GLOBAL_UNIT_ASSIGNED_CONTEXT ( ( #1160, #1526, #1691 ) ) REPRESENTATION_CONTEXT ( 'NONE', 'WORKASPACE' ) );
#484 = ORIENTED_EDGE ( 'NONE', *, *, #359, .F. ) ;
#485 = ADVANCED_FACE ( 'NONE', ( #963 ), #1517, .T. ) ;
#486 = UNCERTAINTY_MEASURE_WITH_UNIT (LENGTH_MEASURE( 1.000000000000000082E-05 ), #893, 'distance_accuracy_value', 'NONE');
#487 = CARTESIAN_POINT ( 'NONE',  ( 0.3779704123067070265, 3.325117828619319038, -2.579030877704141300 ) ) ;
#488 = VERTEX_POINT ( 'NONE', #1869 ) ;
#489 = FILL_AREA_STYLE ('',( #1849 ) ) ;
#490 = ORIENTED_EDGE ( 'NONE', *, *, #516, .T. ) ;
#491 = DIRECTION ( 'NONE',  ( 1.000000000000000000, 0.0000000000000000000, 0.0000000000000000000 ) ) ;
#492 =( NAMED_UNIT ( * ) PLANE_ANGLE_UNIT ( ) SI_UNIT ( $, .RADIAN. ) );
#493 = CARTESIAN_POINT ( 'NONE',  ( 0.7301717208239771884, 2.867492918733482554, -2.500881489829742677 ) ) ;
#494 = VECTOR ( 'NONE', #2068, 1000.000000000000000 ) ;
#495 = DIRECTION ( 'NONE',  ( -0.0000000000000000000, -1.000000000000000000, -0.0000000000000000000 ) ) ;
#496 = VECTOR ( 'NONE', #2136, 1000.000000000000000 ) ;
#497 = CARTESIAN_POINT ( 'NONE',  ( -0.9949999999999999956, -12.69999999999999929, 0.2799999999999978062 ) ) ;
#498 = COLOUR_RGB ( '',1.000000000000000000, 1.000000000000000000, 1.000000000000000000 ) ;
#499 = DIRECTION ( 'NONE',  ( -0.0000000000000000000, 0.0000000000000000000, 1.000000000000000000 ) ) ;
#500 = PRESENTATION_STYLE_ASSIGNMENT (( #310 ) ) ;
#501 = CARTESIAN_POINT ( 'NONE',  ( 0.2750000000000001332, -1.500000000000000000, -0.1500000000000042688 ) ) ;
#502 = EDGE_CURVE ( 'NONE', #2220, #317, #1651, .T. ) ;
#503 = SURFACE_STYLE_USAGE ( .BOTH. , #1186 ) ;
#504 = FACE_OUTER_BOUND ( 'NONE', #1509, .T. ) ;
#505 = ORIENTED_EDGE ( 'NONE', *, *, #208, .F. ) ;
#506 = ORIENTED_EDGE ( 'NONE', *, *, #1968, .T. ) ;
#507 = CARTESIAN_POINT ( 'NONE',  ( 0.9949999999999999956, -12.69999999999999929, 0.2799999999999995270 ) ) ;
#508 =( GEOMETRIC_REPRESENTATION_CONTEXT ( 3 ) GLOBAL_UNCERTAINTY_ASSIGNED_CONTEXT ( ( #957 ) ) GLOBAL_UNIT_ASSIGNED_CONTEXT ( ( #2201, #467, #1159 ) ) REPRESENTATION_CONTEXT ( 'NONE', 'WORKASPACE' ) );
#509 = ORIENTED_EDGE ( 'NONE', *, *, #1554, .F. ) ;
#510 = DIRECTION ( 'NONE',  ( -0.0000000000000000000, -0.0000000000000000000, 1.000000000000000000 ) ) ;
#511 = UNCERTAINTY_MEASURE_WITH_UNIT (LENGTH_MEASURE( 1.000000000000000082E-05 ), #2114, 'distance_accuracy_value', 'NONE');
#512 = VERTEX_POINT ( 'NONE', #994 ) ;
#513 = SURFACE_SIDE_STYLE ('',( #2036 ) ) ;
#514 = LINE ( 'NONE', #2091, #1324 ) ;
#515 = DIRECTION ( 'NONE',  ( -1.000000000000000000, 0.0000000000000000000, 0.0000000000000000000 ) ) ;
#516 = EDGE_CURVE ( 'NONE', #481, #512, #2065, .T. ) ;
#517 = PRESENTATION_STYLE_ASSIGNMENT (( #871 ) ) ;
#518 = CARTESIAN_POINT ( 'NONE',  ( -1.545000000000000151, -1.499999999999999556, -0.1500000000000012990 ) ) ;
#519 = EDGE_CURVE ( 'NONE', #317, #560, #1200, .T. ) ;
#520 = VECTOR ( 'NONE', #1255, 1000.000000000000000 ) ;
#521 = DIRECTION ( 'NONE',  ( 0.0000000000000000000, 0.0000000000000000000, -1.000000000000000000 ) ) ;
#522 = CARTESIAN_POINT ( 'NONE',  ( -0.6550603369679760535, 2.291881263101913646, -2.521594330133958284 ) ) ;
#523 = VECTOR ( 'NONE', #1223, 1000.000000000000000 ) ;
#524 = PRESENTATION_LAYER_ASSIGNMENT (  '', '', ( #150 ) ) ;
#525 = CARTESIAN_POINT ( 'NONE',  ( -1.545000000000000151, -2.010000000000000231, 0.2799999999999961409 ) ) ;
#526 = PRESENTATION_LAYER_ASSIGNMENT (  '', '', ( #1902 ) ) ;
#527 = CARTESIAN_POINT ( 'NONE',  ( -0.9189999999999999281, -2.010000000000000231, -1.017700409127488159 ) ) ;
#528 = LINE ( 'NONE', #749, #341 ) ;
#529 = CARTESIAN_POINT ( 'NONE',  ( 2.067317101946385627, 0.0000000000000000000, 1.584999999999999742 ) ) ;
#530 = CARTESIAN_POINT ( 'NONE',  ( -0.4614552774350881292, 3.269296919554997682, -2.564777577949067133 ) ) ;
#531 = ORIENTED_EDGE ( 'NONE', *, *, #28, .F. ) ;
#532 = ORIENTED_EDGE ( 'NONE', *, *, #519, .T. ) ;
#533 = PRESENTATION_LAYER_ASSIGNMENT (  '', '', ( #1602 ) ) ;
#534 = FILL_AREA_STYLE ('',( #1380 ) ) ;
#535 = SURFACE_SIDE_STYLE ('',( #131 ) ) ;
#536 = ORIENTED_EDGE ( 'NONE', *, *, #1333, .T. ) ;
#537 = AXIS2_PLACEMENT_3D ( 'NONE', #79, #752, #1938 ) ;
#538 =( LENGTH_UNIT ( ) NAMED_UNIT ( * ) SI_UNIT ( .MILLI., .METRE. ) );
#539 = ORIENTED_EDGE ( 'NONE', *, *, #1921, .T. ) ;
#540 = MECHANICAL_DESIGN_GEOMETRIC_PRESENTATION_REPRESENTATION (  '', ( #1341 ), #657 ) ;
#541 = CARTESIAN_POINT ( 'NONE',  ( 0.3510000000000002562, -2.010000000000000231, -0.1500000000000044076 ) ) ;
#542 = VERTEX_POINT ( 'NONE', #826 ) ;
#543 =( NAMED_UNIT ( * ) PLANE_ANGLE_UNIT ( ) SI_UNIT ( $, .RADIAN. ) );
#544 = FILL_AREA_STYLE_COLOUR ( '', #1570 ) ;
#545 = LINE ( 'NONE', #24, #607 ) ;
#546 = DIRECTION ( 'NONE',  ( -1.260700200564539598E-16, 0.0000000000000000000, 1.000000000000000000 ) ) ;
#547 = EDGE_CURVE ( 'NONE', #1073, #1298, #1595, .T. ) ;
#548 = FILL_AREA_STYLE_COLOUR ( '', #559 ) ;
#549 = VECTOR ( 'NONE', #850, 1000.000000000000000 ) ;
#550 = COLOUR_RGB ( '',1.000000000000000000, 1.000000000000000000, 1.000000000000000000 ) ;
#551 = FILL_AREA_STYLE ('',( #1552 ) ) ;
#552 = LINE ( 'NONE', #1035, #792 ) ;
#553 = PLANE ( 'NONE',  #1162 ) ;
#554 = VECTOR ( 'NONE', #844, 1000.000000000000000 ) ;
#555 = UNCERTAINTY_MEASURE_WITH_UNIT (LENGTH_MEASURE( 1.000000000000000082E-05 ), #769, 'distance_accuracy_value', 'NONE');
#556 = STYLED_ITEM ( 'NONE', ( #330 ), #1663 ) ;
#557 =( NAMED_UNIT ( * ) SI_UNIT ( $, .STERADIAN. ) SOLID_ANGLE_UNIT ( ) );
#558 =( NAMED_UNIT ( * ) PLANE_ANGLE_UNIT ( ) SI_UNIT ( $, .RADIAN. ) );
#559 = COLOUR_RGB ( '',1.000000000000000000, 1.000000000000000000, 1.000000000000000000 ) ;
#560 = VERTEX_POINT ( 'NONE', #1875 ) ;
#561 = EDGE_LOOP ( 'NONE', ( #995, #1636, #2216, #1458 ) ) ;
#562 = SURFACE_SIDE_STYLE ('',( #85 ) ) ;
#563 = FILL_AREA_STYLE_COLOUR ( '', #1046 ) ;
#564 = CARTESIAN_POINT ( 'NONE',  ( -1.545000000000000151, -12.69999999999999929, 0.2799999999999987499 ) ) ;
#565 = CARTESIAN_POINT ( 'NONE',  ( -0.9189999999999999281, -2.010000000000000231, 0.2799999999999961409 ) ) ;
#566 = ORIENTED_EDGE ( 'NONE', *, *, #590, .F. ) ;
#567 = FILL_AREA_STYLE ('',( #221 ) ) ;
#568 = MECHANICAL_DESIGN_GEOMETRIC_PRESENTATION_REPRESENTATION (  '', ( #2 ), #230 ) ;
#569 = ORIENTED_EDGE ( 'NONE', *, *, #1270, .T. ) ;
#570 = FILL_AREA_STYLE_COLOUR ( '', #634 ) ;
#571 = DIRECTION ( 'NONE',  ( 0.0000000000000000000, -1.000000000000000000, 0.0000000000000000000 ) ) ;
#572 = LINE ( 'NONE', #895, #78 ) ;
#573 = CARTESIAN_POINT ( 'NONE',  ( -1.545000000000000151, -12.69999999999999929, 0.2799999999999987499 ) ) ;
#574 = SURFACE_STYLE_FILL_AREA ( #2128 ) ;
#575 = PRESENTATION_STYLE_ASSIGNMENT (( #1637 ) ) ;
#576 = EDGE_CURVE ( 'NONE', #852, #560, #905, .T. ) ;
#577 = DIRECTION ( 'NONE',  ( -1.000000000000000000, 0.0000000000000000000, 1.675585175659415692E-15 ) ) ;
#578 = FILL_AREA_STYLE ('',( #1431 ) ) ;
#579 = PRESENTATION_LAYER_ASSIGNMENT (  '', '', ( #396 ) ) ;
#580 = PLANE ( 'NONE',  #456 ) ;
#581 = MANIFOLD_SOLID_BREP ( 'Boss-Extrude3', #1560 ) ;
#582 = FACE_OUTER_BOUND ( 'NONE', #457, .T. ) ;
#583 = CARTESIAN_POINT ( 'NONE',  ( 0.3926515041610583179, 2.002057218346897649, -2.579067253374259572 ) ) ;
#584 = STYLED_ITEM ( 'NONE', ( #695 ), #2010 ) ;
#585 =( NAMED_UNIT ( * ) PLANE_ANGLE_UNIT ( ) SI_UNIT ( $, .RADIAN. ) );
#586 = VECTOR ( 'NONE', #1412, 1000.000000000000000 ) ;
#587 = FILL_AREA_STYLE_COLOUR ( '', #863 ) ;
#588 = ORIENTED_EDGE ( 'NONE', *, *, #1619, .F. ) ;
#589 = VERTEX_POINT ( 'NONE', #1705 ) ;
#590 = EDGE_CURVE ( 'NONE', #1454, #856, #1762, .T. ) ;
#591 = PLANE ( 'NONE',  #1575 ) ;
#592 = ORIENTED_EDGE ( 'NONE', *, *, #419, .F. ) ;
#593 = DIRECTION ( 'NONE',  ( 0.0000000000000000000, 1.000000000000000000, -0.0000000000000000000 ) ) ;
#594 = SURFACE_STYLE_FILL_AREA ( #782 ) ;
#595 = FILL_AREA_STYLE_COLOUR ( '', #550 ) ;
#596 = EDGE_LOOP ( 'NONE', ( #276, #643, #600, #1389 ) ) ;
#597 = EDGE_CURVE ( 'NONE', #408, #878, #1354, .T. ) ;
#598 = SURFACE_STYLE_FILL_AREA ( #628 ) ;
#599 = DIRECTION ( 'NONE',  ( 1.260700200564539598E-16, 0.0000000000000000000, -1.000000000000000000 ) ) ;
#600 = ORIENTED_EDGE ( 'NONE', *, *, #2035, .F. ) ;
#601 = PRODUCT_CONTEXT ( 'NONE', #1646, 'mechanical' ) ;
#602 = SURFACE_STYLE_FILL_AREA ( #1079 ) ;
#603 = SURFACE_SIDE_STYLE ('',( #360 ) ) ;
#604 = PRESENTATION_LAYER_ASSIGNMENT (  '', '', ( #2146 ) ) ;
#605 = DIRECTION ( 'NONE',  ( 0.0000000000000000000, 0.0000000000000000000, 1.000000000000000000 ) ) ;
#606 = COLOUR_RGB ( '',1.000000000000000000, 1.000000000000000000, 1.000000000000000000 ) ;
#607 = VECTOR ( 'NONE', #1414, 1000.000000000000000 ) ;
#608 = PRODUCT_RELATED_PRODUCT_CATEGORY ( 'part', '', ( #337 ) ) ;
#609 =( NAMED_UNIT ( * ) PLANE_ANGLE_UNIT ( ) SI_UNIT ( $, .RADIAN. ) );
#610 = DIRECTION ( 'NONE',  ( -0.0000000000000000000, -0.0000000000000000000, 1.000000000000000000 ) ) ;
#611 = SURFACE_STYLE_FILL_AREA ( #567 ) ;
#612 = DIRECTION ( 'NONE',  ( 1.000000000000000000, 0.0000000000000000000, 1.260700200564539845E-16 ) ) ;
#613 = VECTOR ( 'NONE', #1201, 1000.000000000000000 ) ;
#614 = ADVANCED_FACE ( 'NONE', ( #841 ), #553, .F. ) ;
#615 = CARTESIAN_POINT ( 'NONE',  ( 2.168404344971009361E-16, 2.670000000000000817, -7.339999999999999858 ) ) ;
#616 = CARTESIAN_POINT ( 'NONE',  ( 0.2750000000000001332, 0.0000000000000000000, -0.1500000000000004663 ) ) ;
#617 = UNCERTAINTY_MEASURE_WITH_UNIT (LENGTH_MEASURE( 1.000000000000000082E-05 ), #1653, 'distance_accuracy_value', 'NONE');
#618 = MECHANICAL_DESIGN_GEOMETRIC_PRESENTATION_REPRESENTATION (  '', ( #961 ), #1305 ) ;
#619 = LINE ( 'NONE', #239, #967 ) ;
#620 = ORIENTED_EDGE ( 'NONE', *, *, #626, .F. ) ;
#621 = ORIENTED_EDGE ( 'NONE', *, *, #2144, .F. ) ;
#622 = CARTESIAN_POINT ( 'NONE',  ( 0.3510000000000002562, -2.010000000000000231, -1.017700409127488159 ) ) ;
#623 = FILL_AREA_STYLE_COLOUR ( '', #420 ) ;
#624 =( NAMED_UNIT ( * ) SI_UNIT ( $, .STERADIAN. ) SOLID_ANGLE_UNIT ( ) );
#625 = ORIENTED_EDGE ( 'NONE', *, *, #1327, .T. ) ;
#626 = EDGE_CURVE ( 'NONE', #351, #2221, #335, .T. ) ;
#627 = EDGE_LOOP ( 'NONE', ( #1928, #1708, #198, #1581 ) ) ;
#628 = FILL_AREA_STYLE ('',( #2190 ) ) ;
#629 = DIRECTION ( 'NONE',  ( 0.0000000000000000000, 0.0000000000000000000, 1.000000000000000000 ) ) ;
#630 = ORIENTED_EDGE ( 'NONE', *, *, #1494, .F. ) ;
#631 = LINE ( 'NONE', #1224, #280 ) ;
#632 = DIRECTION ( 'NONE',  ( 9.856383386231856362E-17, 0.0000000000000000000, -1.000000000000000000 ) ) ;
#633 = STYLED_ITEM ( 'NONE', ( #1891 ), #466 ) ;
#634 = COLOUR_RGB ( '',1.000000000000000000, 1.000000000000000000, 1.000000000000000000 ) ;
#635 = LINE ( 'NONE', #1328, #1248 ) ;
#636 = AXIS2_PLACEMENT_3D ( 'NONE', #909, #47, #1427 ) ;
#637 =( NAMED_UNIT ( * ) SI_UNIT ( $, .STERADIAN. ) SOLID_ANGLE_UNIT ( ) );
#638 = COLOUR_RGB ( '',1.000000000000000000, 1.000000000000000000, 1.000000000000000000 ) ;
#639 =( NAMED_UNIT ( * ) PLANE_ANGLE_UNIT ( ) SI_UNIT ( $, .RADIAN. ) );
#640 = EDGE_CURVE ( 'NONE', #1709, #1533, #1059, .T. ) ;
#641 = PLANE ( 'NONE',  #2133 ) ;
#642 = MECHANICAL_DESIGN_GEOMETRIC_PRESENTATION_REPRESENTATION (  '', ( #150 ), #483 ) ;
#643 = ORIENTED_EDGE ( 'NONE', *, *, #1769, .T. ) ;
#644 = AXIS2_PLACEMENT_3D ( 'NONE', #1306, #2179, #2187 ) ;
#645 = DIRECTION ( 'NONE',  ( 0.0000000000000000000, 1.000000000000000000, -0.0000000000000000000 ) ) ;
#646 = ORIENTED_EDGE ( 'NONE', *, *, #1893, .F. ) ;
#647 = ORIENTED_EDGE ( 'NONE', *, *, #1669, .T. ) ;
#648 = AXIS2_PLACEMENT_3D ( 'NONE', #217, #571, #394 ) ;
#649 = CARTESIAN_POINT ( 'NONE',  ( -0.2749999999999999667, -12.69999999999999929, 0.2799999999999995270 ) ) ;
#650 = ORIENTED_EDGE ( 'NONE', *, *, #1664, .T. ) ;
#651 = UNCERTAINTY_MEASURE_WITH_UNIT (LENGTH_MEASURE( 1.000000000000000082E-05 ), #158, 'distance_accuracy_value', 'NONE');
#652 = PRESENTATION_STYLE_ASSIGNMENT (( #1841 ) ) ;
#653 = SURFACE_SIDE_STYLE ('',( #77 ) ) ;
#654 = STYLED_ITEM ( 'NONE', ( #1438 ), #1156 ) ;
#655 = LINE ( 'NONE', #1101, #284 ) ;
#656 = ADVANCED_FACE ( 'NONE', ( #1677 ), #2097, .F. ) ;
#657 =( GEOMETRIC_REPRESENTATION_CONTEXT ( 3 ) GLOBAL_UNCERTAINTY_ASSIGNED_CONTEXT ( ( #285 ) ) GLOBAL_UNIT_ASSIGNED_CONTEXT ( ( #2157, #251, #1629 ) ) REPRESENTATION_CONTEXT ( 'NONE', 'WORKASPACE' ) );
#658 = PLANE ( 'NONE',  #1572 ) ;
#659 = VECTOR ( 'NONE', #402, 1000.000000000000000 ) ;
#660 = DIRECTION ( 'NONE',  ( 1.000000000000000000, -0.0000000000000000000, -1.675585175659415692E-15 ) ) ;
#661 = EDGE_CURVE ( 'NONE', #1768, #1215, #1475, .T. ) ;
#662 = VECTOR ( 'NONE', #1284, 1000.000000000000000 ) ;
#663 = CARTESIAN_POINT ( 'NONE',  ( 0.9950000000000002176, -2.010000000000000231, -0.1500000000000055178 ) ) ;
#664 = CARTESIAN_POINT ( 'NONE',  ( -0.9189999999999999281, -2.010000000000000231, -1.017700409127488159 ) ) ;
#665 = STYLED_ITEM ( 'NONE', ( #1549 ), #614 ) ;
#666 = ORIENTED_EDGE ( 'NONE', *, *, #1428, .F. ) ;
#667 = CARTESIAN_POINT ( 'NONE',  ( -0.3509999999999999232, -1.500000000000000000, 0.2799999999999961409 ) ) ;
#668 = MECHANICAL_DESIGN_GEOMETRIC_PRESENTATION_REPRESENTATION (  '', ( #556 ), #783 ) ;
#669 = FILL_AREA_STYLE ('',( #1012 ) ) ;
#670 = SURFACE_SIDE_STYLE ('',( #1519 ) ) ;
#671 = VERTEX_POINT ( 'NONE', #196 ) ;
#672 = DIRECTION ( 'NONE',  ( 0.0000000000000000000, 0.0000000000000000000, 1.000000000000000000 ) ) ;
#673 = ORIENTED_EDGE ( 'NONE', *, *, #697, .T. ) ;
#674 = CARTESIAN_POINT ( 'NONE',  ( -0.7499999999999998890, 2.670000000000000817, -2.494699380686979939 ) ) ;
#675 = VERTEX_POINT ( 'NONE', #2103 ) ;
#676 = CARTESIAN_POINT ( 'NONE',  ( -0.9189999999999999281, -2.010000000000000231, -0.1500000000000023537 ) ) ;
#677 = FACE_OUTER_BOUND ( 'NONE', #1358, .T. ) ;
#678 = UNCERTAINTY_MEASURE_WITH_UNIT (LENGTH_MEASURE( 1.000000000000000082E-05 ), #1736, 'distance_accuracy_value', 'NONE');
#679 = FACE_OUTER_BOUND ( 'NONE', #1315, .T. ) ;
#680 = VECTOR ( 'NONE', #1685, 1000.000000000000000 ) ;
#681 = LINE ( 'NONE', #1528, #2117 ) ;
#682 = DIRECTION ( 'NONE',  ( 0.0000000000000000000, 0.0000000000000000000, 1.000000000000000000 ) ) ;
#683 = MECHANICAL_DESIGN_GEOMETRIC_PRESENTATION_REPRESENTATION (  '', ( #654 ), #759 ) ;
#684 = CARTESIAN_POINT ( 'NONE',  ( 0.3510000000000016995, -2.010000000000000231, -0.1500000000000044076 ) ) ;
#685 = PRESENTATION_LAYER_ASSIGNMENT (  '', '', ( #2158 ) ) ;
#686 = DIRECTION ( 'NONE',  ( 0.0000000000000000000, 1.000000000000000000, -0.0000000000000000000 ) ) ;
#687 = PRESENTATION_LAYER_ASSIGNMENT (  '', '', ( #633 ) ) ;
#688 =( GEOMETRIC_REPRESENTATION_CONTEXT ( 3 ) GLOBAL_UNCERTAINTY_ASSIGNED_CONTEXT ( ( #678 ) ) GLOBAL_UNIT_ASSIGNED_CONTEXT ( ( #1736, #1940, #903 ) ) REPRESENTATION_CONTEXT ( 'NONE', 'WORKASPACE' ) );
#689 = VERTEX_POINT ( 'NONE', #529 ) ;
#690 = DIRECTION ( 'NONE',  ( -1.000000000000000000, 0.0000000000000000000, 1.445602896647339410E-16 ) ) ;
#691 = EDGE_LOOP ( 'NONE', ( #1690, #398, #625, #433, #1588, #539, #1748, #271, #405, #1766, #1206, #713 ) ) ;
#692 = FACE_OUTER_BOUND ( 'NONE', #767, .T. ) ;
#693 = CARTESIAN_POINT ( 'NONE',  ( -1.620999999999999996, -2.010000000000000231, -0.1500000000000011602 ) ) ;
#694 = ORIENTED_EDGE ( 'NONE', *, *, #190, .T. ) ;
#695 = PRESENTATION_STYLE_ASSIGNMENT (( #725 ) ) ;
#696 = SURFACE_SIDE_STYLE ('',( #132 ) ) ;
#697 = EDGE_CURVE ( 'NONE', #481, #1982, #1281, .T. ) ;
#698 =( NAMED_UNIT ( * ) PLANE_ANGLE_UNIT ( ) SI_UNIT ( $, .RADIAN. ) );
#699 = VECTOR ( 'NONE', #1600, 1000.000000000000000 ) ;
#700 = SURFACE_SIDE_STYLE ('',( #833 ) ) ;
#701 = MECHANICAL_DESIGN_GEOMETRIC_PRESENTATION_REPRESENTATION (  '', ( #1898 ), #1274 ) ;
#702 =( NAMED_UNIT ( * ) PLANE_ANGLE_UNIT ( ) SI_UNIT ( $, .RADIAN. ) );
#703 = PRESENTATION_LAYER_ASSIGNMENT (  '', '', ( #293 ) ) ;
#704 = PLANE ( 'NONE',  #173 ) ;
#705 = DIRECTION ( 'NONE',  ( 0.0000000000000000000, 0.0000000000000000000, 1.000000000000000000 ) ) ;
#706 = VECTOR ( 'NONE', #89, 1000.000000000000000 ) ;
#707 = PLANE ( 'NONE',  #537 ) ;
#708 = PLANE ( 'NONE',  #636 ) ;
#709 = UNCERTAINTY_MEASURE_WITH_UNIT (LENGTH_MEASURE( 1.000000000000000082E-05 ), #135, 'distance_accuracy_value', 'NONE');
#710 = CARTESIAN_POINT ( 'NONE',  ( 0.9949999999999999956, -12.69999999999999929, 0.2799999999999995270 ) ) ;
#711 = SURFACE_STYLE_USAGE ( .BOTH. , #1232 ) ;
#712 = FILL_AREA_STYLE_COLOUR ( '', #2202 ) ;
#713 = ORIENTED_EDGE ( 'NONE', *, *, #1311, .F. ) ;
#714 = FILL_AREA_STYLE ('',( #1409 ) ) ;
#715 = ORIENTED_EDGE ( 'NONE', *, *, #992, .F. ) ;
#716 = PLANE ( 'NONE',  #1385 ) ;
#717 = VERTEX_POINT ( 'NONE', #870 ) ;
#718 = CARTESIAN_POINT ( 'NONE',  ( 0.9190000000000001501, -2.010000000000000231, 0.2799999999999961409 ) ) ;
#719 =( GEOMETRIC_REPRESENTATION_CONTEXT ( 3 ) GLOBAL_UNCERTAINTY_ASSIGNED_CONTEXT ( ( #881 ) ) GLOBAL_UNIT_ASSIGNED_CONTEXT ( ( #177, #1542, #1208 ) ) REPRESENTATION_CONTEXT ( 'NONE', 'WORKASPACE' ) );
#720 =( NAMED_UNIT ( * ) SI_UNIT ( $, .STERADIAN. ) SOLID_ANGLE_UNIT ( ) );
#721 = EDGE_LOOP ( 'NONE', ( #666, #1316, #2107, #1015 ) ) ;
#722 = VECTOR ( 'NONE', #366, 1000.000000000000000 ) ;
#723 = FACE_OUTER_BOUND ( 'NONE', #1104, .T. ) ;
#724 =( NAMED_UNIT ( * ) PLANE_ANGLE_UNIT ( ) SI_UNIT ( $, .RADIAN. ) );
#725 = SURFACE_STYLE_USAGE ( .BOTH. , #391 ) ;
#726 = VECTOR ( 'NONE', #959, 1000.000000000000000 ) ;
#727 = EDGE_CURVE ( 'NONE', #480, #856, #109, .T. ) ;
#728 = LINE ( 'NONE', #339, #1003 ) ;
#729 = COLOUR_RGB ( '',0.2509803921568627416, 0.2509803921568627416, 0.2509803921568627416 ) ;
#730 = AXIS2_PLACEMENT_3D ( 'NONE', #116, #1650, #629 ) ;
#731 =( NAMED_UNIT ( * ) SI_UNIT ( $, .STERADIAN. ) SOLID_ANGLE_UNIT ( ) );
#732 = STYLED_ITEM ( 'NONE', ( #1586 ), #2172 ) ;
#733 = COLOUR_RGB ( '',1.000000000000000000, 1.000000000000000000, 1.000000000000000000 ) ;
#734 = DIRECTION ( 'NONE',  ( -0.0000000000000000000, 1.000000000000000000, -0.0000000000000000000 ) ) ;
#735 = CARTESIAN_POINT ( 'NONE',  ( -0.3509999999999999232, -2.010000000000000231, -0.1500000000000032141 ) ) ;
#736 = SURFACE_STYLE_FILL_AREA ( #1474 ) ;
#737 = ORIENTED_EDGE ( 'NONE', *, *, #1939, .T. ) ;
#738 =( NAMED_UNIT ( * ) SI_UNIT ( $, .STERADIAN. ) SOLID_ANGLE_UNIT ( ) );
#739 = EDGE_CURVE ( 'NONE', #401, #1157, #1307, .T. ) ;
#740 = CARTESIAN_POINT ( 'NONE',  ( -0.7499999999999998890, 2.670000000000000817, -2.494699380686979939 ) ) ;
#741 = CARTESIAN_POINT ( 'NONE',  ( 0.2750000000000001332, -12.69999999999999929, -0.1500000000000004663 ) ) ;
#742 = EDGE_CURVE ( 'NONE', #1718, #808, #552, .T. ) ;
#743 = ORIENTED_EDGE ( 'NONE', *, *, #1837, .T. ) ;
#744 = SURFACE_STYLE_USAGE ( .BOTH. , #562 ) ;
#745 = MECHANICAL_DESIGN_GEOMETRIC_PRESENTATION_REPRESENTATION (  '', ( #2146 ), #1930 ) ;
#746 = ORIENTED_EDGE ( 'NONE', *, *, #70, .T. ) ;
#747 = VECTOR ( 'NONE', #1262, 1000.000000000000000 ) ;
#748 = CARTESIAN_POINT ( 'NONE',  ( 0.1977253650986477151, 1.919999999999999929, -2.605000000000000426 ) ) ;
#749 = CARTESIAN_POINT ( 'NONE',  ( 0.9190000000000001501, -2.010000000000000231, -0.1500000000000053790 ) ) ;
#750 = ORIENTED_EDGE ( 'NONE', *, *, #1551, .T. ) ;
#751 = DIRECTION ( 'NONE',  ( 0.0000000000000000000, 0.0000000000000000000, 1.000000000000000000 ) ) ;
#752 = DIRECTION ( 'NONE',  ( -4.928191693115928181E-17, 0.0000000000000000000, 1.000000000000000000 ) ) ;
#753 = VECTOR ( 'NONE', #1865, 1000.000000000000000 ) ;
#754 = DIRECTION ( 'NONE',  ( -0.0000000000000000000, 1.000000000000000000, -0.0000000000000000000 ) ) ;
#755 = PRESENTATION_LAYER_ASSIGNMENT (  '', '', ( #1158 ) ) ;
#756 = SURFACE_SIDE_STYLE ('',( #1374 ) ) ;
#757 = DIRECTION ( 'NONE',  ( -0.0000000000000000000, -1.000000000000000000, -0.0000000000000000000 ) ) ;
#758 = PRESENTATION_STYLE_ASSIGNMENT (( #2070 ) ) ;
#759 =( GEOMETRIC_REPRESENTATION_CONTEXT ( 3 ) GLOBAL_UNCERTAINTY_ASSIGNED_CONTEXT ( ( #103 ) ) GLOBAL_UNIT_ASSIGNED_CONTEXT ( ( #1725, #1047, #1750 ) ) REPRESENTATION_CONTEXT ( 'NONE', 'WORKASPACE' ) );
#760 = APPLICATION_PROTOCOL_DEFINITION ( 'draft international standard', 'automotive_design', 1998, #1646 ) ;
#761 = PLANE ( 'NONE',  #1992 ) ;
#762 = FILL_AREA_STYLE ('',( #1960 ) ) ;
#763 = AXIS2_PLACEMENT_3D ( 'NONE', #245, #612, #1117 ) ;
#764 = FILL_AREA_STYLE_COLOUR ( '', #1448 ) ;
#765 = SURFACE_STYLE_USAGE ( .BOTH. , #2192 ) ;
#766 = ORIENTED_EDGE ( 'NONE', *, *, #2019, .F. ) ;
#767 = EDGE_LOOP ( 'NONE', ( #1531, #1904, #1022, #1951 ) ) ;
#768 = SURFACE_STYLE_USAGE ( .BOTH. , #1801 ) ;
#769 =( LENGTH_UNIT ( ) NAMED_UNIT ( * ) SI_UNIT ( .MILLI., .METRE. ) );
#770 = DIRECTION ( 'NONE',  ( 0.0000000000000000000, 0.0000000000000000000, -1.000000000000000000 ) ) ;
#771 = VERTEX_POINT ( 'NONE', #1398 ) ;
#772 = EDGE_CURVE ( 'NONE', #1533, #481, #983, .T. ) ;
#773 = ADVANCED_FACE ( 'NONE', ( #207 ), #707, .F. ) ;
#774 = ADVANCED_FACE ( 'NONE', ( #392 ), #1944, .F. ) ;
#775 = ORIENTED_EDGE ( 'NONE', *, *, #2066, .T. ) ;
#776 = CARTESIAN_POINT ( 'NONE',  ( 2.291280591186033361E-16, 0.0000000000000000000, 1.584999999999999964 ) ) ;
#777 = COLOUR_RGB ( '',0.7921568627450980005, 0.8196078431372548767, 0.9333333333333333481 ) ;
#778 = CARTESIAN_POINT ( 'NONE',  ( 1.545000000000000151, -2.009999999999999787, 0.2799999999999995826 ) ) ;
#779 = VERTEX_POINT ( 'NONE', #1267 ) ;
#780 = PRESENTATION_LAYER_ASSIGNMENT (  '', '', ( #665 ) ) ;
#781 = ORIENTED_EDGE ( 'NONE', *, *, #970, .F. ) ;
#782 = FILL_AREA_STYLE ('',( #439 ) ) ;
#783 =( GEOMETRIC_REPRESENTATION_CONTEXT ( 3 ) GLOBAL_UNCERTAINTY_ASSIGNED_CONTEXT ( ( #1285 ) ) GLOBAL_UNIT_ASSIGNED_CONTEXT ( ( #2185, #1990, #624 ) ) REPRESENTATION_CONTEXT ( 'NONE', 'WORKASPACE' ) );
#784 = COLOUR_RGB ( '',0.2509803921568627416, 0.2509803921568627416, 0.2509803921568627416 ) ;
#785 = FILL_AREA_STYLE ('',( #764 ) ) ;
#786 = COLOUR_RGB ( '',1.000000000000000000, 1.000000000000000000, 1.000000000000000000 ) ;
#787 = UNCERTAINTY_MEASURE_WITH_UNIT (LENGTH_MEASURE( 1.000000000000000082E-05 ), #53, 'distance_accuracy_value', 'NONE');
#788 = CARTESIAN_POINT ( 'NONE',  ( -1.620999999999999996, -2.010000000000000231, -1.017700409127488159 ) ) ;
#789 = VECTOR ( 'NONE', #386, 1000.000000000000000 ) ;
#790 = CYLINDRICAL_SURFACE ( 'NONE', #1451, 2.604999999999999982 ) ;
#791 = APPLICATION_PROTOCOL_DEFINITION ( 'draft international standard', 'automotive_design', 1998, #269 ) ;
#792 = VECTOR ( 'NONE', #204, 1000.000000000000000 ) ;
#793 =( NAMED_UNIT ( * ) SI_UNIT ( $, .STERADIAN. ) SOLID_ANGLE_UNIT ( ) );
#794 = CARTESIAN_POINT ( 'NONE',  ( -2.067317101946384739, 5.339999999999999858, 1.584999999999999742 ) ) ;
#795 = CARTESIAN_POINT ( 'NONE',  ( 0.3510000000000002562, -2.010000000000000231, -0.1500000000000044076 ) ) ;
#796 = VECTOR ( 'NONE', #1668, 1000.000000000000000 ) ;
#797 = STYLED_ITEM ( 'NONE', ( #307 ), #774 ) ;
#798 = VERTEX_POINT ( 'NONE', #1089 ) ;
#799 = SURFACE_STYLE_USAGE ( .BOTH. , #1997 ) ;
#800 = DIRECTION ( 'NONE',  ( -0.0000000000000000000, 1.000000000000000000, -0.0000000000000000000 ) ) ;
#801 = VERTEX_POINT ( 'NONE', #901 ) ;
#802 = ORIENTED_EDGE ( 'NONE', *, *, #992, .T. ) ;
#803 = SURFACE_STYLE_USAGE ( .BOTH. , #1823 ) ;
#804 = ORIENTED_EDGE ( 'NONE', *, *, #2066, .F. ) ;
#805 = VECTOR ( 'NONE', #920, 1000.000000000000000 ) ;
#806 = FILL_AREA_STYLE_COLOUR ( '', #2177 ) ;
#807 = AXIS2_PLACEMENT_3D ( 'NONE', #36, #1571, #1726 ) ;
#808 = VERTEX_POINT ( 'NONE', #2131 ) ;
#809 = LINE ( 'NONE', #1, #1466 ) ;
#810 = FACE_BOUND ( 'NONE', #149, .T. ) ;
#811 = AXIS2_PLACEMENT_3D ( 'NONE', #159, #1344, #320 ) ;
#812 = DIRECTION ( 'NONE',  ( -0.0000000000000000000, 1.000000000000000000, -0.0000000000000000000 ) ) ;
#813 = UNCERTAINTY_MEASURE_WITH_UNIT (LENGTH_MEASURE( 1.000000000000000082E-05 ), #1160, 'distance_accuracy_value', 'NONE');
#814 = PLANE ( 'NONE',  #1546 ) ;
#815 = VECTOR ( 'NONE', #812, 1000.000000000000000 ) ;
#816 = CARTESIAN_POINT ( 'NONE',  ( 1.545000000000000151, -2.009999999999999787, -0.1500000000000004108 ) ) ;
#817 = EDGE_CURVE ( 'NONE', #1189, #1513, #1863, .T. ) ;
#818 = CARTESIAN_POINT ( 'NONE',  ( 0.3510000000000002562, -1.500000000000000000, 0.2799999999999961409 ) ) ;
#819 = DIRECTION ( 'NONE',  ( 1.000000000000000000, 0.0000000000000000000, 0.0000000000000000000 ) ) ;
#820 = MECHANICAL_DESIGN_GEOMETRIC_PRESENTATION_REPRESENTATION (  '', ( #213 ), #928 ) ;
#821 = SURFACE_STYLE_USAGE ( .BOTH. , #468 ) ;
#822 = VECTOR ( 'NONE', #277, 1000.000000000000000 ) ;
#823 = ORIENTED_EDGE ( 'NONE', *, *, #1347, .T. ) ;
#824 = ORIENTED_EDGE ( 'NONE', *, *, #842, .F. ) ;
#825 = VERTEX_POINT ( 'NONE', #913 ) ;
#826 = CARTESIAN_POINT ( 'NONE',  ( 1.621000000000000218, -1.500000000000000000, -0.1500000000000065725 ) ) ;
#827 =( NAMED_UNIT ( * ) PLANE_ANGLE_UNIT ( ) SI_UNIT ( $, .RADIAN. ) );
#828 = ORIENTED_EDGE ( 'NONE', *, *, #1680, .T. ) ;
#829 = ORIENTED_EDGE ( 'NONE', *, *, #288, .F. ) ;
#830 = DIRECTION ( 'NONE',  ( -0.0000000000000000000, 1.000000000000000000, -0.0000000000000000000 ) ) ;
#831 = VERTEX_POINT ( 'NONE', #69 ) ;
#832 = FILL_AREA_STYLE ('',( #839 ) ) ;
#833 = SURFACE_STYLE_FILL_AREA ( #876 ) ;
#834 = VECTOR ( 'NONE', #1023, 1000.000000000000000 ) ;
#835 = CARTESIAN_POINT ( 'NONE',  ( -0.2749999999999999667, -2.009999999999999787, 0.2799999999999995270 ) ) ;
#836 = FACE_OUTER_BOUND ( 'NONE', #2027, .T. ) ;
#837 = PRESENTATION_LAYER_ASSIGNMENT (  '', '', ( #1916 ) ) ;
#838 = DIRECTION ( 'NONE',  ( -1.000000000000000000, 0.0000000000000000000, 1.675585175659415692E-15 ) ) ;
#839 = FILL_AREA_STYLE_COLOUR ( '', #210 ) ;
#840 = FILL_AREA_STYLE ('',( #1871 ) ) ;
#841 = FACE_OUTER_BOUND ( 'NONE', #462, .T. ) ;
#842 = EDGE_CURVE ( 'NONE', #14, #717, #2034, .T. ) ;
#843 = LINE ( 'NONE', #459, #1730 ) ;
#844 = DIRECTION ( 'NONE',  ( -0.0000000000000000000, 1.000000000000000000, -0.0000000000000000000 ) ) ;
#845 = ORIENTED_EDGE ( 'NONE', *, *, #873, .T. ) ;
#846 = AXIS2_PLACEMENT_3D ( 'NONE', #472, #819, #1330 ) ;
#847 = DIRECTION ( 'NONE',  ( 0.0000000000000000000, 1.000000000000000000, 0.0000000000000000000 ) ) ;
#848 = ORIENTED_EDGE ( 'NONE', *, *, #1214, .F. ) ;
#849 = MECHANICAL_DESIGN_GEOMETRIC_PRESENTATION_REPRESENTATION (  '', ( #1661 ), #1845 ) ;
#850 = DIRECTION ( 'NONE',  ( -1.000000000000000000, 0.0000000000000000000, -1.971276677246371519E-16 ) ) ;
#851 = DIRECTION ( 'NONE',  ( -1.000000000000000000, 0.0000000000000000000, 0.0000000000000000000 ) ) ;
#852 = VERTEX_POINT ( 'NONE', #1065 ) ;
#853 = PRESENTATION_STYLE_ASSIGNMENT (( #1132 ) ) ;
#854 = CARTESIAN_POINT ( 'NONE',  ( -2.067317101946385183, 5.339999999999999858, 1.585000000000000409 ) ) ;
#855 = EDGE_CURVE ( 'NONE', #1161, #1465, #2208, .T. ) ;
#856 = VERTEX_POINT ( 'NONE', #1244 ) ;
#857 = CARTESIAN_POINT ( 'NONE',  ( -0.7499999999999998890, 2.670000000000000817, -2.000000000000000000 ) ) ;
#858 = DIRECTION ( 'NONE',  ( 0.0000000000000000000, -1.000000000000000000, 0.0000000000000000000 ) ) ;
#859 = EDGE_CURVE ( 'NONE', #2074, #1073, #869, .T. ) ;
#860 = LINE ( 'NONE', #1520, #1858 ) ;
#861 = CARTESIAN_POINT ( 'NONE',  ( -2.284669427343726468E-13, 3.420000000002172413, -2.605000000000625260 ) ) ;
#862 = CARTESIAN_POINT ( 'NONE',  ( -0.09841452059777042183, 3.419999999999948859, -2.604999999999984883 ) ) ;
#863 = COLOUR_RGB ( '',1.000000000000000000, 1.000000000000000000, 1.000000000000000000 ) ;
#864 = AXIS2_PLACEMENT_3D ( 'NONE', #482, #1836, #996 ) ;
#865 = LINE ( 'NONE', #1587, #520 ) ;
#866 = FILL_AREA_STYLE ('',( #1576 ) ) ;
#867 = PRESENTATION_LAYER_ASSIGNMENT (  '', '', ( #1749 ) ) ;
#868 = PLANE ( 'NONE',  #880 ) ;
#869 = LINE ( 'NONE', #1276, #1522 ) ;
#870 = CARTESIAN_POINT ( 'NONE',  ( -0.9949999999999999956, -12.69999999999999929, -0.1500000000000022149 ) ) ;
#871 = SURFACE_STYLE_USAGE ( .BOTH. , #696 ) ;
#872 = COLOUR_RGB ( '',1.000000000000000000, 1.000000000000000000, 1.000000000000000000 ) ;
#873 = EDGE_CURVE ( 'NONE', #165, #1166, #1760, .T. ) ;
#874 = DIRECTION ( 'NONE',  ( 0.0000000000000000000, 0.0000000000000000000, 1.000000000000000000 ) ) ;
#875 = LINE ( 'NONE', #1303, #822 ) ;
#876 = FILL_AREA_STYLE ('',( #712 ) ) ;
#877 = ADVANCED_FACE ( 'NONE', ( #1411 ), #580, .T. ) ;
#878 = VERTEX_POINT ( 'NONE', #1425 ) ;
#879 = FILL_AREA_STYLE ('',( #187 ) ) ;
#880 = AXIS2_PLACEMENT_3D ( 'NONE', #1889, #858, #2078 ) ;
#881 = UNCERTAINTY_MEASURE_WITH_UNIT (LENGTH_MEASURE( 1.000000000000000082E-05 ), #177, 'distance_accuracy_value', 'NONE');
#882 = ORIENTED_EDGE ( 'NONE', *, *, #2098, .F. ) ;
#883 = MECHANICAL_DESIGN_GEOMETRIC_PRESENTATION_REPRESENTATION (  '', ( #584 ), #688 ) ;
#884 = EDGE_LOOP ( 'NONE', ( #1138, #1102, #117, #746, #1529, #802, #1609, #694, #1128, #1429, #2024, #1847 ) ) ;
#885 = DIRECTION ( 'NONE',  ( -0.0000000000000000000, 1.000000000000000000, -0.0000000000000000000 ) ) ;
#886 = PLANE ( 'NONE',  #2039 ) ;
#887 = VERTEX_POINT ( 'NONE', #389 ) ;
#888 = FACE_OUTER_BOUND ( 'NONE', #169, .T. ) ;
#889 = SURFACE_STYLE_USAGE ( .BOTH. , #1555 ) ;
#890 = LINE ( 'NONE', #265, #1642 ) ;
#891 = FILL_AREA_STYLE ('',( #570 ) ) ;
#892 = EDGE_CURVE ( 'NONE', #1332, #2199, #865, .T. ) ;
#893 =( LENGTH_UNIT ( ) NAMED_UNIT ( * ) SI_UNIT ( .MILLI., .METRE. ) );
#894 = FACE_OUTER_BOUND ( 'NONE', #1452, .T. ) ;
#895 = CARTESIAN_POINT ( 'NONE',  ( -0.2749999999999999667, -1.499999999999999556, 0.2799999999999995270 ) ) ;
#896 = SURFACE_STYLE_FILL_AREA ( #1388 ) ;
#897 = SURFACE_STYLE_FILL_AREA ( #534 ) ;
#898 =( NAMED_UNIT ( * ) PLANE_ANGLE_UNIT ( ) SI_UNIT ( $, .RADIAN. ) );
#899 = STYLED_ITEM ( 'NONE', ( #500 ), #485 ) ;
#900 = VECTOR ( 'NONE', #1695, 1000.000000000000000 ) ;
#901 = CARTESIAN_POINT ( 'NONE',  ( -0.9949999999999999956, 0.0000000000000000000, 0.2799999999999978062 ) ) ;
#902 = PRESENTATION_STYLE_ASSIGNMENT (( #1273 ) ) ;
#903 =( NAMED_UNIT ( * ) SI_UNIT ( $, .STERADIAN. ) SOLID_ANGLE_UNIT ( ) );
#904 = AXIS2_PLACEMENT_3D ( 'NONE', #615, #1121, #1140 ) ;
#905 = LINE ( 'NONE', #2046, #1477 ) ;
#906 = CARTESIAN_POINT ( 'NONE',  ( 3.322180073871740635, 0.0000000000000000000, 1.584999999999999520 ) ) ;
#907 =( NAMED_UNIT ( * ) SI_UNIT ( $, .STERADIAN. ) SOLID_ANGLE_UNIT ( ) );
#908 = VECTOR ( 'NONE', #74, 1000.000000000000000 ) ;
#909 = CARTESIAN_POINT ( 'NONE',  ( -0.9189999999999999281, -1.500000000000000000, -1.017700409127488159 ) ) ;
#910 = CARTESIAN_POINT ( 'NONE',  ( 0.2750000000000000777, -1.499999999999999556, 0.2799999999999996381 ) ) ;
#911 = VECTOR ( 'NONE', #1123, 1000.000000000000000 ) ;
#912 = CARTESIAN_POINT ( 'NONE',  ( 1.545000000000000151, 0.0000000000000000000, -0.1500000000000004108 ) ) ;
#913 = CARTESIAN_POINT ( 'NONE',  ( 1.621000000000000218, -2.010000000000000231, -0.1500000000000065725 ) ) ;
#914 = ORIENTED_EDGE ( 'NONE', *, *, #1125, .F. ) ;
#915 = ORIENTED_EDGE ( 'NONE', *, *, #1042, .F. ) ;
#916 = FACE_OUTER_BOUND ( 'NONE', #596, .T. ) ;
#917 = ORIENTED_EDGE ( 'NONE', *, *, #1479, .T. ) ;
#918 = FACE_OUTER_BOUND ( 'NONE', #1740, .T. ) ;
#919 = DIRECTION ( 'NONE',  ( 0.0000000000000000000, 0.0000000000000000000, 1.000000000000000000 ) ) ;
#920 = DIRECTION ( 'NONE',  ( -0.0000000000000000000, -0.0000000000000000000, 1.000000000000000000 ) ) ;
#921 = LINE ( 'NONE', #1203, #834 ) ;
#922 =( GEOMETRIC_REPRESENTATION_CONTEXT ( 3 ) GLOBAL_UNCERTAINTY_ASSIGNED_CONTEXT ( ( #2018 ) ) GLOBAL_UNIT_ASSIGNED_CONTEXT ( ( #1810, #1793, #960 ) ) REPRESENTATION_CONTEXT ( 'NONE', 'WORKASPACE' ) );
#923 = CARTESIAN_POINT ( 'NONE',  ( -0.3509999999999999232, -1.500000000000000000, -0.1500000000000032141 ) ) ;
#924 = COLOUR_RGB ( '',1.000000000000000000, 1.000000000000000000, 1.000000000000000000 ) ;
#925 = PRESENTATION_STYLE_ASSIGNMENT (( #1934 ) ) ;
#926 = DIRECTION ( 'NONE',  ( 0.0000000000000000000, 0.0000000000000000000, -1.000000000000000000 ) ) ;
#927 = VECTOR ( 'NONE', #1007, 1000.000000000000000 ) ;
#928 =( GEOMETRIC_REPRESENTATION_CONTEXT ( 3 ) GLOBAL_UNCERTAINTY_ASSIGNED_CONTEXT ( ( #709 ) ) GLOBAL_UNIT_ASSIGNED_CONTEXT ( ( #135, #639, #2006 ) ) REPRESENTATION_CONTEXT ( 'NONE', 'WORKASPACE' ) );
#929 = SURFACE_STYLE_USAGE ( .BOTH. , #1949 ) ;
#930 = SURFACE_STYLE_USAGE ( .BOTH. , #946 ) ;
#931 = PRESENTATION_LAYER_ASSIGNMENT (  '', '', ( #584 ) ) ;
#932 = DIRECTION ( 'NONE',  ( -1.000000000000000000, 0.0000000000000000000, 1.445602896647339410E-16 ) ) ;
#933 = SURFACE_STYLE_USAGE ( .BOTH. , #1943 ) ;
#934 = FACE_OUTER_BOUND ( 'NONE', #2110, .T. ) ;
#935 = SURFACE_SIDE_STYLE ('',( #1135 ) ) ;
#936 = DIRECTION ( 'NONE',  ( 0.0000000000000000000, 0.0000000000000000000, 1.000000000000000000 ) ) ;
#937 = EDGE_CURVE ( 'NONE', #1513, #2074, #304, .T. ) ;
#938 = ORIENTED_EDGE ( 'NONE', *, *, #640, .T. ) ;
#939 = CARTESIAN_POINT ( 'NONE',  ( 2.168404344971009361E-16, 2.670000000000000817, -2.000000000000000000 ) ) ;
#940 =( NAMED_UNIT ( * ) SI_UNIT ( $, .STERADIAN. ) SOLID_ANGLE_UNIT ( ) );
#941 = STYLED_ITEM ( 'NONE', ( #1254 ), #773 ) ;
#942 = ORIENTED_EDGE ( 'NONE', *, *, #11, .F. ) ;
#943 = FILL_AREA_STYLE_COLOUR ( '', #729 ) ;
#944 = MECHANICAL_DESIGN_GEOMETRIC_PRESENTATION_REPRESENTATION (  '', ( #197 ), #1487 ) ;
#945 = ORIENTED_EDGE ( 'NONE', *, *, #474, .F. ) ;
#946 = SURFACE_SIDE_STYLE ('',( #98 ) ) ;
#947 = DIRECTION ( 'NONE',  ( 1.000000000000000000, 0.0000000000000000000, 0.0000000000000000000 ) ) ;
#948 = ORIENTED_EDGE ( 'NONE', *, *, #2193, .F. ) ;
#949 = PRODUCT_DEFINITION_CONTEXT ( 'detailed design', #269, 'design' ) ;
#950 = AXIS2_PLACEMENT_3D ( 'NONE', #2182, #1822, #955 ) ;
#951 =( LENGTH_UNIT ( ) NAMED_UNIT ( * ) SI_UNIT ( .MILLI., .METRE. ) );
#952 = CARTESIAN_POINT ( 'NONE',  ( 0.2750000000000001332, 0.0000000000000000000, -0.1500000000000004663 ) ) ;
#953 = CARTESIAN_POINT ( 'NONE',  ( 0.9949999999999999956, -1.499999999999999556, -0.1500000000000004663 ) ) ;
#954 = VECTOR ( 'NONE', #1062, 1000.000000000000000 ) ;
#955 = DIRECTION ( 'NONE',  ( -1.000000000000000000, 0.0000000000000000000, 1.675585175659415692E-15 ) ) ;
#956 = CARTESIAN_POINT ( 'NONE',  ( 2.168404344971009361E-16, 2.670000000000000817, -2.000000000000000000 ) ) ;
#957 = UNCERTAINTY_MEASURE_WITH_UNIT (LENGTH_MEASURE( 1.000000000000000082E-05 ), #2201, 'distance_accuracy_value', 'NONE');
#958 = COLOUR_RGB ( '',1.000000000000000000, 1.000000000000000000, 1.000000000000000000 ) ;
#959 = DIRECTION ( 'NONE',  ( 0.0000000000000000000, -0.0000000000000000000, -1.000000000000000000 ) ) ;
#960 =( NAMED_UNIT ( * ) SI_UNIT ( $, .STERADIAN. ) SOLID_ANGLE_UNIT ( ) );
#961 = STYLED_ITEM ( 'NONE', ( #415 ), #966 ) ;
#962 = SURFACE_STYLE_USAGE ( .BOTH. , #935 ) ;
#963 = FACE_OUTER_BOUND ( 'NONE', #382, .T. ) ;
#964 = SURFACE_STYLE_USAGE ( .BOTH. , #1488 ) ;
#966 = ADVANCED_FACE ( 'NONE', ( #260 ), #761, .F. ) ;
#965 = PRESENTATION_LAYER_ASSIGNMENT (  '', '', ( #1341 ) ) ;
#967 = VECTOR ( 'NONE', #577, 1000.000000000000000 ) ;
#968 = VECTOR ( 'NONE', #438, 1000.000000000000000 ) ;
#969 = CARTESIAN_POINT ( 'NONE',  ( 0.2750000000000000777, -12.69999999999999929, 0.2799999999999996381 ) ) ;
#970 = EDGE_CURVE ( 'NONE', #779, #1665, #1545, .T. ) ;
#971 = CARTESIAN_POINT ( 'NONE',  ( -0.9189999999999999281, -1.500000000000000000, -1.017700409127488159 ) ) ;
#972 = DIRECTION ( 'NONE',  ( 1.000000000000000000, 0.0000000000000000000, 0.0000000000000000000 ) ) ;
#973 = ORIENTED_EDGE ( 'NONE', *, *, #38, .T. ) ;
#974 =( GEOMETRIC_REPRESENTATION_CONTEXT ( 3 ) GLOBAL_UNCERTAINTY_ASSIGNED_CONTEXT ( ( #257 ) ) GLOBAL_UNIT_ASSIGNED_CONTEXT ( ( #168, #333, #2056 ) ) REPRESENTATION_CONTEXT ( 'NONE', 'WORKASPACE' ) );
#975 = FACE_OUTER_BOUND ( 'NONE', #884, .T. ) ;
#976 = ORIENTED_EDGE ( 'NONE', *, *, #547, .T. ) ;
#977 = AXIS2_PLACEMENT_3D ( 'NONE', #622, #1300, #458 ) ;
#978 = ORIENTED_EDGE ( 'NONE', *, *, #1333, .F. ) ;
#979 =( LENGTH_UNIT ( ) NAMED_UNIT ( * ) SI_UNIT ( .MILLI., .METRE. ) );
#980 = FILL_AREA_STYLE_COLOUR ( '', #1860 ) ;
#981 = VECTOR ( 'NONE', #1616, 1000.000000000000000 ) ;
#982 = UNCERTAINTY_MEASURE_WITH_UNIT (LENGTH_MEASURE( 1.000000000000000082E-05 ), #2143, 'distance_accuracy_value', 'NONE');
#983 = LINE ( 'NONE', #1911, #1351 ) ;
#984 = FILL_AREA_STYLE_COLOUR ( '', #733 ) ;
#985 = AXIS2_PLACEMENT_3D ( 'NONE', #1941, #1755, #1776 ) ;
#986 = CARTESIAN_POINT ( 'NONE',  ( 0.0000000000000000000, 0.0000000000000000000, 0.0000000000000000000 ) ) ;
#987 = MECHANICAL_DESIGN_GEOMETRIC_PRESENTATION_REPRESENTATION (  '', ( #367 ), #397 ) ;
#988 = LINE ( 'NONE', #95, #662 ) ;
#989 = FILL_AREA_STYLE ('',( #1838 ) ) ;
#990 = VECTOR ( 'NONE', #734, 1000.000000000000000 ) ;
#991 =( NAMED_UNIT ( * ) SI_UNIT ( $, .STERADIAN. ) SOLID_ANGLE_UNIT ( ) );
#992 = EDGE_CURVE ( 'NONE', #801, #1064, #2003, .T. ) ;
#993 = ORIENTED_EDGE ( 'NONE', *, *, #1428, .T. ) ;
#994 = CARTESIAN_POINT ( 'NONE',  ( 0.9950000000000002176, -2.010000000000000231, 0.2799999999999961409 ) ) ;
#995 = ORIENTED_EDGE ( 'NONE', *, *, #1514, .F. ) ;
#996 = DIRECTION ( 'NONE',  ( 1.000000000000000000, 0.0000000000000000000, -1.675585175659415692E-15 ) ) ;
#997 = PRESENTATION_LAYER_ASSIGNMENT (  '', '', ( #1229 ) ) ;
#998 = FACE_BOUND ( 'NONE', #1850, .T. ) ;
#999 = MECHANICAL_DESIGN_GEOMETRIC_PRESENTATION_REPRESENTATION (  '', ( #1887 ), #719 ) ;
#1000 = PRESENTATION_STYLE_ASSIGNMENT (( #1903 ) ) ;
#1001 = FILL_AREA_STYLE_COLOUR ( '', #2209 ) ;
#1002 = SURFACE_STYLE_FILL_AREA ( #989 ) ;
#1003 = VECTOR ( 'NONE', #2052, 1000.000000000000000 ) ;
#1004 = PLANE ( 'NONE',  #811 ) ;
#1005 = LINE ( 'NONE', #2150, #981 ) ;
#1006 = EDGE_CURVE ( 'NONE', #512, #1318, #1378, .T. ) ;
#1007 = DIRECTION ( 'NONE',  ( -0.0000000000000000000, 1.000000000000000000, -0.0000000000000000000 ) ) ;
#1008 = UNCERTAINTY_MEASURE_WITH_UNIT (LENGTH_MEASURE( 1.000000000000000082E-05 ), #1154, 'distance_accuracy_value', 'NONE');
#1009 = CARTESIAN_POINT ( 'NONE',  ( 0.1975665896989680648, 3.400074273337250208, -2.599082404112154077 ) ) ;
#1010 = STYLED_ITEM ( 'NONE', ( #1733 ), #363 ) ;
#1011 = AXIS2_PLACEMENT_3D ( 'NONE', #1491, #972, #1622 ) ;
#1012 = FILL_AREA_STYLE_COLOUR ( '', #924 ) ;
#1013 = ORIENTED_EDGE ( 'NONE', *, *, #1783, .F. ) ;
#1014 = CARTESIAN_POINT ( 'NONE',  ( 0.7500000000000003331, 2.670000000000000817, -2.494699380686979939 ) ) ;
#1015 = ORIENTED_EDGE ( 'NONE', *, *, #937, .T. ) ;
#1016 = ORIENTED_EDGE ( 'NONE', *, *, #1879, .T. ) ;
#1017 =( LENGTH_UNIT ( ) NAMED_UNIT ( * ) SI_UNIT ( .MILLI., .METRE. ) );
#1018 = SURFACE_STYLE_FILL_AREA ( #1813 ) ;
#1019 =( LENGTH_UNIT ( ) NAMED_UNIT ( * ) SI_UNIT ( .MILLI., .METRE. ) );
#1020 = ORIENTED_EDGE ( 'NONE', *, *, #1214, .T. ) ;
#1021 = LINE ( 'NONE', #1945, #1370 ) ;
#1022 = ORIENTED_EDGE ( 'NONE', *, *, #1723, .F. ) ;
#1023 = DIRECTION ( 'NONE',  ( -1.000000000000000000, 0.0000000000000000000, 0.0000000000000000000 ) ) ;
#1024 = PRESENTATION_LAYER_ASSIGNMENT (  '', '', ( #797 ) ) ;
#1025 = COLOUR_RGB ( '',1.000000000000000000, 1.000000000000000000, 1.000000000000000000 ) ;
#1026 = SURFACE_STYLE_FILL_AREA ( #669 ) ;
#1027 =( GEOMETRIC_REPRESENTATION_CONTEXT ( 3 ) GLOBAL_UNCERTAINTY_ASSIGNED_CONTEXT ( ( #27 ) ) GLOBAL_UNIT_ASSIGNED_CONTEXT ( ( #2165, #1976, #1789 ) ) REPRESENTATION_CONTEXT ( 'NONE', 'WORKASPACE' ) );
#1028 = FACE_OUTER_BOUND ( 'NONE', #2139, .T. ) ;
#1029 = FACE_OUTER_BOUND ( 'NONE', #627, .T. ) ;
#1030 =( NAMED_UNIT ( * ) SI_UNIT ( $, .STERADIAN. ) SOLID_ANGLE_UNIT ( ) );
#1031 = EDGE_CURVE ( 'NONE', #1266, #480, #1150, .T. ) ;
#1032 = LINE ( 'NONE', #794, #113 ) ;
#1033 = FILL_AREA_STYLE_COLOUR ( '', #227 ) ;
#1034 = COLOUR_RGB ( '',1.000000000000000000, 1.000000000000000000, 1.000000000000000000 ) ;
#1035 = CARTESIAN_POINT ( 'NONE',  ( 0.3510000000000002562, -2.010000000000000231, -1.017700409127488159 ) ) ;
#1036 = ADVANCED_FACE ( 'NONE', ( #1029 ), #658, .T. ) ;
#1037 = MECHANICAL_DESIGN_GEOMETRIC_PRESENTATION_REPRESENTATION (  '', ( #2093 ), #139 ) ;
#1038 = CARTESIAN_POINT ( 'NONE',  ( 1.545000000000000151, -12.69999999999999929, 0.2799999999999995826 ) ) ;
#1039 = VERTEX_POINT ( 'NONE', #476 ) ;
#1040 = CARTESIAN_POINT ( 'NONE',  ( 0.2750000000000000777, -12.69999999999999929, 0.2799999999999996381 ) ) ;
#1041 = UNCERTAINTY_MEASURE_WITH_UNIT (LENGTH_MEASURE( 1.000000000000000082E-05 ), #1326, 'distance_accuracy_value', 'NONE');
#1042 = EDGE_CURVE ( 'NONE', #1318, #222, #1567, .T. ) ;
#1043 = ORIENTED_EDGE ( 'NONE', *, *, #314, .T. ) ;
#1044 = CARTESIAN_POINT ( 'NONE',  ( -0.9949999999999999956, -1.500000000000000000, -0.1500000000000022149 ) ) ;
#1045 = ORIENTED_EDGE ( 'NONE', *, *, #432, .T. ) ;
#1046 = COLOUR_RGB ( '',1.000000000000000000, 1.000000000000000000, 1.000000000000000000 ) ;
#1047 =( NAMED_UNIT ( * ) PLANE_ANGLE_UNIT ( ) SI_UNIT ( $, .RADIAN. ) );
#1048 =( GEOMETRIC_REPRESENTATION_CONTEXT ( 3 ) GLOBAL_UNCERTAINTY_ASSIGNED_CONTEXT ( ( #1456 ) ) GLOBAL_UNIT_ASSIGNED_CONTEXT ( ( #1295, #1464, #428 ) ) REPRESENTATION_CONTEXT ( 'NONE', 'WORKASPACE' ) );
#1049 = PRESENTATION_STYLE_ASSIGNMENT (( #1212 ) ) ;
#1050 = SURFACE_STYLE_USAGE ( .BOTH. , #756 ) ;
#1051 = FILL_AREA_STYLE ('',( #1877 ) ) ;
#1052 = LINE ( 'NONE', #778, #1809 ) ;
#1053 = AXIS2_PLACEMENT_3D ( 'NONE', #1340, #2041, #4 ) ;
#1054 = VECTOR ( 'NONE', #1211, 1000.000000000000000 ) ;
#1055 = FACE_OUTER_BOUND ( 'NONE', #2045, .T. ) ;
#1056 = DIRECTION ( 'NONE',  ( 1.260700200564539845E-16, 0.0000000000000000000, -1.000000000000000000 ) ) ;
#1057 = PRODUCT_DEFINITION ( 'UNKNOWN', '', #1633, #1233 ) ;
#1058 =( NAMED_UNIT ( * ) PLANE_ANGLE_UNIT ( ) SI_UNIT ( $, .RADIAN. ) );
#1059 = LINE ( 'NONE', #1038, #1226 ) ;
#1060 = DIRECTION ( 'NONE',  ( 0.0000000000000000000, 0.0000000000000000000, 1.000000000000000000 ) ) ;
#1061 = CARTESIAN_POINT ( 'NONE',  ( 0.2750000000000001332, -2.009999999999999787, -0.1500000000000004663 ) ) ;
#1062 = DIRECTION ( 'NONE',  ( 1.260700200564539845E-16, -0.0000000000000000000, -1.000000000000000000 ) ) ;
#1063 = PLANE ( 'NONE',  #1260 ) ;
#1064 = VERTEX_POINT ( 'NONE', #270 ) ;
#1065 = CARTESIAN_POINT ( 'NONE',  ( 0.9190000000000001501, -1.500000000000000000, -0.1500000000000053790 ) ) ;
#1066 = AXIS2_PLACEMENT_3D ( 'NONE', #1957, #1846, #2212 ) ;
#1067 = VERTEX_POINT ( 'NONE', #1795 ) ;
#1068 = ORIENTED_EDGE ( 'NONE', *, *, #1669, .F. ) ;
#1069 = DIRECTION ( 'NONE',  ( 1.000000000000000000, -0.0000000000000000000, -1.675585175659415692E-15 ) ) ;
#1070 = MECHANICAL_DESIGN_GEOMETRIC_PRESENTATION_REPRESENTATION (  '', ( #1118 ), #1231 ) ;
#1071 = VERTEX_POINT ( 'NONE', #818 ) ;
#1072 = CARTESIAN_POINT ( 'NONE',  ( -1.545000000000000151, -1.500000000000000000, 0.2799999999999961409 ) ) ;
#1073 = VERTEX_POINT ( 'NONE', #1460 ) ;
#1074 = LINE ( 'NONE', #115, #1164 ) ;
#1075 = DIRECTION ( 'NONE',  ( -1.000000000000000000, -0.0000000000000000000, 0.0000000000000000000 ) ) ;
#1076 = UNCERTAINTY_MEASURE_WITH_UNIT (LENGTH_MEASURE( 1.000000000000000082E-05 ), #1681, 'distance_accuracy_value', 'NONE');
#1077 = ORIENTED_EDGE ( 'NONE', *, *, #1826, .F. ) ;
#1078 = VECTOR ( 'NONE', #1969, 1000.000000000000000 ) ;
#1079 = FILL_AREA_STYLE ('',( #563 ) ) ;
#1080 = EDGE_CURVE ( 'NONE', #589, #1067, #203, .T. ) ;
#1081 = EDGE_LOOP ( 'NONE', ( #2082, #2080, #505, #321 ) ) ;
#1082 = CARTESIAN_POINT ( 'NONE',  ( -1.620999999999999996, -2.010000000000000231, 0.2799999999999961409 ) ) ;
#1083 = MECHANICAL_DESIGN_GEOMETRIC_PRESENTATION_REPRESENTATION (  '', ( #665 ), #1317 ) ;
#1084 = CARTESIAN_POINT ( 'NONE',  ( 0.7500000000000003331, 2.670000000000000817, -7.339999999999999858 ) ) ;
#1085 = PRESENTATION_LAYER_ASSIGNMENT (  '', '', ( #732 ) ) ;
#1086 = CARTESIAN_POINT ( 'NONE',  ( -0.9189999999999999281, -1.500000000000000000, 0.2799999999999961409 ) ) ;
#1087 =( LENGTH_UNIT ( ) NAMED_UNIT ( * ) SI_UNIT ( .MILLI., .METRE. ) );
#1088 = COLOUR_RGB ( '',1.000000000000000000, 1.000000000000000000, 1.000000000000000000 ) ;
#1089 = CARTESIAN_POINT ( 'NONE',  ( 0.2750000000000000777, -12.69999999999999929, 0.2799999999999996381 ) ) ;
#1090 = CARTESIAN_POINT ( 'NONE',  ( 0.2750000000000001332, -12.69999999999999929, -0.1500000000000004663 ) ) ;
#1091 = ORIENTED_EDGE ( 'NONE', *, *, #2019, .T. ) ;
#1092 = FILL_AREA_STYLE_COLOUR ( '', #638 ) ;
#1093 = EDGE_CURVE ( 'NONE', #1982, #1709, #1444, .T. ) ;
#1094 = ORIENTED_EDGE ( 'NONE', *, *, #727, .T. ) ;
#1095 = ORIENTED_EDGE ( 'NONE', *, *, #742, .F. ) ;
#1096 =( LENGTH_UNIT ( ) NAMED_UNIT ( * ) SI_UNIT ( .MILLI., .METRE. ) );
#1097 = ORIENTED_EDGE ( 'NONE', *, *, #104, .F. ) ;
#1098 = STYLED_ITEM ( 'NONE', ( #1252 ), #1630 ) ;
#1099 = CARTESIAN_POINT ( 'NONE',  ( 1.545000000000000151, -12.69999999999999929, -0.1500000000000004108 ) ) ;
#1100 = ORIENTED_EDGE ( 'NONE', *, *, #1463, .T. ) ;
#1101 = CARTESIAN_POINT ( 'NONE',  ( -0.3509999999999999232, -2.010000000000000231, 0.2799999999999961409 ) ) ;
#1102 = ORIENTED_EDGE ( 'NONE', *, *, #281, .T. ) ;
#1103 = LINE ( 'NONE', #443, #1746 ) ;
#1104 = EDGE_LOOP ( 'NONE', ( #268, #1091, #1423, #882, #1366 ) ) ;
#1105 = DIRECTION ( 'NONE',  ( 0.0000000000000000000, 0.0000000000000000000, 1.000000000000000000 ) ) ;
#1106 = DIRECTION ( 'NONE',  ( -1.000000000000000000, 0.0000000000000000000, 1.675585175659415692E-15 ) ) ;
#1107 = CARTESIAN_POINT ( 'NONE',  ( 0.0000000000000000000, 0.0000000000000000000, 0.0000000000000000000 ) ) ;
#1108 = SURFACE_STYLE_FILL_AREA ( #142 ) ;
#1109 = EDGE_CURVE ( 'NONE', #1986, #801, #1472, .T. ) ;
#1110 = CARTESIAN_POINT ( 'NONE',  ( 0.9950000000000002176, -1.500000000000000000, 0.2799999999999961409 ) ) ;
#1111 = DIRECTION ( 'NONE',  ( 0.0000000000000000000, -0.0000000000000000000, -1.000000000000000000 ) ) ;
#1112 = VECTOR ( 'NONE', #1106, 1000.000000000000000 ) ;
#1113 = AXIS2_PLACEMENT_3D ( 'NONE', #1761, #1075, #919 ) ;
#1114 =( LENGTH_UNIT ( ) NAMED_UNIT ( * ) SI_UNIT ( .MILLI., .METRE. ) );
#1115 = CARTESIAN_POINT ( 'NONE',  ( 1.621000000000001773, -2.010000000000000231, -0.1500000000000065725 ) ) ;
#1116 = VECTOR ( 'NONE', #1601, 1000.000000000000000 ) ;
#1117 = DIRECTION ( 'NONE',  ( 1.260700200564539845E-16, 0.0000000000000000000, -1.000000000000000000 ) ) ;
#1118 = STYLED_ITEM ( 'NONE', ( #1995 ), #2043 ) ;
#1119 = PLANE ( 'NONE',  #283 ) ;
#1120 = UNCERTAINTY_MEASURE_WITH_UNIT (LENGTH_MEASURE( 1.000000000000000082E-05 ), #1114, 'distance_accuracy_value', 'NONE');
#1121 = DIRECTION ( 'NONE',  ( -0.0000000000000000000, -0.0000000000000000000, 1.000000000000000000 ) ) ;
#1122 = LINE ( 'NONE', #2142, #1679 ) ;
#1123 = DIRECTION ( 'NONE',  ( 0.0000000000000000000, 0.0000000000000000000, 1.000000000000000000 ) ) ;
#1124 = DIRECTION ( 'NONE',  ( -1.000000000000000000, -0.0000000000000000000, 1.675585175659415692E-15 ) ) ;
#1125 = EDGE_CURVE ( 'NONE', #1718, #165, #83, .T. ) ;
#1126 =( NAMED_UNIT ( * ) SI_UNIT ( $, .STERADIAN. ) SOLID_ANGLE_UNIT ( ) );
#1127 = DIRECTION ( 'NONE',  ( 1.000000000000000000, -0.0000000000000000000, -0.0000000000000000000 ) ) ;
#1128 = ORIENTED_EDGE ( 'NONE', *, *, #1544, .T. ) ;
#1129 =( NAMED_UNIT ( * ) PLANE_ANGLE_UNIT ( ) SI_UNIT ( $, .RADIAN. ) );
#1130 = ADVANCED_FACE ( 'NONE', ( #19 ), #2054, .T. ) ;
#1131 = EDGE_LOOP ( 'NONE', ( #569, #2015, #2049, #118 ) ) ;
#1132 = SURFACE_STYLE_USAGE ( .BOTH. , #1310 ) ;
#1133 = PRESENTATION_LAYER_ASSIGNMENT (  '', '', ( #367 ) ) ;
#1134 = ORIENTED_EDGE ( 'NONE', *, *, #1173, .F. ) ;
#1135 = SURFACE_STYLE_FILL_AREA ( #1617 ) ;
#1136 =( NAMED_UNIT ( * ) PLANE_ANGLE_UNIT ( ) SI_UNIT ( $, .RADIAN. ) );
#1137 = FILL_AREA_STYLE ('',( #984 ) ) ;
#1138 = ORIENTED_EDGE ( 'NONE', *, *, #362, .T. ) ;
#1139 = PRESENTATION_STYLE_ASSIGNMENT (( #1419 ) ) ;
#1140 = DIRECTION ( 'NONE',  ( 1.000000000000000000, 0.0000000000000000000, 0.0000000000000000000 ) ) ;
#1141 = EDGE_CURVE ( 'NONE', #1272, #1530, #107, .T. ) ;
#1142 = DIRECTION ( 'NONE',  ( -1.260700200564539598E-16, 0.0000000000000000000, 1.000000000000000000 ) ) ;
#1143 = ADVANCED_FACE ( 'NONE', ( #1470 ), #1063, .F. ) ;
#1144 = LINE ( 'NONE', #1924, #1615 ) ;
#1145 =( NAMED_UNIT ( * ) PLANE_ANGLE_UNIT ( ) SI_UNIT ( $, .RADIAN. ) );
#1146 = VECTOR ( 'NONE', #345, 1000.000000000000000 ) ;
#1147 = ADVANCED_FACE ( 'NONE', ( #2116 ), #886, .T. ) ;
#1148 = VECTOR ( 'NONE', #1764, 1000.000000000000000 ) ;
#1149 = CARTESIAN_POINT ( 'NONE',  ( -1.545000000000000151, 0.0000000000000000000, -0.1500000000000012990 ) ) ;
#1150 = LINE ( 'NONE', #1334, #815 ) ;
#1151 = CARTESIAN_POINT ( 'NONE',  ( -1.620999999999999996, -2.010000000000000231, -0.1500000000000011879 ) ) ;
#1152 =( GEOMETRIC_REPRESENTATION_CONTEXT ( 3 ) GLOBAL_UNCERTAINTY_ASSIGNED_CONTEXT ( ( #1377 ) ) GLOBAL_UNIT_ASSIGNED_CONTEXT ( ( #1019, #492, #1717 ) ) REPRESENTATION_CONTEXT ( 'NONE', 'WORKASPACE' ) );
#1153 = UNCERTAINTY_MEASURE_WITH_UNIT (LENGTH_MEASURE( 1.000000000000000082E-05 ), #2099, 'distance_accuracy_value', 'NONE');
#1154 =( LENGTH_UNIT ( ) NAMED_UNIT ( * ) SI_UNIT ( .MILLI., .METRE. ) );
#1155 = VERTEX_POINT ( 'NONE', #26 ) ;
#1156 = ADVANCED_FACE ( 'NONE', ( #679 ), #44, .F. ) ;
#1157 = VERTEX_POINT ( 'NONE', #1234 ) ;
#1158 = STYLED_ITEM ( 'NONE', ( #1450 ), #278 ) ;
#1159 =( NAMED_UNIT ( * ) SI_UNIT ( $, .STERADIAN. ) SOLID_ANGLE_UNIT ( ) );
#1160 =( LENGTH_UNIT ( ) NAMED_UNIT ( * ) SI_UNIT ( .MILLI., .METRE. ) );
#1161 = VERTEX_POINT ( 'NONE', #1918 ) ;
#1162 = AXIS2_PLACEMENT_3D ( 'NONE', #1207, #356, #1752 ) ;
#1163 = VERTEX_POINT ( 'NONE', #378 ) ;
#1164 = VECTOR ( 'NONE', #1828, 1000.000000000000000 ) ;
#1165 = STYLED_ITEM ( 'NONE', ( #1139 ), #2022 ) ;
#1166 = VERTEX_POINT ( 'NONE', #1732 ) ;
#1167 = PRODUCT_DEFINITION_SHAPE ( 'NONE', 'NONE',  #1947 ) ;
#1168 = LINE ( 'NONE', #1700, #1667 ) ;
#1169 = ADVANCED_FACE ( 'NONE', ( #1515 ), #868, .T. ) ;
#1170 = CARTESIAN_POINT ( 'NONE',  ( 0.0000000000000000000, -12.69999999999999929, 0.0000000000000000000 ) ) ;
#1171 = LINE ( 'NONE', #1265, #699 ) ;
#1172 = LINE ( 'NONE', #112, #1697 ) ;
#1173 = EDGE_CURVE ( 'NONE', #152, #1962, #2088, .T. ) ;
#1174 = VECTOR ( 'NONE', #610, 1000.000000000000000 ) ;
#1175 = FILL_AREA_STYLE_COLOUR ( '', #1278 ) ;
#1176 = CARTESIAN_POINT ( 'NONE',  ( 0.5989410764182024893, 3.131777421033772768, -2.536185660073794867 ) ) ;
#1177 =( GEOMETRIC_REPRESENTATION_CONTEXT ( 3 ) GLOBAL_UNCERTAINTY_ASSIGNED_CONTEXT ( ( #1041 ) ) GLOBAL_UNIT_ASSIGNED_CONTEXT ( ( #1326, #295, #2023 ) ) REPRESENTATION_CONTEXT ( 'NONE', 'WORKASPACE' ) );
#1178 = ADVANCED_FACE ( 'NONE', ( #723 ), #2183, .F. ) ;
#1179 = MECHANICAL_DESIGN_GEOMETRIC_PRESENTATION_REPRESENTATION (  '', ( #1558 ), #1702 ) ;
#1180 = CARTESIAN_POINT ( 'NONE',  ( 0.3510000000000016995, -2.010000000000000231, -0.1500000000000044076 ) ) ;
#1181 = VECTOR ( 'NONE', #1964, 1000.000000000000000 ) ;
#1182 = CARTESIAN_POINT ( 'NONE',  ( 0.0000000000000000000, 5.339999999999999858, 0.0000000000000000000 ) ) ;
#1183 = EDGE_LOOP ( 'NONE', ( #490, #37, #829, #1870 ) ) ;
#1184 =( NAMED_UNIT ( * ) SI_UNIT ( $, .STERADIAN. ) SOLID_ANGLE_UNIT ( ) );
#1185 = ORIENTED_EDGE ( 'NONE', *, *, #464, .F. ) ;
#1186 = SURFACE_SIDE_STYLE ('',( #1026 ) ) ;
#1187 = FILL_AREA_STYLE_COLOUR ( '', #786 ) ;
#1188 = ORIENTED_EDGE ( 'NONE', *, *, #1619, .T. ) ;
#1189 = VERTEX_POINT ( 'NONE', #1199 ) ;
#1190 = CARTESIAN_POINT ( 'NONE',  ( -0.7499999999999998890, 2.670000000000000817, -2.494699380686979939 ) ) ;
#1191 = PRESENTATION_LAYER_ASSIGNMENT (  '', '', ( #421 ) ) ;
#1192 = ORIENTED_EDGE ( 'NONE', *, *, #344, .F. ) ;
#1193 = FACE_OUTER_BOUND ( 'NONE', #1599, .T. ) ;
#1194 = UNCERTAINTY_MEASURE_WITH_UNIT (LENGTH_MEASURE( 1.000000000000000082E-05 ), #29, 'distance_accuracy_value', 'NONE');
#1195 =( NAMED_UNIT ( * ) SI_UNIT ( $, .STERADIAN. ) SOLID_ANGLE_UNIT ( ) );
#1196 = DIRECTION ( 'NONE',  ( 0.0000000000000000000, 0.0000000000000000000, 1.000000000000000000 ) ) ;
#1197 = LINE ( 'NONE', #2061, #549 ) ;
#1198 = EDGE_CURVE ( 'NONE', #1266, #1495, #17, .T. ) ;
#1199 = CARTESIAN_POINT ( 'NONE',  ( 1.545000000000000151, -1.500000000000000000, -0.1500000000000064337 ) ) ;
#1200 = LINE ( 'NONE', #164, #1866 ) ;
#1201 = DIRECTION ( 'NONE',  ( 0.0000000000000000000, 0.0000000000000000000, -1.000000000000000000 ) ) ;
#1202 = MECHANICAL_DESIGN_GEOMETRIC_PRESENTATION_REPRESENTATION (  '', ( #1434 ), #974 ) ;
#1203 = CARTESIAN_POINT ( 'NONE',  ( 1.621000000000000218, -1.500000000000000000, 0.2799999999999961409 ) ) ;
#1204 = MECHANICAL_DESIGN_GEOMETRIC_PRESENTATION_REPRESENTATION (  '', ( #732 ), #1319 ) ;
#1205 = DIRECTION ( 'NONE',  ( 0.0000000000000000000, -0.0000000000000000000, 1.000000000000000000 ) ) ;
#1206 = ORIENTED_EDGE ( 'NONE', *, *, #1952, .F. ) ;
#1207 = CARTESIAN_POINT ( 'NONE',  ( -0.9949999999999999956, -12.69999999999999929, 0.2799999999999978062 ) ) ;
#1208 =( NAMED_UNIT ( * ) SI_UNIT ( $, .STERADIAN. ) SOLID_ANGLE_UNIT ( ) );
#1209 = ORIENTED_EDGE ( 'NONE', *, *, #432, .F. ) ;
#1210 = ORIENTED_EDGE ( 'NONE', *, *, #772, .F. ) ;
#1211 = DIRECTION ( 'NONE',  ( -0.0000000000000000000, 1.000000000000000000, -0.0000000000000000000 ) ) ;
#1212 = SURFACE_STYLE_USAGE ( .BOTH. , #700 ) ;
#1213 = EDGE_LOOP ( 'NONE', ( #1396, #804, #1097, #915 ) ) ;
#1214 = EDGE_CURVE ( 'NONE', #1533, #1332, #1972, .T. ) ;
#1215 = VERTEX_POINT ( 'NONE', #161 ) ;
#1216 = LINE ( 'NONE', #1753, #299 ) ;
#1217 = DIRECTION ( 'NONE',  ( 0.0000000000000000000, -0.0000000000000000000, 1.000000000000000000 ) ) ;
#1218 = UNCERTAINTY_MEASURE_WITH_UNIT (LENGTH_MEASURE( 1.000000000000000082E-05 ), #76, 'distance_accuracy_value', 'NONE');
#1219 = SURFACE_STYLE_FILL_AREA ( #489 ) ;
#1220 = DIRECTION ( 'NONE',  ( 1.000000000000000000, 0.0000000000000000000, 1.260700200564539845E-16 ) ) ;
#1221 = LINE ( 'NONE', #1082, #1566 ) ;
#1222 = LINE ( 'NONE', #1331, #753 ) ;
#1223 = DIRECTION ( 'NONE',  ( -0.0000000000000000000, -1.000000000000000000, -0.0000000000000000000 ) ) ;
#1224 = CARTESIAN_POINT ( 'NONE',  ( -0.7499999999999998890, 2.670000000000000817, -7.339999999999999858 ) ) ;
#1225 = EDGE_CURVE ( 'NONE', #1454, #1163, #51, .T. ) ;
#1226 = VECTOR ( 'NONE', #1899, 1000.000000000000000 ) ;
#1227 = CARTESIAN_POINT ( 'NONE',  ( -1.545000000000000151, -2.010000000000000231, -0.1500000000000012990 ) ) ;
#1228 =( NAMED_UNIT ( * ) SI_UNIT ( $, .STERADIAN. ) SOLID_ANGLE_UNIT ( ) );
#1229 = STYLED_ITEM ( 'NONE', ( #1245 ), #1147 ) ;
#1230 = DIRECTION ( 'NONE',  ( 0.0000000000000000000, 0.0000000000000000000, -1.000000000000000000 ) ) ;
#1231 =( GEOMETRIC_REPRESENTATION_CONTEXT ( 3 ) GLOBAL_UNCERTAINTY_ASSIGNED_CONTEXT ( ( #417 ) ) GLOBAL_UNIT_ASSIGNED_CONTEXT ( ( #1269, #1806, #105 ) ) REPRESENTATION_CONTEXT ( 'NONE', 'WORKASPACE' ) );
#1232 = SURFACE_SIDE_STYLE ('',( #1808 ) ) ;
#1233 = PRODUCT_DEFINITION_CONTEXT ( 'detailed design', #1994, 'design' ) ;
#1234 = CARTESIAN_POINT ( 'NONE',  ( 0.0000000000000000000, 0.0000000000000000000, -2.604999999999999982 ) ) ;
#1235 = ORIENTED_EDGE ( 'NONE', *, *, #166, .T. ) ;
#1236 = DIRECTION ( 'NONE',  ( -0.0000000000000000000, -0.0000000000000000000, 1.000000000000000000 ) ) ;
#1237 = EDGE_CURVE ( 'NONE', #14, #1435, #681, .T. ) ;
#1238 = EDGE_LOOP ( 'NONE', ( #1323, #218, #377, #1935, #1362, #1094, #566, #1320, #823, #2013, #1881, #824 ) ) ;
#1239 =( LENGTH_UNIT ( ) NAMED_UNIT ( * ) SI_UNIT ( .MILLI., .METRE. ) );
#1240 =( NAMED_UNIT ( * ) SI_UNIT ( $, .STERADIAN. ) SOLID_ANGLE_UNIT ( ) );
#1241 = VERTEX_POINT ( 'NONE', #497 ) ;
#1242 =( LENGTH_UNIT ( ) NAMED_UNIT ( * ) SI_UNIT ( .MILLI., .METRE. ) );
#1243 = AXIS2_PLACEMENT_3D ( 'NONE', #1170, #645, #146 ) ;
#1244 = CARTESIAN_POINT ( 'NONE',  ( -0.9949999999999999956, 0.0000000000000000000, -0.1500000000000022149 ) ) ;
#1245 = PRESENTATION_STYLE_ASSIGNMENT (( #1897 ) ) ;
#1246 = SURFACE_STYLE_FILL_AREA ( #551 ) ;
#1247 = DIRECTION ( 'NONE',  ( -0.0000000000000000000, -1.000000000000000000, -0.0000000000000000000 ) ) ;
#1248 = VECTOR ( 'NONE', #660, 1000.000000000000000 ) ;
#1249 = STYLED_ITEM ( 'NONE', ( #154 ), #1835 ) ;
#1250 = SURFACE_STYLE_USAGE ( .BOTH. , #59 ) ;
#1251 = LINE ( 'NONE', #1707, #900 ) ;
#1252 = PRESENTATION_STYLE_ASSIGNMENT (( #933 ) ) ;
#1253 = SURFACE_SIDE_STYLE ('',( #2119 ) ) ;
#1254 = PRESENTATION_STYLE_ASSIGNMENT (( #1919 ) ) ;
#1255 = DIRECTION ( 'NONE',  ( 1.000000000000000000, -0.0000000000000000000, -0.0000000000000000000 ) ) ;
#1256 = PRESENTATION_STYLE_ASSIGNMENT (( #2037 ) ) ;
#1257 = VECTOR ( 'NONE', #800, 1000.000000000000000 ) ;
#1258 = CARTESIAN_POINT ( 'NONE',  ( 0.3510000000000002562, -1.500000000000000000, 0.2799999999999961409 ) ) ;
#1259 =( LENGTH_UNIT ( ) NAMED_UNIT ( * ) SI_UNIT ( .MILLI., .METRE. ) );
#1260 = AXIS2_PLACEMENT_3D ( 'NONE', #1395, #370, #1909 ) ;
#1261 = ORIENTED_EDGE ( 'NONE', *, *, #1379, .F. ) ;
#1262 = DIRECTION ( 'NONE',  ( -0.0000000000000000000, 1.000000000000000000, -0.0000000000000000000 ) ) ;
#1263 = CARTESIAN_POINT ( 'NONE',  ( 0.9190000000000001501, -2.010000000000000231, -0.1500000000000053790 ) ) ;
#1264 = ORIENTED_EDGE ( 'NONE', *, *, #1198, .T. ) ;
#1265 = CARTESIAN_POINT ( 'NONE',  ( 1.545000000000000151, -1.499999999999999556, 0.2799999999999995826 ) ) ;
#1266 = VERTEX_POINT ( 'NONE', #518 ) ;
#1267 = CARTESIAN_POINT ( 'NONE',  ( 2.067317101946385627, 5.339999999999999858, 1.584999999999999742 ) ) ;
#1268 = ORIENTED_EDGE ( 'NONE', *, *, #2219, .F. ) ;
#1269 =( LENGTH_UNIT ( ) NAMED_UNIT ( * ) SI_UNIT ( .MILLI., .METRE. ) );
#1270 = EDGE_CURVE ( 'NONE', #289, #671, #1251, .T. ) ;
#1271 = FILL_AREA_STYLE ('',( #261 ) ) ;
#1272 = VERTEX_POINT ( 'NONE', #857 ) ;
#1273 = SURFACE_STYLE_USAGE ( .BOTH. , #1253 ) ;
#1274 =( GEOMETRIC_REPRESENTATION_CONTEXT ( 3 ) GLOBAL_UNCERTAINTY_ASSIGNED_CONTEXT ( ( #1548 ) ) GLOBAL_UNIT_ASSIGNED_CONTEXT ( ( #1455, #1784, #1799 ) ) REPRESENTATION_CONTEXT ( 'NONE', 'WORKASPACE' ) );
#1275 = LINE ( 'NONE', #541, #1859 ) ;
#1276 = CARTESIAN_POINT ( 'NONE',  ( 1.545000000000000151, 0.0000000000000000000, 0.2799999999999995826 ) ) ;
#1277 = LINE ( 'NONE', #788, #2229 ) ;
#1278 = COLOUR_RGB ( '',1.000000000000000000, 1.000000000000000000, 1.000000000000000000 ) ;
#1279 = MECHANICAL_DESIGN_GEOMETRIC_PRESENTATION_REPRESENTATION (  '', ( #1165 ), #308 ) ;
#1280 = CARTESIAN_POINT ( 'NONE',  ( -0.9189999999999999281, -2.010000000000000231, -0.1500000000000016875 ) ) ;
#1281 = LINE ( 'NONE', #372, #55 ) ;
#1282 = CARTESIAN_POINT ( 'NONE',  ( 1.545000000000000151, -12.69999999999999929, -0.1500000000000004108 ) ) ;
#1283 = EDGE_CURVE ( 'NONE', #2220, #1298, #1649, .T. ) ;
#1284 = DIRECTION ( 'NONE',  ( -0.0000000000000000000, 1.000000000000000000, -0.0000000000000000000 ) ) ;
#1285 = UNCERTAINTY_MEASURE_WITH_UNIT (LENGTH_MEASURE( 1.000000000000000082E-05 ), #2185, 'distance_accuracy_value', 'NONE');
#1286 =( NAMED_UNIT ( * ) PLANE_ANGLE_UNIT ( ) SI_UNIT ( $, .RADIAN. ) );
#1287 = PRESENTATION_LAYER_ASSIGNMENT (  '', '', ( #941 ) ) ;
#1288 = ORIENTED_EDGE ( 'NONE', *, *, #2025, .F. ) ;
#1289 =( NAMED_UNIT ( * ) SI_UNIT ( $, .STERADIAN. ) SOLID_ANGLE_UNIT ( ) );
#1290 = DIRECTION ( 'NONE',  ( -1.000000000000000000, 0.0000000000000000000, 0.0000000000000000000 ) ) ;
#1291 = ORIENTED_EDGE ( 'NONE', *, *, #1237, .F. ) ;
#1292 = MECHANICAL_DESIGN_GEOMETRIC_PRESENTATION_REPRESENTATION (  '', ( #110 ), #216 ) ;
#1293 = DIRECTION ( 'NONE',  ( 0.0000000000000000000, 0.0000000000000000000, 1.000000000000000000 ) ) ;
#1294 = ORIENTED_EDGE ( 'NONE', *, *, #1906, .T. ) ;
#1295 =( LENGTH_UNIT ( ) NAMED_UNIT ( * ) SI_UNIT ( .MILLI., .METRE. ) );
#1296 = ORIENTED_EDGE ( 'NONE', *, *, #2035, .T. ) ;
#1297 = CARTESIAN_POINT ( 'NONE',  ( 0.3510000000000002562, -1.500000000000000000, -1.017700409127488159 ) ) ;
#1298 = VERTEX_POINT ( 'NONE', #315 ) ;
#1299 = VECTOR ( 'NONE', #599, 1000.000000000000000 ) ;
#1300 = DIRECTION ( 'NONE',  ( 1.000000000000000000, 0.0000000000000000000, 0.0000000000000000000 ) ) ;
#1301 = SURFACE_SIDE_STYLE ('',( #2011 ) ) ;
#1302 = DIRECTION ( 'NONE',  ( 0.0000000000000000000, 0.0000000000000000000, 1.000000000000000000 ) ) ;
#1303 = CARTESIAN_POINT ( 'NONE',  ( 0.0000000000000000000, 5.339999999999999858, -2.604999999999999982 ) ) ;
#1304 = VECTOR ( 'NONE', #1703, 1000.000000000000000 ) ;
#1305 =( GEOMETRIC_REPRESENTATION_CONTEXT ( 3 ) GLOBAL_UNCERTAINTY_ASSIGNED_CONTEXT ( ( #1779 ) ) GLOBAL_UNIT_ASSIGNED_CONTEXT ( ( #2020, #431, #1626 ) ) REPRESENTATION_CONTEXT ( 'NONE', 'WORKASPACE' ) );
#1306 = CARTESIAN_POINT ( 'NONE',  ( 0.0000000000000000000, 0.0000000000000000000, 0.0000000000000000000 ) ) ;
#1307 = LINE ( 'NONE', #1890, #523 ) ;
#1308 = PLANE ( 'NONE',  #413 ) ;
#1309 =( LENGTH_UNIT ( ) NAMED_UNIT ( * ) SI_UNIT ( .MILLI., .METRE. ) );
#1310 = SURFACE_SIDE_STYLE ('',( #594 ) ) ;
#1311 = EDGE_CURVE ( 'NONE', #798, #289, #1197, .T. ) ;
#1312 = ORIENTED_EDGE ( 'NONE', *, *, #249, .T. ) ;
#1313 = UNCERTAINTY_MEASURE_WITH_UNIT (LENGTH_MEASURE( 1.000000000000000082E-05 ), #179, 'distance_accuracy_value', 'NONE');
#1314 = CARTESIAN_POINT ( 'NONE',  ( -0.2749999999999999112, 0.0000000000000000000, -0.1500000000000004940 ) ) ;
#1315 = EDGE_LOOP ( 'NONE', ( #673, #174, #938, #2134 ) ) ;
#1316 = ORIENTED_EDGE ( 'NONE', *, *, #1514, .T. ) ;
#1317 =( GEOMETRIC_REPRESENTATION_CONTEXT ( 3 ) GLOBAL_UNCERTAINTY_ASSIGNED_CONTEXT ( ( #1706 ) ) GLOBAL_UNIT_ASSIGNED_CONTEXT ( ( #1905, #20, #1030 ) ) REPRESENTATION_CONTEXT ( 'NONE', 'WORKASPACE' ) );
#1318 = VERTEX_POINT ( 'NONE', #663 ) ;
#1319 =( GEOMETRIC_REPRESENTATION_CONTEXT ( 3 ) GLOBAL_UNCERTAINTY_ASSIGNED_CONTEXT ( ( #60 ) ) GLOBAL_UNIT_ASSIGNED_CONTEXT ( ( #979, #1136, #793 ) ) REPRESENTATION_CONTEXT ( 'NONE', 'WORKASPACE' ) );
#1320 = ORIENTED_EDGE ( 'NONE', *, *, #1225, .T. ) ;
#1321 = ADVANCED_FACE ( 'NONE', ( #1781 ), #1363, .F. ) ;
#1322 = FILL_AREA_STYLE_COLOUR ( '', #1088 ) ;
#1323 = ORIENTED_EDGE ( 'NONE', *, *, #1237, .T. ) ;
#1324 = VECTOR ( 'NONE', #2059, 1000.000000000000000 ) ;
#1325 = EDGE_CURVE ( 'NONE', #298, #1155, #728, .T. ) ;
#1326 =( LENGTH_UNIT ( ) NAMED_UNIT ( * ) SI_UNIT ( .MILLI., .METRE. ) );
#1327 = EDGE_CURVE ( 'NONE', #808, #1071, #1756, .T. ) ;
#1328 = CARTESIAN_POINT ( 'NONE',  ( -0.9189999999999984848, -1.500000000000000000, -0.1500000000000023537 ) ) ;
#1329 = PRESENTATION_LAYER_ASSIGNMENT (  '', '', ( #110 ) ) ;
#1330 = DIRECTION ( 'NONE',  ( 0.0000000000000000000, 0.0000000000000000000, -1.000000000000000000 ) ) ;
#1331 = CARTESIAN_POINT ( 'NONE',  ( -0.9189999999999999281, -1.500000000000000000, -1.017700409127488159 ) ) ;
#1332 = VERTEX_POINT ( 'NONE', #325 ) ;
#1333 = EDGE_CURVE ( 'NONE', #1215, #831, #1408, .T. ) ;
#1334 = CARTESIAN_POINT ( 'NONE',  ( -1.545000000000000151, -12.69999999999999929, -0.1500000000000012990 ) ) ;
#1335 = DIRECTION ( 'NONE',  ( 0.0000000000000000000, 1.000000000000000000, 0.0000000000000000000 ) ) ;
#1336 = CARTESIAN_POINT ( 'NONE',  ( 0.2750000000000000777, -12.69999999999999929, 0.2799999999999996381 ) ) ;
#1337 = ORIENTED_EDGE ( 'NONE', *, *, #739, .T. ) ;
#1338 = PRESENTATION_LAYER_ASSIGNMENT (  '', '', ( #1842 ) ) ;
#1339 = EDGE_LOOP ( 'NONE', ( #1830, #399, #1372, #1288 ) ) ;
#1340 = CARTESIAN_POINT ( 'NONE',  ( 1.545000000000000151, -12.69999999999999929, -0.1500000000000004108 ) ) ;
#1341 = STYLED_ITEM ( 'NONE', ( #1805 ), #2033 ) ;
#1342 = ORIENTED_EDGE ( 'NONE', *, *, #22, .F. ) ;
#1343 = LINE ( 'NONE', #1099, #2175 ) ;
#1344 = DIRECTION ( 'NONE',  ( 0.0000000000000000000, -1.000000000000000000, 0.0000000000000000000 ) ) ;
#1345 = FACE_OUTER_BOUND ( 'NONE', #1486, .T. ) ;
#1346 = UNCERTAINTY_MEASURE_WITH_UNIT (LENGTH_MEASURE( 1.000000000000000082E-05 ), #473, 'distance_accuracy_value', 'NONE');
#1347 = EDGE_CURVE ( 'NONE', #1163, #298, #2062, .T. ) ;
#1348 =( NAMED_UNIT ( * ) PLANE_ANGLE_UNIT ( ) SI_UNIT ( $, .RADIAN. ) );
#1349 = COLOUR_RGB ( '',0.2509803921568627416, 0.2509803921568627416, 0.2509803921568627416 ) ;
#1350 = CARTESIAN_POINT ( 'NONE',  ( 2.168404344971009361E-16, 2.670000000000000817, -2.000000000000000000 ) ) ;
#1351 = VECTOR ( 'NONE', #45, 1000.000000000000000 ) ;
#1352 = FILL_AREA_STYLE ('',( #1001 ) ) ;
#1353 = CARTESIAN_POINT ( 'NONE',  ( -0.7500000000000000000, 2.768198577478324207, -2.494699380686980383 ) ) ;
#1354 = B_SPLINE_CURVE_WITH_KNOTS ( 'NONE', 3,
 ( #1014, #1884, #493, #2215, #1176, #153, #487, #1009, #1550, #861 ),
 .UNSPECIFIED., .F., .F.,
 ( 4, 2, 2, 2, 4 ),
 ( 0.0000000000000000000, 0.0002947487265003081048, 0.0005894974530006162096, 0.0008842461795009240975, 0.001178994906001232202 ),
 .UNSPECIFIED. ) ;
#1355 = PRESENTATION_LAYER_ASSIGNMENT (  '', '', ( #67 ) ) ;
#1356 = CARTESIAN_POINT ( 'NONE',  ( 2.168404344971009361E-16, 2.670000000000000817, -7.339999999999999858 ) ) ;
#1357 = CIRCLE ( 'NONE', #985, 2.604999999999999982 ) ;
#1358 = EDGE_LOOP ( 'NONE', ( #531, #781, #1741, #191, #2156, #246, #279 ) ) ;
#1359 = LINE ( 'NONE', #1635, #911 ) ;
#1360 = CARTESIAN_POINT ( 'NONE',  ( 0.0000000000000000000, 5.339999999999999858, 0.0000000000000000000 ) ) ;
#1361 = EDGE_CURVE ( 'NONE', #1071, #152, #332, .T. ) ;
#1362 = ORIENTED_EDGE ( 'NONE', *, *, #1031, .T. ) ;
#1363 = PLANE ( 'NONE',  #1053 ) ;
#1364 = CARTESIAN_POINT ( 'NONE',  ( 0.0000000000000000000, 5.339999999999999858, 0.0000000000000000000 ) ) ;
#1365 =( NAMED_UNIT ( * ) PLANE_ANGLE_UNIT ( ) SI_UNIT ( $, .RADIAN. ) );
#1366 = ORIENTED_EDGE ( 'NONE', *, *, #2126, .F. ) ;
#1367 = DIRECTION ( 'NONE',  ( 0.0000000000000000000, 0.0000000000000000000, 1.000000000000000000 ) ) ;
#1368 = STYLED_ITEM ( 'NONE', ( #1049 ), #1169 ) ;
#1369 = ORIENTED_EDGE ( 'NONE', *, *, #344, .T. ) ;
#1370 = VECTOR ( 'NONE', #1293, 1000.000000000000000 ) ;
#1371 = DIRECTION ( 'NONE',  ( 0.0000000000000000000, -1.000000000000000000, 0.0000000000000000000 ) ) ;
#1372 = ORIENTED_EDGE ( 'NONE', *, *, #362, .F. ) ;
#1373 = FACE_OUTER_BOUND ( 'NONE', #430, .T. ) ;
#1374 = SURFACE_STYLE_FILL_AREA ( #1925 ) ;
#1375 =( NAMED_UNIT ( * ) PLANE_ANGLE_UNIT ( ) SI_UNIT ( $, .RADIAN. ) );
#1376 = VECTOR ( 'NONE', #460, 1000.000000000000000 ) ;
#1377 = UNCERTAINTY_MEASURE_WITH_UNIT (LENGTH_MEASURE( 1.000000000000000082E-05 ), #1019, 'distance_accuracy_value', 'NONE');
#1378 = LINE ( 'NONE', #1618, #178 ) ;
#1379 = EDGE_CURVE ( 'NONE', #296, #589, #572, .T. ) ;
#1380 = FILL_AREA_STYLE_COLOUR ( '', #205 ) ;
#1381 = SURFACE_STYLE_USAGE ( .BOTH. , #535 ) ;
#1382 = MECHANICAL_DESIGN_GEOMETRIC_PRESENTATION_REPRESENTATION (  '', ( #1229 ), #1608 ) ;
#1383 = CARTESIAN_POINT ( 'NONE',  ( -0.7301542294180982662, 2.472635804855930264, -2.500883206408325510 ) ) ;
#1384 = PRESENTATION_STYLE_ASSIGNMENT (( #1614 ) ) ;
#1385 = AXIS2_PLACEMENT_3D ( 'NONE', #223, #30, #199 ) ;
#1386 = CARTESIAN_POINT ( 'NONE',  ( -1.620999999999999996, -2.010000000000000231, -1.017700409127488159 ) ) ;
#1387 = LINE ( 'NONE', #1485, #183 ) ;
#1388 = FILL_AREA_STYLE ('',( #2233 ) ) ;
#1389 = ORIENTED_EDGE ( 'NONE', *, *, #1270, .F. ) ;
#1390 = CARTESIAN_POINT ( 'NONE',  ( 0.2750000000000000777, 0.0000000000000000000, 0.2799999999999996381 ) ) ;
#1391 = EDGE_LOOP ( 'NONE', ( #630, #750, #2169, #1095 ) ) ;
#1392 = EDGE_CURVE ( 'NONE', #1298, #1513, #134, .T. ) ;
#1393 = VERTEX_POINT ( 'NONE', #220 ) ;
#1394 = SURFACE_SIDE_STYLE ('',( #1246 ) ) ;
#1395 = CARTESIAN_POINT ( 'NONE',  ( 1.545000000000000151, -12.69999999999999929, 0.2799999999999995826 ) ) ;
#1396 = ORIENTED_EDGE ( 'NONE', *, *, #1006, .F. ) ;
#1397 = MECHANICAL_DESIGN_GEOMETRIC_PRESENTATION_REPRESENTATION (  '', ( #941 ), #1518 ) ;
#1398 = CARTESIAN_POINT ( 'NONE',  ( 0.3510000000000002562, -1.500000000000000000, -0.1500000000000044076 ) ) ;
#1399 = ORIENTED_EDGE ( 'NONE', *, *, #1826, .T. ) ;
#1400 = SURFACE_STYLE_USAGE ( .BOTH. , #374 ) ;
#1401 =( GEOMETRIC_REPRESENTATION_CONTEXT ( 3 ) GLOBAL_UNCERTAINTY_ASSIGNED_CONTEXT ( ( #1153 ) ) GLOBAL_UNIT_ASSIGNED_CONTEXT ( ( #2099, #698, #720 ) ) REPRESENTATION_CONTEXT ( 'NONE', 'WORKASPACE' ) );
#1402 = CARTESIAN_POINT ( 'NONE',  ( 1.621000000000001773, -1.500000000000000000, -0.1500000000000065725 ) ) ;
#1403 = PLANE ( 'NONE',  #1900 ) ;
#1404 = LINE ( 'NONE', #182, #954 ) ;
#1405 =( GEOMETRIC_REPRESENTATION_CONTEXT ( 3 ) GLOBAL_UNCERTAINTY_ASSIGNED_CONTEXT ( ( #555 ) ) GLOBAL_UNIT_ASSIGNED_CONTEXT ( ( #769, #101, #1289 ) ) REPRESENTATION_CONTEXT ( 'NONE', 'WORKASPACE' ) );
#1406 = VECTOR ( 'NONE', #148, 1000.000000000000000 ) ;
#1407 = DIRECTION ( 'NONE',  ( 0.0000000000000000000, 1.000000000000000000, 0.0000000000000000000 ) ) ;
#1408 = LINE ( 'NONE', #1868, #494 ) ;
#1409 = FILL_AREA_STYLE_COLOUR ( '', #1974 ) ;
#1410 = CARTESIAN_POINT ( 'NONE',  ( -0.9949999999999999956, -1.499999999999999556, 0.2799999999999978062 ) ) ;
#1411 = FACE_OUTER_BOUND ( 'NONE', #2159, .T. ) ;
#1412 = DIRECTION ( 'NONE',  ( 0.0000000000000000000, 1.000000000000000000, 0.0000000000000000000 ) ) ;
#1413 = COLOUR_RGB ( '',1.000000000000000000, 1.000000000000000000, 1.000000000000000000 ) ;
#1414 = DIRECTION ( 'NONE',  ( -1.000000000000000000, -0.0000000000000000000, 1.675585175659415692E-15 ) ) ;
#1415 = SURFACE_SIDE_STYLE ('',( #896 ) ) ;
#1416 = CIRCLE ( 'NONE', #1484, 2.604999999999999982 ) ;
#1417 =( NAMED_UNIT ( * ) PLANE_ANGLE_UNIT ( ) SI_UNIT ( $, .RADIAN. ) );
#1418 = STYLED_ITEM ( 'NONE', ( #575 ), #1036 ) ;
#1419 = SURFACE_STYLE_USAGE ( .BOTH. , #57 ) ;
#1420 =( NAMED_UNIT ( * ) PLANE_ANGLE_UNIT ( ) SI_UNIT ( $, .RADIAN. ) );
#1421 = B_SPLINE_CURVE_WITH_KNOTS ( 'NONE', 3,
 ( #674, #2072, #1383, #522, #1712, #1892, #1722, #10 ),
 .UNSPECIFIED., .F., .F.,
 ( 4, 2, 2, 4 ),
 ( 0.002357348498313208401, 0.002651958618699852901, 0.002946568739086497836, 0.003535788979859786837 ),
 .UNSPECIFIED. ) ;
#1422 =( NAMED_UNIT ( * ) PLANE_ANGLE_UNIT ( ) SI_UNIT ( $, .RADIAN. ) );
#1423 = ORIENTED_EDGE ( 'NONE', *, *, #1141, .T. ) ;
#1424 = ORIENTED_EDGE ( 'NONE', *, *, #1503, .F. ) ;
#1425 = CARTESIAN_POINT ( 'NONE',  ( -2.284669427343726468E-13, 3.420000000002172413, -2.605000000000625260 ) ) ;
#1426 = ADVANCED_FACE ( 'NONE', ( #155 ), #1582, .T. ) ;
#1427 = DIRECTION ( 'NONE',  ( 0.0000000000000000000, 0.0000000000000000000, 1.000000000000000000 ) ) ;
#1428 = EDGE_CURVE ( 'NONE', #12, #2074, #1144, .T. ) ;
#1429 = ORIENTED_EDGE ( 'NONE', *, *, #1579, .T. ) ;
#1430 = DIRECTION ( 'NONE',  ( 0.0000000000000000000, 0.0000000000000000000, 1.000000000000000000 ) ) ;
#1431 = FILL_AREA_STYLE_COLOUR ( '', #1349 ) ;
#1432 = ORIENTED_EDGE ( 'NONE', *, *, #502, .T. ) ;
#1433 = SURFACE_STYLE_FILL_AREA ( #2132 ) ;
#1434 = STYLED_ITEM ( 'NONE', ( #1256 ), #581 ) ;
#1435 = VERTEX_POINT ( 'NONE', #1227 ) ;
#1436 = LINE ( 'NONE', #329, #228 ) ;
#1437 = CARTESIAN_POINT ( 'NONE',  ( 1.545000000000000151, -12.69999999999999929, -0.1500000000000004108 ) ) ;
#1438 = PRESENTATION_STYLE_ASSIGNMENT (( #1381 ) ) ;
#1439 = CARTESIAN_POINT ( 'NONE',  ( 0.7500000000000003331, 2.470708108212579468, -2.494699380686978163 ) ) ;
#1440 = DIRECTION ( 'NONE',  ( -1.000000000000000000, 0.0000000000000000000, 0.0000000000000000000 ) ) ;
#1441 = VECTOR ( 'NONE', #830, 1000.000000000000000 ) ;
#1442 = SURFACE_STYLE_FILL_AREA ( #1954 ) ;
#1443 = CARTESIAN_POINT ( 'NONE',  ( 1.545000000000000151, -12.69999999999999929, 0.2799999999999995826 ) ) ;
#1444 = LINE ( 'NONE', #1282, #1971 ) ;
#1445 = CARTESIAN_POINT ( 'NONE',  ( -1.545000000000000151, -12.69999999999999929, -0.1500000000000012990 ) ) ;
#1446 = DIRECTION ( 'NONE',  ( -0.0000000000000000000, 0.0000000000000000000, 1.000000000000000000 ) ) ;
#1447 = SURFACE_STYLE_USAGE ( .BOTH. , #247 ) ;
#1448 = COLOUR_RGB ( '',1.000000000000000000, 1.000000000000000000, 1.000000000000000000 ) ;
#1449 =( GEOMETRIC_REPRESENTATION_CONTEXT ( 3 ) GLOBAL_UNCERTAINTY_ASSIGNED_CONTEXT ( ( #2122 ) ) GLOBAL_UNIT_ASSIGNED_CONTEXT ( ( #1239, #1580, #557 ) ) REPRESENTATION_CONTEXT ( 'NONE', 'WORKASPACE' ) );
#1450 = PRESENTATION_STYLE_ASSIGNMENT (( #1250 ) ) ;
#1451 = AXIS2_PLACEMENT_3D ( 'NONE', #414, #395, #926 ) ;
#1452 = EDGE_LOOP ( 'NONE', ( #1424, #506, #509, #1342 ) ) ;
#1453 = SURFACE_SIDE_STYLE ('',( #1433 ) ) ;
#1454 = VERTEX_POINT ( 'NONE', #1044 ) ;
#1455 =( LENGTH_UNIT ( ) NAMED_UNIT ( * ) SI_UNIT ( .MILLI., .METRE. ) );
#1456 = UNCERTAINTY_MEASURE_WITH_UNIT (LENGTH_MEASURE( 1.000000000000000082E-05 ), #1295, 'distance_accuracy_value', 'NONE');
#1457 = PLANE ( 'NONE',  #1861 ) ;
#1458 = ORIENTED_EDGE ( 'NONE', *, *, #38, .F. ) ;
#1459 = CARTESIAN_POINT ( 'NONE',  ( 0.3510000000000016995, -1.500000000000000000, -0.1500000000000044076 ) ) ;
#1460 = CARTESIAN_POINT ( 'NONE',  ( 0.9949999999999999956, 0.0000000000000000000, 0.2799999999999995270 ) ) ;
#1461 = ORIENTED_EDGE ( 'NONE', *, *, #479, .T. ) ;
#1462 = PRESENTATION_STYLE_ASSIGNMENT (( #799 ) ) ;
#1463 = EDGE_CURVE ( 'NONE', #1241, #1161, #545, .T. ) ;
#1464 =( NAMED_UNIT ( * ) PLANE_ANGLE_UNIT ( ) SI_UNIT ( $, .RADIAN. ) );
#1465 = VERTEX_POINT ( 'NONE', #525 ) ;
#1466 = VECTOR ( 'NONE', #682, 1000.000000000000000 ) ;
#1467 = CARTESIAN_POINT ( 'NONE',  ( 1.545000000000000151, -12.69999999999999929, 0.2799999999999995826 ) ) ;
#1468 = CARTESIAN_POINT ( 'NONE',  ( 1.545000000000000151, -1.499999999999999556, 0.2799999999999995826 ) ) ;
#1469 = STYLED_ITEM ( 'NONE', ( #446 ), #877 ) ;
#1470 = FACE_OUTER_BOUND ( 'NONE', #1538, .T. ) ;
#1471 = FACE_OUTER_BOUND ( 'NONE', #371, .T. ) ;
#1472 = LINE ( 'NONE', #6, #927 ) ;
#1473 = AXIS2_PLACEMENT_3D ( 'NONE', #1107, #259, #605 ) ;
#1474 = FILL_AREA_STYLE ('',( #1621 ) ) ;
#1475 = LINE ( 'NONE', #693, #1785 ) ;
#1476 = CARTESIAN_POINT ( 'NONE',  ( 0.2750000000000000777, 0.0000000000000000000, 0.2799999999999996381 ) ) ;
#1477 = VECTOR ( 'NONE', #672, 1000.000000000000000 ) ;
#1478 =( NAMED_UNIT ( * ) SI_UNIT ( $, .STERADIAN. ) SOLID_ANGLE_UNIT ( ) );
#1479 = EDGE_CURVE ( 'NONE', #1067, #373, #1404, .T. ) ;
#1480 = PRESENTATION_STYLE_ASSIGNMENT (( #803 ) ) ;
#1481 = SURFACE_STYLE_USAGE ( .BOTH. , #274 ) ;
#1482 = VECTOR ( 'NONE', #1946, 1000.000000000000000 ) ;
#1483 = DIRECTION ( 'NONE',  ( 0.0000000000000000000, 1.000000000000000000, -0.0000000000000000000 ) ) ;
#1484 = AXIS2_PLACEMENT_3D ( 'NONE', #1182, #1335, #1196 ) ;
#1485 = CARTESIAN_POINT ( 'NONE',  ( 1.621000000000001773, -1.500000000000000000, -0.1500000000000065725 ) ) ;
#1486 = EDGE_LOOP ( 'NONE', ( #1188, #1185, #1832, #1532 ) ) ;
#1487 =( GEOMETRIC_REPRESENTATION_CONTEXT ( 3 ) GLOBAL_UNCERTAINTY_ASSIGNED_CONTEXT ( ( #1751 ) ) GLOBAL_UNIT_ASSIGNED_CONTEXT ( ( #1017, #1348, #1862 ) ) REPRESENTATION_CONTEXT ( 'NONE', 'WORKASPACE' ) );
#1488 = SURFACE_SIDE_STYLE ('',( #1018 ) ) ;
#1489 = ADVANCED_FACE ( 'NONE', ( #46 ), #704, .F. ) ;
#1490 = DIRECTION ( 'NONE',  ( 0.0000000000000000000, 0.0000000000000000000, 1.000000000000000000 ) ) ;
#1491 = CARTESIAN_POINT ( 'NONE',  ( -1.545000000000000151, -12.69999999999999929, 0.2799999999999987499 ) ) ;
#1492 = ORIENTED_EDGE ( 'NONE', *, *, #281, .F. ) ;
#1493 = COLOUR_RGB ( '',1.000000000000000000, 1.000000000000000000, 1.000000000000000000 ) ;
#1494 = EDGE_CURVE ( 'NONE', #771, #1718, #1275, .T. ) ;
#1495 = VERTEX_POINT ( 'NONE', #1072 ) ;
#1496 = ORIENTED_EDGE ( 'NONE', *, *, #1723, .T. ) ;
#1497 = DIRECTION ( 'NONE',  ( 0.0000000000000000000, 0.0000000000000000000, -1.000000000000000000 ) ) ;
#1498 = LINE ( 'NONE', #1676, #358 ) ;
#1499 = FILL_AREA_STYLE ('',( #980 ) ) ;
#1500 = ADVANCED_FACE ( 'NONE', ( #1345 ), #1403, .F. ) ;
#1501 = AXIS2_PLACEMENT_3D ( 'NONE', #2087, #1407, #1739 ) ;
#1502 = FILL_AREA_STYLE ('',( #1322 ) ) ;
#1503 = EDGE_CURVE ( 'NONE', #2221, #75, #1671, .T. ) ;
#1504 = FILL_AREA_STYLE ('',( #623 ) ) ;
#1505 = ORIENTED_EDGE ( 'NONE', *, *, #1361, .F. ) ;
#1506 = SURFACE_STYLE_USAGE ( .BOTH. , #653 ) ;
#1507 =( GEOMETRIC_REPRESENTATION_CONTEXT ( 3 ) GLOBAL_UNCERTAINTY_ASSIGNED_CONTEXT ( ( #1076 ) ) GLOBAL_UNIT_ASSIGNED_CONTEXT ( ( #1681, #1674, #1478 ) ) REPRESENTATION_CONTEXT ( 'NONE', 'WORKASPACE' ) );
#1508 = AXIS2_PLACEMENT_3D ( 'NONE', #1040, #206, #546 ) ;
#1509 = EDGE_LOOP ( 'NONE', ( #1134, #1505, #1541, #1268 ) ) ;
#1510 = CARTESIAN_POINT ( 'NONE',  ( 0.3510000000000016995, -1.500000000000000000, -0.1500000000000044076 ) ) ;
#1511 = ORIENTED_EDGE ( 'NONE', *, *, #1939, .F. ) ;
#1512 = PLANE ( 'NONE',  #864 ) ;
#1513 = VERTEX_POINT ( 'NONE', #912 ) ;
#1514 = EDGE_CURVE ( 'NONE', #12, #1189, #1171, .T. ) ;
#1515 = FACE_OUTER_BOUND ( 'NONE', #2160, .T. ) ;
#1516 = LINE ( 'NONE', #137, #1612 ) ;
#1517 = PLANE ( 'NONE',  #1699 ) ;
#1518 =( GEOMETRIC_REPRESENTATION_CONTEXT ( 3 ) GLOBAL_UNCERTAINTY_ASSIGNED_CONTEXT ( ( #1313 ) ) GLOBAL_UNIT_ASSIGNED_CONTEXT ( ( #179, #1375, #87 ) ) REPRESENTATION_CONTEXT ( 'NONE', 'WORKASPACE' ) );
#1519 = SURFACE_STYLE_FILL_AREA ( #1704 ) ;
#1520 = CARTESIAN_POINT ( 'NONE',  ( 0.9949999999999999956, -12.69999999999999929, 0.2799999999999995270 ) ) ;
#1521 = UNCERTAINTY_MEASURE_WITH_UNIT (LENGTH_MEASURE( 1.000000000000000082E-05 ), #452, 'distance_accuracy_value', 'NONE');
#1522 = VECTOR ( 'NONE', #1927, 1000.000000000000000 ) ;
#1523 = PRESENTATION_LAYER_ASSIGNMENT (  '', '', ( #1098 ) ) ;
#1524 = PRODUCT_DEFINITION_FORMATION_WITH_SPECIFIED_SOURCE ( 'ANY', '', #1535, .NOT_KNOWN. ) ;
#1525 = DIRECTION ( 'NONE',  ( -1.000000000000000000, 0.0000000000000000000, 1.675585175659415692E-15 ) ) ;
#1526 =( NAMED_UNIT ( * ) PLANE_ANGLE_UNIT ( ) SI_UNIT ( $, .RADIAN. ) );
#1527 = VECTOR ( 'NONE', #1069, 1000.000000000000000 ) ;
#1528 = CARTESIAN_POINT ( 'NONE',  ( -1.545000000000000151, -12.69999999999999929, -0.1500000000000012990 ) ) ;
#1529 = ORIENTED_EDGE ( 'NONE', *, *, #1109, .T. ) ;
#1530 = VERTEX_POINT ( 'NONE', #211 ) ;
#1531 = ORIENTED_EDGE ( 'NONE', *, *, #393, .F. ) ;
#1532 = ORIENTED_EDGE ( 'NONE', *, *, #1787, .F. ) ;
#1533 = VERTEX_POINT ( 'NONE', #1443 ) ;
#1534 = MECHANICAL_DESIGN_GEOMETRIC_PRESENTATION_REPRESENTATION (  '', ( #421 ), #1152 ) ;
#1535 = PRODUCT ( 'TL431ACLPR', 'TL431ACLPR', '', ( #601 ) ) ;
#1536 = VERTEX_POINT ( 'NONE', #565 ) ;
#1537 = CARTESIAN_POINT ( 'NONE',  ( -1.545000000000000151, -1.499999999999999556, 0.2799999999999987499 ) ) ;
#1538 = EDGE_LOOP ( 'NONE', ( #2163, #828, #848, #2055 ) ) ;
#1539 = COLOUR_RGB ( '',1.000000000000000000, 1.000000000000000000, 1.000000000000000000 ) ;
#1540 = CARTESIAN_POINT ( 'NONE',  ( 1.621000000000000218, -2.010000000000000231, -1.017700409127488159 ) ) ;
#1541 = ORIENTED_EDGE ( 'NONE', *, *, #1551, .F. ) ;
#1542 =( NAMED_UNIT ( * ) PLANE_ANGLE_UNIT ( ) SI_UNIT ( $, .RADIAN. ) );
#1543 = PRESENTATION_STYLE_ASSIGNMENT (( #1817 ) ) ;
#1544 = EDGE_CURVE ( 'NONE', #831, #406, #1221, .T. ) ;
#1545 = CIRCLE ( 'NONE', #1066, 2.604999999999999982 ) ;
#1546 = AXIS2_PLACEMENT_3D ( 'NONE', #971, #141, #1490 ) ;
#1547 = DIRECTION ( 'NONE',  ( 1.000000000000000000, -0.0000000000000000000, -0.0000000000000000000 ) ) ;
#1548 = UNCERTAINTY_MEASURE_WITH_UNIT (LENGTH_MEASURE( 1.000000000000000082E-05 ), #1455, 'distance_accuracy_value', 'NONE');
#1549 = PRESENTATION_STYLE_ASSIGNMENT (( #889 ) ) ;
#1550 = CARTESIAN_POINT ( 'NONE',  ( 0.09846808226106081030, 3.420000000000053664, -2.605000000000015525 ) ) ;
#1551 = EDGE_CURVE ( 'NONE', #771, #1071, #301, .T. ) ;
#1552 = FILL_AREA_STYLE_COLOUR ( '', #1966 ) ;
#1553 =( LENGTH_UNIT ( ) NAMED_UNIT ( * ) SI_UNIT ( .MILLI., .METRE. ) );
#1554 = EDGE_CURVE ( 'NONE', #1803, #2079, #655, .T. ) ;
#1555 = SURFACE_SIDE_STYLE ('',( #138 ) ) ;
#1556 = ORIENTED_EDGE ( 'NONE', *, *, #2098, .T. ) ;
#1557 = CARTESIAN_POINT ( 'NONE',  ( -2.284669427343726468E-13, 3.420000000002172413, -2.605000000000625260 ) ) ;
#1558 = STYLED_ITEM ( 'NONE', ( #2228 ), #1500 ) ;
#1559 = ORIENTED_EDGE ( 'NONE', *, *, #1769, .F. ) ;
#1560 = CLOSED_SHELL ( 'NONE', ( #1178, #1569, #966, #302, #1489, #2214, #1714, #614, #1843, #1970, #1130, #1500, #1663, #2043, #2033, #773, #1999, #656, #363, #278, #1321, #1143, #1654, #1156, #365, #1814, #774, #2172, #188, #1147, #485, #440, #2010, #2188, #1426, #2166, #1169, #25, #466, #1835, #1856, #877, #2022, #1645, #292, #1630, #1036 ) ) ;
#1561 = STYLED_ITEM ( 'NONE', ( #853 ), #130 ) ;
#1562 = FILL_AREA_STYLE ('',( #1187 ) ) ;
#1563 = COLOUR_RGB ( '',0.2509803921568627416, 0.2509803921568627416, 0.2509803921568627416 ) ;
#1564 =( NAMED_UNIT ( * ) SI_UNIT ( $, .STERADIAN. ) SOLID_ANGLE_UNIT ( ) );
#1565 = EDGE_CURVE ( 'NONE', #589, #1803, #469, .T. ) ;
#1566 = VECTOR ( 'NONE', #757, 1000.000000000000000 ) ;
#1567 = LINE ( 'NONE', #1115, #1112 ) ;
#1568 = EDGE_CURVE ( 'NONE', #671, #1393, #1757, .T. ) ;
#1569 = ADVANCED_FACE ( 'NONE', ( #1028 ), #790, .T. ) ;
#1570 = COLOUR_RGB ( '',1.000000000000000000, 1.000000000000000000, 1.000000000000000000 ) ;
#1571 = DIRECTION ( 'NONE',  ( 1.971276677246371272E-16, 0.0000000000000000000, -1.000000000000000000 ) ) ;
#1572 = AXIS2_PLACEMENT_3D ( 'NONE', #1854, #1290, #936 ) ;
#1573 =( LENGTH_UNIT ( ) NAMED_UNIT ( * ) SI_UNIT ( .MILLI., .METRE. ) );
#1574 = FILL_AREA_STYLE ('',( #41 ) ) ;
#1575 = AXIS2_PLACEMENT_3D ( 'NONE', #939, #2125, #1774 ) ;
#1576 = FILL_AREA_STYLE_COLOUR ( '', #1973 ) ;
#1577 = ORIENTED_EDGE ( 'NONE', *, *, #1694, .F. ) ;
#1578 = FILL_AREA_STYLE ('',( #1920 ) ) ;
#1579 = EDGE_CURVE ( 'NONE', #406, #1465, #1701, .T. ) ;
#1580 =( NAMED_UNIT ( * ) PLANE_ANGLE_UNIT ( ) SI_UNIT ( $, .RADIAN. ) );
#1581 = ORIENTED_EDGE ( 'NONE', *, *, #576, .F. ) ;
#1582 = PLANE ( 'NONE',  #410 ) ;
#1583 = UNCERTAINTY_MEASURE_WITH_UNIT (LENGTH_MEASURE( 1.000000000000000082E-05 ), #951, 'distance_accuracy_value', 'NONE');
#1584 = ORIENTED_EDGE ( 'NONE', *, *, #855, .T. ) ;
#1585 = MECHANICAL_DESIGN_GEOMETRIC_PRESENTATION_REPRESENTATION (  '', ( #899 ), #108 ) ;
#1586 = PRESENTATION_STYLE_ASSIGNMENT (( #964 ) ) ;
#1587 = CARTESIAN_POINT ( 'NONE',  ( 1.621000000000000218, -2.010000000000000231, 0.2799999999999961409 ) ) ;
#1588 = ORIENTED_EDGE ( 'NONE', *, *, #1737, .T. ) ;
#1589 = CIRCLE ( 'NONE', #1473, 2.604999999999999982 ) ;
#1590 = CARTESIAN_POINT ( 'NONE',  ( -0.2749999999999999667, -12.69999999999999929, 0.2799999999999995270 ) ) ;
#1591 = CARTESIAN_POINT ( 'NONE',  ( -0.9189999999999999281, -2.010000000000000231, 0.2799999999999961409 ) ) ;
#1592 = LINE ( 'NONE', #835, #680 ) ;
#1593 = VECTOR ( 'NONE', #1371, 1000.000000000000000 ) ;
#1594 = CARTESIAN_POINT ( 'NONE',  ( 0.9190000000000001501, -2.010000000000000231, -1.017700409127488159 ) ) ;
#1595 = LINE ( 'NONE', #1698, #613 ) ;
#1596 = PRESENTATION_LAYER_ASSIGNMENT (  '', '', ( #1368 ) ) ;
#1597 = CARTESIAN_POINT ( 'NONE',  ( 0.7500000000000003331, 2.670000000000000817, -2.494699380686979939 ) ) ;
#1598 = CARTESIAN_POINT ( 'NONE',  ( -0.9189999999999999281, -2.010000000000000231, 0.2799999999999961409 ) ) ;
#1599 = EDGE_LOOP ( 'NONE', ( #1192, #243 ) ) ;
#1600 = DIRECTION ( 'NONE',  ( 0.0000000000000000000, 0.0000000000000000000, -1.000000000000000000 ) ) ;
#1601 = DIRECTION ( 'NONE',  ( 1.000000000000000000, 0.0000000000000000000, -1.675585175659415692E-15 ) ) ;
#1602 = STYLED_ITEM ( 'NONE', ( #453 ), #188 ) ;
#1603 = ORIENTED_EDGE ( 'NONE', *, *, #1031, .F. ) ;
#1604 = CARTESIAN_POINT ( 'NONE',  ( 1.621000000000000218, -1.500000000000000000, -1.017700409127488159 ) ) ;
#1605 = UNCERTAINTY_MEASURE_WITH_UNIT (LENGTH_MEASURE( 1.000000000000000082E-05 ), #1553, 'distance_accuracy_value', 'NONE');
#1606 = DIRECTION ( 'NONE',  ( -0.0000000000000000000, -1.000000000000000000, -0.0000000000000000000 ) ) ;
#1607 = ORIENTED_EDGE ( 'NONE', *, *, #2050, .F. ) ;
#1608 =( GEOMETRIC_REPRESENTATION_CONTEXT ( 3 ) GLOBAL_UNCERTAINTY_ASSIGNED_CONTEXT ( ( #2168 ) ) GLOBAL_UNIT_ASSIGNED_CONTEXT ( ( #1242, #2094, #2109 ) ) REPRESENTATION_CONTEXT ( 'NONE', 'WORKASPACE' ) );
#1609 = ORIENTED_EDGE ( 'NONE', *, *, #249, .F. ) ;
#1610 = PRESENTATION_STYLE_ASSIGNMENT (( #1050 ) ) ;
#1611 = CARTESIAN_POINT ( 'NONE',  ( -0.3509999999999999232, -2.010000000000000231, 0.2799999999999961409 ) ) ;
#1612 = VECTOR ( 'NONE', #312, 1000.000000000000000 ) ;
#1613 = PRESENTATION_LAYER_ASSIGNMENT (  '', '', ( #1249 ) ) ;
#1614 = SURFACE_STYLE_USAGE ( .BOTH. , #1301 ) ;
#1615 = VECTOR ( 'NONE', #885, 1000.000000000000000 ) ;
#1616 = DIRECTION ( 'NONE',  ( -1.000000000000000000, 0.0000000000000000000, 1.445602896647339163E-16 ) ) ;
#1617 = FILL_AREA_STYLE ('',( #123 ) ) ;
#1618 = CARTESIAN_POINT ( 'NONE',  ( 0.9949999999999999956, -2.009999999999999787, 0.2799999999999995270 ) ) ;
#1619 = EDGE_CURVE ( 'NONE', #779, #1855, #1005, .T. ) ;
#1620 = FILL_AREA_STYLE_COLOUR ( '', #1539 ) ;
#1621 = FILL_AREA_STYLE_COLOUR ( '', #1034 ) ;
#1622 = DIRECTION ( 'NONE',  ( 0.0000000000000000000, 0.0000000000000000000, -1.000000000000000000 ) ) ;
#1623 = MECHANICAL_DESIGN_GEOMETRIC_PRESENTATION_REPRESENTATION (  '', ( #1010 ), #1818 ) ;
#1624 = FILL_AREA_STYLE ('',( #1644 ) ) ;
#1625 = LINE ( 'NONE', #1086, #3 ) ;
#1626 =( NAMED_UNIT ( * ) SI_UNIT ( $, .STERADIAN. ) SOLID_ANGLE_UNIT ( ) );
#1627 = ORIENTED_EDGE ( 'NONE', *, *, #58, .F. ) ;
#1628 = ORIENTED_EDGE ( 'NONE', *, *, #1042, .T. ) ;
#1629 =( NAMED_UNIT ( * ) SI_UNIT ( $, .STERADIAN. ) SOLID_ANGLE_UNIT ( ) );
#1630 = ADVANCED_FACE ( 'NONE', ( #390 ), #1792, .T. ) ;
#1631 = DIRECTION ( 'NONE',  ( -0.0000000000000000000, 0.0000000000000000000, 1.000000000000000000 ) ) ;
#1632 = EDGE_LOOP ( 'NONE', ( #1296, #425, #1638, #1777, #1983, #40, #7, #1950, #224, #186, #484, #2016 ) ) ;
#1633 = PRODUCT_DEFINITION_FORMATION_WITH_SPECIFIED_SOURCE ( 'ANY', '', #337, .NOT_KNOWN. ) ;
#1634 =( NAMED_UNIT ( * ) SI_UNIT ( $, .STERADIAN. ) SOLID_ANGLE_UNIT ( ) );
#1635 = CARTESIAN_POINT ( 'NONE',  ( -0.3509999999999999232, -1.500000000000000000, -1.017700409127488159 ) ) ;
#1636 = ORIENTED_EDGE ( 'NONE', *, *, #1851, .F. ) ;
#1637 = SURFACE_STYLE_USAGE ( .BOTH. , #603 ) ;
#1638 = ORIENTED_EDGE ( 'NONE', *, *, #1503, .T. ) ;
#1639 = FILL_AREA_STYLE_COLOUR ( '', #122 ) ;
#1640 = DIRECTION ( 'NONE',  ( 0.0000000000000000000, 0.0000000000000000000, 1.000000000000000000 ) ) ;
#1641 = ORIENTED_EDGE ( 'NONE', *, *, #1379, .T. ) ;
#1642 = VECTOR ( 'NONE', #1446, 1000.000000000000000 ) ;
#1643 = FILL_AREA_STYLE ('',( #429 ) ) ;
#1644 = FILL_AREA_STYLE_COLOUR ( '', #63 ) ;
#1645 = ADVANCED_FACE ( 'NONE', ( #1811 ), #1457, .T. ) ;
#1646 = APPLICATION_CONTEXT ( 'automotive_design' ) ;
#1647 = LINE ( 'NONE', #1825, #1908 ) ;
#1648 = CARTESIAN_POINT ( 'NONE',  ( -0.9189999999999999281, -2.010000000000000231, -1.017700409127488159 ) ) ;
#1649 = LINE ( 'NONE', #2226, #1054 ) ;
#1650 = DIRECTION ( 'NONE',  ( 0.0000000000000000000, 1.000000000000000000, -0.0000000000000000000 ) ) ;
#1651 = LINE ( 'NONE', #9, #1917 ) ;
#1652 = EDGE_CURVE ( 'NONE', #121, #1993, #80, .T. ) ;
#1653 =( LENGTH_UNIT ( ) NAMED_UNIT ( * ) SI_UNIT ( .MILLI., .METRE. ) );
#1654 = ADVANCED_FACE ( 'NONE', ( #1055 ), #1981, .F. ) ;
#1655 = SURFACE_STYLE_USAGE ( .BOTH. , #478 ) ;
#1656 = FACE_OUTER_BOUND ( 'NONE', #1688, .T. ) ;
#1657 = DIRECTION ( 'NONE',  ( 0.0000000000000000000, 0.0000000000000000000, 1.000000000000000000 ) ) ;
#1658 = MECHANICAL_DESIGN_GEOMETRIC_PRESENTATION_REPRESENTATION (  '', ( #2101 ), #508 ) ;
#1659 = ORIENTED_EDGE ( 'NONE', *, *, #190, .F. ) ;
#1660 = ORIENTED_EDGE ( 'NONE', *, *, #1680, .F. ) ;
#1661 = STYLED_ITEM ( 'NONE', ( #652 ), #1843 ) ;
#1662 = ORIENTED_EDGE ( 'NONE', *, *, #1737, .F. ) ;
#1663 = ADVANCED_FACE ( 'NONE', ( #836 ), #303, .F. ) ;
#1664 = EDGE_CURVE ( 'NONE', #1064, #480, #1754, .T. ) ;
#1665 = VERTEX_POINT ( 'NONE', #282 ) ;
#1666 = ORIENTED_EDGE ( 'NONE', *, *, #502, .F. ) ;
#1667 = VECTOR ( 'NONE', #15, 1000.000000000000000 ) ;
#1668 = DIRECTION ( 'NONE',  ( 1.000000000000000000, -0.0000000000000000000, -1.675585175659415692E-15 ) ) ;
#1669 = EDGE_CURVE ( 'NONE', #1986, #1454, #1172, .T. ) ;
#1670 =( NAMED_UNIT ( * ) PLANE_ANGLE_UNIT ( ) SI_UNIT ( $, .RADIAN. ) );
#1671 = LINE ( 'NONE', #735, #2090 ) ;
#1672 = SURFACE_STYLE_FILL_AREA ( #1499 ) ;
#1673 = PRESENTATION_LAYER_ASSIGNMENT (  '', '', ( #1558 ) ) ;
#1674 =( NAMED_UNIT ( * ) PLANE_ANGLE_UNIT ( ) SI_UNIT ( $, .RADIAN. ) );
#1675 = PLANE ( 'NONE',  #730 ) ;
#1676 = CARTESIAN_POINT ( 'NONE',  ( 1.621000000000000218, -2.010000000000000231, 0.2799999999999961409 ) ) ;
#1677 = FACE_OUTER_BOUND ( 'NONE', #691, .T. ) ;
#1678 = UNCERTAINTY_MEASURE_WITH_UNIT (LENGTH_MEASURE( 1.000000000000000082E-05 ), #1309, 'distance_accuracy_value', 'NONE');
#1679 = VECTOR ( 'NONE', #1127, 1000.000000000000000 ) ;
#1680 = EDGE_CURVE ( 'NONE', #1744, #1332, #1052, .T. ) ;
#1681 =( LENGTH_UNIT ( ) NAMED_UNIT ( * ) SI_UNIT ( .MILLI., .METRE. ) );
#1682 = VECTOR ( 'NONE', #1430, 1000.000000000000000 ) ;
#1683 = DIRECTION ( 'NONE',  ( 0.0000000000000000000, 0.0000000000000000000, 1.000000000000000000 ) ) ;
#1684 = ORIENTED_EDGE ( 'NONE', *, *, #727, .F. ) ;
#1685 = DIRECTION ( 'NONE',  ( 1.260700200564539845E-16, 0.0000000000000000000, -1.000000000000000000 ) ) ;
#1686 = MECHANICAL_DESIGN_GEOMETRIC_PRESENTATION_REPRESENTATION (  '', ( #1469 ), #381 ) ;
#1687 = STYLED_ITEM ( 'NONE', ( #1959 ), #2166 ) ;
#1688 = EDGE_LOOP ( 'NONE', ( #1584, #348, #1291, #2197 ) ) ;
#1689 = DIRECTION ( 'NONE',  ( 0.0000000000000000000, -0.0000000000000000000, -1.000000000000000000 ) ) ;
#1690 = ORIENTED_EDGE ( 'NONE', *, *, #1694, .T. ) ;
#1691 =( NAMED_UNIT ( * ) SI_UNIT ( $, .STERADIAN. ) SOLID_ANGLE_UNIT ( ) );
#1692 = ORIENTED_EDGE ( 'NONE', *, *, #2140, .F. ) ;
#1693 = FACE_OUTER_BOUND ( 'NONE', #66, .T. ) ;
#1694 = EDGE_CURVE ( 'NONE', #798, #1166, #1647, .T. ) ;
#1695 = DIRECTION ( 'NONE',  ( 1.260700200564539845E-16, -0.0000000000000000000, -1.000000000000000000 ) ) ;
#1696 = SURFACE_STYLE_FILL_AREA ( #1562 ) ;
#1697 = VECTOR ( 'NONE', #447, 1000.000000000000000 ) ;
#1698 = CARTESIAN_POINT ( 'NONE',  ( 0.9949999999999999956, 0.0000000000000000000, 0.2799999999999995270 ) ) ;
#1699 = AXIS2_PLACEMENT_3D ( 'NONE', #664, #342, #1689 ) ;
#1700 = CARTESIAN_POINT ( 'NONE',  ( -0.2749999999999999667, -12.69999999999999929, 0.2799999999999995270 ) ) ;
#1701 = LINE ( 'NONE', #1591, #496 ) ;
#1702 =( GEOMETRIC_REPRESENTATION_CONTEXT ( 3 ) GLOBAL_UNCERTAINTY_ASSIGNED_CONTEXT ( ( #787 ) ) GLOBAL_UNIT_ASSIGNED_CONTEXT ( ( #53, #2115, #1240 ) ) REPRESENTATION_CONTEXT ( 'NONE', 'WORKASPACE' ) );
#1703 = DIRECTION ( 'NONE',  ( 0.0000000000000000000, 1.000000000000000000, 0.0000000000000000000 ) ) ;
#1704 = FILL_AREA_STYLE ('',( #943 ) ) ;
#1705 = CARTESIAN_POINT ( 'NONE',  ( -0.2750000000000000222, -1.500000000000000000, 0.2799999999999961409 ) ) ;
#1706 = UNCERTAINTY_MEASURE_WITH_UNIT (LENGTH_MEASURE( 1.000000000000000082E-05 ), #1905, 'distance_accuracy_value', 'NONE');
#1707 = CARTESIAN_POINT ( 'NONE',  ( -0.2749999999999999667, -12.69999999999999929, 0.2799999999999995270 ) ) ;
#1708 = ORIENTED_EDGE ( 'NONE', *, *, #104, .T. ) ;
#1709 = VERTEX_POINT ( 'NONE', #2007 ) ;
#1710 = EDGE_LOOP ( 'NONE', ( #948, #1641, #1824, #917 ) ) ;
#1711 = CARTESIAN_POINT ( 'NONE',  ( 0.9949999999999999956, -12.69999999999999929, 0.2799999999999995270 ) ) ;
#1712 = CARTESIAN_POINT ( 'NONE',  ( -0.5996539550042033762, 2.209032380887498093, -2.536026911981986487 ) ) ;
#1713 = PRESENTATION_LAYER_ASSIGNMENT (  '', '', ( #1418 ) ) ;
#1714 = ADVANCED_FACE ( 'NONE', ( #1471 ), #2001, .F. ) ;
#1715 = ORIENTED_EDGE ( 'NONE', *, *, #464, .T. ) ;
#1716 = CARTESIAN_POINT ( 'NONE',  ( 1.545000000000000151, -12.69999999999999929, 0.2799999999999995826 ) ) ;
#1717 =( NAMED_UNIT ( * ) SI_UNIT ( $, .STERADIAN. ) SOLID_ANGLE_UNIT ( ) );
#1718 = VERTEX_POINT ( 'NONE', #795 ) ;
#1719 = COLOUR_RGB ( '',1.000000000000000000, 1.000000000000000000, 1.000000000000000000 ) ;
#1720 = SURFACE_SIDE_STYLE ('',( #2184 ) ) ;
#1721 = EDGE_LOOP ( 'NONE', ( #2042, #1432, #1399, #976 ) ) ;
#1722 = CARTESIAN_POINT ( 'NONE',  ( -0.1977558113191439926, 1.920000000000001039, -2.605000000000000870 ) ) ;
#1723 = EDGE_CURVE ( 'NONE', #1768, #406, #1277, .T. ) ;
#1724 = PRESENTATION_STYLE_ASSIGNMENT (( #96 ) ) ;
#1725 =( LENGTH_UNIT ( ) NAMED_UNIT ( * ) SI_UNIT ( .MILLI., .METRE. ) );
#1726 = DIRECTION ( 'NONE',  ( -1.000000000000000000, 0.0000000000000000000, -1.971276677246371272E-16 ) ) ;
#1727 = MECHANICAL_DESIGN_GEOMETRIC_PRESENTATION_REPRESENTATION (  '', ( #1368 ), #1833 ) ;
#1728 = VECTOR ( 'NONE', #380, 1000.000000000000000 ) ;
#1729 =( GEOMETRIC_REPRESENTATION_CONTEXT ( 3 ) GLOBAL_UNCERTAINTY_ASSIGNED_CONTEXT ( ( #1008 ) ) GLOBAL_UNIT_ASSIGNED_CONTEXT ( ( #1154, #827, #1184 ) ) REPRESENTATION_CONTEXT ( 'NONE', 'WORKASPACE' ) );
#1730 = VECTOR ( 'NONE', #2014, 1000.000000000000000 ) ;
#1731 = SURFACE_SIDE_STYLE ('',( #897 ) ) ;
#1732 = CARTESIAN_POINT ( 'NONE',  ( 0.2750000000000000777, -2.009999999999999787, 0.2799999999999996381 ) ) ;
#1733 = PRESENTATION_STYLE_ASSIGNMENT (( #1447 ) ) ;
#1734 = CARTESIAN_POINT ( 'NONE',  ( -1.545000000000000151, -0.0000000000000000000, -0.1500000000000012990 ) ) ;
#1735 = VECTOR ( 'NONE', #2106, 1000.000000000000000 ) ;
#1736 =( LENGTH_UNIT ( ) NAMED_UNIT ( * ) SI_UNIT ( .MILLI., .METRE. ) );
#1737 = EDGE_CURVE ( 'NONE', #152, #1993, #156, .T. ) ;
#1738 =( LENGTH_UNIT ( ) NAMED_UNIT ( * ) SI_UNIT ( .MILLI., .METRE. ) );
#1739 = DIRECTION ( 'NONE',  ( 0.0000000000000000000, -0.0000000000000000000, 1.000000000000000000 ) ) ;
#1740 = EDGE_LOOP ( 'NONE', ( #353, #845, #1577, #1800 ) ) ;
#1741 = ORIENTED_EDGE ( 'NONE', *, *, #1787, .T. ) ;
#1742 = SURFACE_STYLE_USAGE ( .BOTH. , #1767 ) ;
#1743 =( GEOMETRIC_REPRESENTATION_CONTEXT ( 3 ) GLOBAL_UNCERTAINTY_ASSIGNED_CONTEXT ( ( #2048 ) ) GLOBAL_UNIT_ASSIGNED_CONTEXT ( ( #1738, #558, #368 ) ) REPRESENTATION_CONTEXT ( 'NONE', 'WORKASPACE' ) );
#1744 = VERTEX_POINT ( 'NONE', #816 ) ;
#1745 = SURFACE_STYLE_USAGE ( .BOTH. , #1922 ) ;
#1746 = VECTOR ( 'NONE', #1965, 1000.000000000000000 ) ;
#1747 = SURFACE_STYLE_USAGE ( .BOTH. , #1394 ) ;
#1748 = ORIENTED_EDGE ( 'NONE', *, *, #1080, .F. ) ;
#1749 = STYLED_ITEM ( 'NONE', ( #1462 ), #2188 ) ;
#1750 =( NAMED_UNIT ( * ) SI_UNIT ( $, .STERADIAN. ) SOLID_ANGLE_UNIT ( ) );
#1751 = UNCERTAINTY_MEASURE_WITH_UNIT (LENGTH_MEASURE( 1.000000000000000082E-05 ), #1017, 'distance_accuracy_value', 'NONE');
#1752 = DIRECTION ( 'NONE',  ( 0.0000000000000000000, 0.0000000000000000000, 1.000000000000000000 ) ) ;
#1753 = CARTESIAN_POINT ( 'NONE',  ( -0.9949999999999999956, -2.009999999999999787, 0.2799999999999978062 ) ) ;
#1754 = LINE ( 'NONE', #263, #726 ) ;
#1755 = DIRECTION ( 'NONE',  ( 0.0000000000000000000, 1.000000000000000000, 0.0000000000000000000 ) ) ;
#1756 = LINE ( 'NONE', #2232, #1304 ) ;
#1757 = LINE ( 'NONE', #741, #1148 ) ;
#1758 = DIRECTION ( 'NONE',  ( -1.000000000000000000, 0.0000000000000000000, 0.0000000000000000000 ) ) ;
#1759 = FILL_AREA_STYLE_COLOUR ( '', #1025 ) ;
#1760 = LINE ( 'NONE', #229, #2096 ) ;
#1761 = CARTESIAN_POINT ( 'NONE',  ( -0.9949999999999999956, -12.69999999999999929, 0.2799999999999978062 ) ) ;
#1762 = LINE ( 'NONE', #318, #554 ) ;
#1763 = PRESENTATION_LAYER_ASSIGNMENT (  '', '', ( #1469 ) ) ;
#1764 = DIRECTION ( 'NONE',  ( 1.000000000000000000, 0.0000000000000000000, 4.928191693115928797E-17 ) ) ;
#1765 = ORIENTED_EDGE ( 'NONE', *, *, #1325, .F. ) ;
#1766 = ORIENTED_EDGE ( 'NONE', *, *, #11, .T. ) ;
#1767 = SURFACE_SIDE_STYLE ('',( #2086 ) ) ;
#1768 = VERTEX_POINT ( 'NONE', #1151 ) ;
#1769 = EDGE_CURVE ( 'NONE', #1039, #351, #1592, .T. ) ;
#1770 =( NAMED_UNIT ( * ) PLANE_ANGLE_UNIT ( ) SI_UNIT ( $, .RADIAN. ) );
#1771 = ORIENTED_EDGE ( 'NONE', *, *, #2181, .T. ) ;
#1772 = FILL_AREA_STYLE ('',( #544 ) ) ;
#1773 = ORIENTED_EDGE ( 'NONE', *, *, #817, .F. ) ;
#1774 = DIRECTION ( 'NONE',  ( 1.000000000000000000, 0.0000000000000000000, -0.0000000000000000000 ) ) ;
#1775 = PRESENTATION_LAYER_ASSIGNMENT (  '', '', ( #1661 ) ) ;
#1776 = DIRECTION ( 'NONE',  ( 0.0000000000000000000, 0.0000000000000000000, 1.000000000000000000 ) ) ;
#1777 = ORIENTED_EDGE ( 'NONE', *, *, #419, .T. ) ;
#1778 = PRESENTATION_STYLE_ASSIGNMENT (( #1742 ) ) ;
#1779 = UNCERTAINTY_MEASURE_WITH_UNIT (LENGTH_MEASURE( 1.000000000000000082E-05 ), #2020, 'distance_accuracy_value', 'NONE');
#1780 = CARTESIAN_POINT ( 'NONE',  ( 0.3510000000000002562, -1.500000000000000000, -1.017700409127488159 ) ) ;
#1781 = FACE_OUTER_BOUND ( 'NONE', #346, .T. ) ;
#1782 = DIRECTION ( 'NONE',  ( 1.000000000000000000, 0.0000000000000000000, 0.0000000000000000000 ) ) ;
#1783 = EDGE_CURVE ( 'NONE', #1215, #1266, #635, .T. ) ;
#1784 =( NAMED_UNIT ( * ) PLANE_ANGLE_UNIT ( ) SI_UNIT ( $, .RADIAN. ) );
#1785 = VECTOR ( 'NONE', #686, 1000.000000000000000 ) ;
#1786 = DIRECTION ( 'NONE',  ( 0.0000000000000000000, -1.000000000000000000, 0.0000000000000000000 ) ) ;
#1787 = EDGE_CURVE ( 'NONE', #779, #689, #176, .T. ) ;
#1788 = FACE_OUTER_BOUND ( 'NONE', #8, .T. ) ;
#1789 =( NAMED_UNIT ( * ) SI_UNIT ( $, .STERADIAN. ) SOLID_ANGLE_UNIT ( ) );
#1790 =( LENGTH_UNIT ( ) NAMED_UNIT ( * ) SI_UNIT ( .MILLI., .METRE. ) );
#1791 = LINE ( 'NONE', #1090, #1894 ) ;
#1792 = PLANE ( 'NONE',  #323 ) ;
#1793 =( NAMED_UNIT ( * ) PLANE_ANGLE_UNIT ( ) SI_UNIT ( $, .RADIAN. ) );
#1794 = APPLICATION_PROTOCOL_DEFINITION ( 'draft international standard', 'automotive_design', 1998, #416 ) ;
#1795 = CARTESIAN_POINT ( 'NONE',  ( -0.2749999999999999667, 0.0000000000000000000, 0.2799999999999995270 ) ) ;
#1796 = PLANE ( 'NONE',  #977 ) ;
#1797 = EDGE_CURVE ( 'NONE', #2199, #68, #1498, .T. ) ;
#1798 = ORIENTED_EDGE ( 'NONE', *, *, #1921, .F. ) ;
#1799 =( NAMED_UNIT ( * ) SI_UNIT ( $, .STERADIAN. ) SOLID_ANGLE_UNIT ( ) );
#1800 = ORIENTED_EDGE ( 'NONE', *, *, #133, .F. ) ;
#1801 = SURFACE_SIDE_STYLE ('',( #1821 ) ) ;
#1802 = PRESENTATION_LAYER_ASSIGNMENT (  '', '', ( #961 ) ) ;
#1803 = VERTEX_POINT ( 'NONE', #667 ) ;
#1804 = CARTESIAN_POINT ( 'NONE',  ( 0.0000000000000000000, 0.0000000000000000000, 0.0000000000000000000 ) ) ;
#1805 = PRESENTATION_STYLE_ASSIGNMENT (( #426 ) ) ;
#1806 =( NAMED_UNIT ( * ) PLANE_ANGLE_UNIT ( ) SI_UNIT ( $, .RADIAN. ) );
#1807 = AXIS2_PLACEMENT_3D ( 'NONE', #1360, #1247, #1230 ) ;
#1808 = SURFACE_STYLE_FILL_AREA ( #866 ) ;
#1809 = VECTOR ( 'NONE', #1302, 1000.000000000000000 ) ;
#1810 =( LENGTH_UNIT ( ) NAMED_UNIT ( * ) SI_UNIT ( .MILLI., .METRE. ) );
#1811 = FACE_OUTER_BOUND ( 'NONE', #561, .T. ) ;
#1812 = EDGE_CURVE ( 'NONE', #1163, #488, #1222, .T. ) ;
#1813 = FILL_AREA_STYLE ('',( #1639 ) ) ;
#1814 = ADVANCED_FACE ( 'NONE', ( #2180 ), #1512, .F. ) ;
#1815 = SURFACE_STYLE_FILL_AREA ( #879 ) ;
#1816 = PLANE ( 'NONE',  #1243 ) ;
#1817 = SURFACE_STYLE_USAGE ( .BOTH. , #2176 ) ;
#1818 =( GEOMETRIC_REPRESENTATION_CONTEXT ( 3 ) GLOBAL_UNCERTAINTY_ASSIGNED_CONTEXT ( ( #163 ) ) GLOBAL_UNIT_ASSIGNED_CONTEXT ( ( #412, #585, #991 ) ) REPRESENTATION_CONTEXT ( 'NONE', 'WORKASPACE' ) );
#1819 = CARTESIAN_POINT ( 'NONE',  ( 1.621000000000000218, -2.010000000000000231, 0.2799999999999961409 ) ) ;
#1820 =( GEOMETRIC_REPRESENTATION_CONTEXT ( 3 ) GLOBAL_UNCERTAINTY_ASSIGNED_CONTEXT ( ( #982 ) ) GLOBAL_UNIT_ASSIGNED_CONTEXT ( ( #2143, #1422, #940 ) ) REPRESENTATION_CONTEXT ( 'NONE', 'WORKASPACE' ) );
#1821 = SURFACE_STYLE_FILL_AREA ( #1624 ) ;
#1822 = DIRECTION ( 'NONE',  ( -1.675585175659415692E-15, 0.0000000000000000000, -1.000000000000000000 ) ) ;
#1823 = SURFACE_SIDE_STYLE ('',( #287 ) ) ;
#1824 = ORIENTED_EDGE ( 'NONE', *, *, #1080, .T. ) ;
#1825 = CARTESIAN_POINT ( 'NONE',  ( 0.2750000000000000777, -12.69999999999999929, 0.2799999999999996381 ) ) ;
#1826 = EDGE_CURVE ( 'NONE', #317, #1073, #860, .T. ) ;
#1827 = EDGE_LOOP ( 'NONE', ( #1559, #942, #2225, #620 ) ) ;
#1828 = DIRECTION ( 'NONE',  ( -1.000000000000000000, 0.0000000000000000000, 1.675585175659415692E-15 ) ) ;
#1829 = CARTESIAN_POINT ( 'NONE',  ( 0.7500000000000003331, 2.670000000000000817, -2.494699380686979939 ) ) ;
#1830 = ORIENTED_EDGE ( 'NONE', *, *, #403, .T. ) ;
#1831 = DIRECTION ( 'NONE',  ( -0.0000000000000000000, 1.000000000000000000, -0.0000000000000000000 ) ) ;
#1832 = ORIENTED_EDGE ( 'NONE', *, *, #314, .F. ) ;
#1833 =( GEOMETRIC_REPRESENTATION_CONTEXT ( 3 ) GLOBAL_UNCERTAINTY_ASSIGNED_CONTEXT ( ( #1605 ) ) GLOBAL_UNIT_ASSIGNED_CONTEXT ( ( #1553, #898, #388 ) ) REPRESENTATION_CONTEXT ( 'NONE', 'WORKASPACE' ) );
#1834 = VECTOR ( 'NONE', #361, 1000.000000000000000 ) ;
#1835 = ADVANCED_FACE ( 'NONE', ( #255 ), #1004, .T. ) ;
#1836 = DIRECTION ( 'NONE',  ( 1.675585175659415692E-15, 0.0000000000000000000, 1.000000000000000000 ) ) ;
#1837 = EDGE_CURVE ( 'NONE', #1962, #121, #1516, .T. ) ;
#1838 = FILL_AREA_STYLE_COLOUR ( '', #136 ) ;
#1839 = CARTESIAN_POINT ( 'NONE',  ( -0.9949999999999999956, -12.69999999999999929, -0.1500000000000022149 ) ) ;
#1840 = CIRCLE ( 'NONE', #2186, 0.7500000000000001110 ) ;
#1841 = SURFACE_STYLE_USAGE ( .BOTH. , #297 ) ;
#1842 = STYLED_ITEM ( 'NONE', ( #1610 ), #1178 ) ;
#1843 = ADVANCED_FACE ( 'NONE', ( #998, #384, #2028, #810 ), #641, .F. ) ;
#1844 = ORIENTED_EDGE ( 'NONE', *, *, #859, .F. ) ;
#1845 =( GEOMETRIC_REPRESENTATION_CONTEXT ( 3 ) GLOBAL_UNCERTAINTY_ASSIGNED_CONTEXT ( ( #1346 ) ) GLOBAL_UNIT_ASSIGNED_CONTEXT ( ( #473, #1670, #2026 ) ) REPRESENTATION_CONTEXT ( 'NONE', 'WORKASPACE' ) );
#1846 = DIRECTION ( 'NONE',  ( 0.0000000000000000000, 1.000000000000000000, 0.0000000000000000000 ) ) ;
#1847 = ORIENTED_EDGE ( 'NONE', *, *, #1463, .F. ) ;
#1848 = SURFACE_SIDE_STYLE ('',( #238 ) ) ;
#1849 = FILL_AREA_STYLE_COLOUR ( '', #1883 ) ;
#1850 = EDGE_LOOP ( 'NONE', ( #375, #1844, #2174, #1874 ) ) ;
#1851 = EDGE_CURVE ( 'NONE', #68, #12, #921, .T. ) ;
#1852 = ORIENTED_EDGE ( 'NONE', *, *, #1109, .F. ) ;
#1853 = COLOUR_RGB ( '',1.000000000000000000, 1.000000000000000000, 1.000000000000000000 ) ;
#1854 = CARTESIAN_POINT ( 'NONE',  ( 0.9190000000000001501, -2.010000000000000231, -1.017700409127488159 ) ) ;
#1855 = VERTEX_POINT ( 'NONE', #854 ) ;
#1856 = ADVANCED_FACE ( 'NONE', ( #894 ), #189, .T. ) ;
#1857 = AXIS2_PLACEMENT_3D ( 'NONE', #710, #1989, #1953 ) ;
#1858 = VECTOR ( 'NONE', #2047, 1000.000000000000000 ) ;
#1859 = VECTOR ( 'NONE', #2084, 1000.000000000000000 ) ;
#1860 = COLOUR_RGB ( '',1.000000000000000000, 1.000000000000000000, 1.000000000000000000 ) ;
#1861 = AXIS2_PLACEMENT_3D ( 'NONE', #267, #1483, #275 ) ;
#1862 =( NAMED_UNIT ( * ) SI_UNIT ( $, .STERADIAN. ) SOLID_ANGLE_UNIT ( ) );
#1863 = LINE ( 'NONE', #1437, #659 ) ;
#1864 = SURFACE_SIDE_STYLE ('',( #2148 ) ) ;
#1865 = DIRECTION ( 'NONE',  ( 0.0000000000000000000, 0.0000000000000000000, 1.000000000000000000 ) ) ;
#1866 = VECTOR ( 'NONE', #851, 1000.000000000000000 ) ;
#1867 = VECTOR ( 'NONE', #1683, 1000.000000000000000 ) ;
#1868 = CARTESIAN_POINT ( 'NONE',  ( -1.620999999999999996, -1.500000000000000000, -1.017700409127488159 ) ) ;
#1869 = CARTESIAN_POINT ( 'NONE',  ( -0.9189999999999999281, -1.500000000000000000, 0.2799999999999961409 ) ) ;
#1870 = ORIENTED_EDGE ( 'NONE', *, *, #697, .F. ) ;
#1871 = FILL_AREA_STYLE_COLOUR ( '', #606 ) ;
#1872 = UNCERTAINTY_MEASURE_WITH_UNIT (LENGTH_MEASURE( 1.000000000000000082E-05 ), #1087, 'distance_accuracy_value', 'NONE');
#1873 = ORIENTED_EDGE ( 'NONE', *, *, #479, .F. ) ;
#1874 = ORIENTED_EDGE ( 'NONE', *, *, #1392, .F. ) ;
#1875 = CARTESIAN_POINT ( 'NONE',  ( 0.9190000000000001501, -1.500000000000000000, 0.2799999999999961409 ) ) ;
#1876 = ORIENTED_EDGE ( 'NONE', *, *, #1392, .T. ) ;
#1877 = FILL_AREA_STYLE_COLOUR ( '', #784 ) ;
#1878 = ORIENTED_EDGE ( 'NONE', *, *, #1652, .F. ) ;
#1879 = EDGE_CURVE ( 'NONE', #2102, #401, #1421, .T. ) ;
#1880 = CARTESIAN_POINT ( 'NONE',  ( 0.3510000000000002562, -1.500000000000000000, 0.2799999999999961409 ) ) ;
#1881 = ORIENTED_EDGE ( 'NONE', *, *, #403, .F. ) ;
#1882 = COLOUR_RGB ( '',1.000000000000000000, 1.000000000000000000, 1.000000000000000000 ) ;
#1883 = COLOUR_RGB ( '',1.000000000000000000, 1.000000000000000000, 1.000000000000000000 ) ;
#1884 = CARTESIAN_POINT ( 'NONE',  ( 0.7500000000000003331, 2.769708177560811002, -2.494699380686977719 ) ) ;
#1885 = STYLED_ITEM ( 'NONE', ( #758 ), #656 ) ;
#1886 = CARTESIAN_POINT ( 'NONE',  ( -0.6551380324024030921, 3.047987599722398855, -2.521573914821669149 ) ) ;
#1887 = STYLED_ITEM ( 'NONE', ( #517 ), #1856 ) ;
#1888 = CARTESIAN_POINT ( 'NONE',  ( -0.9189999999999984848, -1.500000000000000000, -0.1500000000000023537 ) ) ;
#1889 = CARTESIAN_POINT ( 'NONE',  ( 0.3510000000000002562, -2.010000000000000231, -1.017700409127488159 ) ) ;
#1890 = CARTESIAN_POINT ( 'NONE',  ( 0.0000000000000000000, 5.339999999999999858, -2.604999999999999982 ) ) ;
#1891 = PRESENTATION_STYLE_ASSIGNMENT (( #1655 ) ) ;
#1892 = CARTESIAN_POINT ( 'NONE',  ( -0.3921255451329184738, 2.001388301520812707, -2.579192124106002293 ) ) ;
#1893 = EDGE_CURVE ( 'NONE', #1166, #808, #1436, .T. ) ;
#1894 = VECTOR ( 'NONE', #2173, 1000.000000000000000 ) ;
#1895 = DIRECTION ( 'NONE',  ( -1.260700200564539845E-16, 0.0000000000000000000, 1.000000000000000000 ) ) ;
#1896 = SURFACE_STYLE_FILL_AREA ( #1915 ) ;
#1897 = SURFACE_STYLE_USAGE ( .BOTH. , #54 ) ;
#1898 = STYLED_ITEM ( 'NONE', ( #475 ), #292 ) ;
#1899 = DIRECTION ( 'NONE',  ( -0.0000000000000000000, -0.0000000000000000000, 1.000000000000000000 ) ) ;
#1900 = AXIS2_PLACEMENT_3D ( 'NONE', #906, #352, #690 ) ;
#1901 = ORIENTED_EDGE ( 'NONE', *, *, #2050, .T. ) ;
#1902 = STYLED_ITEM ( 'NONE', ( #1933 ), #2214 ) ;
#1903 = SURFACE_STYLE_USAGE ( .BOTH. , #1415 ) ;
#1904 = ORIENTED_EDGE ( 'NONE', *, *, #1579, .F. ) ;
#1905 =( LENGTH_UNIT ( ) NAMED_UNIT ( * ) SI_UNIT ( .MILLI., .METRE. ) );
#1906 = EDGE_CURVE ( 'NONE', #1161, #14, #514, .T. ) ;
#1907 = PRESENTATION_STYLE_ASSIGNMENT (( #1747 ) ) ;
#1908 = VECTOR ( 'NONE', #1831, 1000.000000000000000 ) ;
#1909 = DIRECTION ( 'NONE',  ( -0.0000000000000000000, 0.0000000000000000000, 1.000000000000000000 ) ) ;
#1910 = UNCERTAINTY_MEASURE_WITH_UNIT (LENGTH_MEASURE( 1.000000000000000082E-05 ), #1573, 'distance_accuracy_value', 'NONE');
#1911 = CARTESIAN_POINT ( 'NONE',  ( 1.545000000000000151, -12.69999999999999929, 0.2799999999999995826 ) ) ;
#1912 = PRESENTATION_LAYER_ASSIGNMENT (  '', '', ( #654 ) ) ;
#1913 =( NAMED_UNIT ( * ) PLANE_ANGLE_UNIT ( ) SI_UNIT ( $, .RADIAN. ) );
#1914 = VECTOR ( 'NONE', #2111, 1000.000000000000000 ) ;
#1915 = FILL_AREA_STYLE ('',( #548 ) ) ;
#1916 = STYLED_ITEM ( 'NONE', ( #328 ), #1999 ) ;
#1917 = VECTOR ( 'NONE', #499, 1000.000000000000000 ) ;
#1918 = CARTESIAN_POINT ( 'NONE',  ( -1.545000000000000151, -12.69999999999999929, 0.2799999999999987499 ) ) ;
#1919 = SURFACE_STYLE_USAGE ( .BOTH. , #1720 ) ;
#1920 = FILL_AREA_STYLE_COLOUR ( '', #1719 ) ;
#1921 = EDGE_CURVE ( 'NONE', #1993, #1067, #2058, .T. ) ;
#1922 = SURFACE_SIDE_STYLE ('',( #2153 ) ) ;
#1923 = ORIENTED_EDGE ( 'NONE', *, *, #1797, .T. ) ;
#1924 = CARTESIAN_POINT ( 'NONE',  ( 1.545000000000000151, -12.69999999999999929, 0.2799999999999995826 ) ) ;
#1925 = FILL_AREA_STYLE ('',( #1033 ) ) ;
#1926 = AXIS2_PLACEMENT_3D ( 'NONE', #1961, #445, #1631 ) ;
#1927 = DIRECTION ( 'NONE',  ( -1.000000000000000000, 0.0000000000000000000, -9.856383386231856362E-17 ) ) ;
#1928 = ORIENTED_EDGE ( 'NONE', *, *, #300, .F. ) ;
#1929 =( NAMED_UNIT ( * ) SI_UNIT ( $, .STERADIAN. ) SOLID_ANGLE_UNIT ( ) );
#1930 =( GEOMETRIC_REPRESENTATION_CONTEXT ( 3 ) GLOBAL_UNCERTAINTY_ASSIGNED_CONTEXT ( ( #1678 ) ) GLOBAL_UNIT_ASSIGNED_CONTEXT ( ( #1309, #1129, #1634 ) ) REPRESENTATION_CONTEXT ( 'NONE', 'WORKASPACE' ) );
#1931 = EDGE_LOOP ( 'NONE', ( #172, #1798, #1878, #1627 ) ) ;
#1932 = CARTESIAN_POINT ( 'NONE',  ( 1.621000000000000218, -1.500000000000000000, 0.2799999999999961409 ) ) ;
#1933 = PRESENTATION_STYLE_ASSIGNMENT (( #962 ) ) ;
#1934 = SURFACE_STYLE_USAGE ( .BOTH. , #225 ) ;
#1935 = ORIENTED_EDGE ( 'NONE', *, *, #1783, .T. ) ;
#1936 = LINE ( 'NONE', #404, #1078 ) ;
#1937 = ORIENTED_EDGE ( 'NONE', *, *, #2144, .T. ) ;
#1938 = DIRECTION ( 'NONE',  ( 1.000000000000000000, 0.0000000000000000000, 4.928191693115928181E-17 ) ) ;
#1939 = EDGE_CURVE ( 'NONE', #878, #2102, #50, .T. ) ;
#1940 =( NAMED_UNIT ( * ) PLANE_ANGLE_UNIT ( ) SI_UNIT ( $, .RADIAN. ) );
#1941 = CARTESIAN_POINT ( 'NONE',  ( 0.0000000000000000000, 0.0000000000000000000, 0.0000000000000000000 ) ) ;
#1942 = PRESENTATION_STYLE_ASSIGNMENT (( #503 ) ) ;
#1943 = SURFACE_SIDE_STYLE ('',( #1442 ) ) ;
#1944 = PLANE ( 'NONE',  #1113 ) ;
#1945 = CARTESIAN_POINT ( 'NONE',  ( -0.9189999999999999281, -2.010000000000000231, -1.017700409127488159 ) ) ;
#1946 = DIRECTION ( 'NONE',  ( -1.000000000000000000, 0.0000000000000000000, 0.0000000000000000000 ) ) ;
#1947 = PRODUCT_DEFINITION ( 'UNKNOWN', '', #1524, #949 ) ;
#1948 = VECTOR ( 'NONE', #49, 1000.000000000000000 ) ;
#1949 = SURFACE_SIDE_STYLE ('',( #611 ) ) ;
#1950 = ORIENTED_EDGE ( 'NONE', *, *, #2219, .T. ) ;
#1951 = ORIENTED_EDGE ( 'NONE', *, *, #254, .F. ) ;
#1952 = EDGE_CURVE ( 'NONE', #289, #1039, #1168, .T. ) ;
#1953 = DIRECTION ( 'NONE',  ( 0.0000000000000000000, 0.0000000000000000000, -1.000000000000000000 ) ) ;
#1954 = FILL_AREA_STYLE ('',( #587 ) ) ;
#1955 = VERTEX_POINT ( 'NONE', #171 ) ;
#1956 = MECHANICAL_DESIGN_GEOMETRIC_PRESENTATION_REPRESENTATION (  '', ( #1842 ), #2089 ) ;
#1957 = CARTESIAN_POINT ( 'NONE',  ( 0.0000000000000000000, 5.339999999999999858, 0.0000000000000000000 ) ) ;
#1958 = ORIENTED_EDGE ( 'NONE', *, *, #842, .T. ) ;
#1959 = PRESENTATION_STYLE_ASSIGNMENT (( #930 ) ) ;
#1960 = FILL_AREA_STYLE_COLOUR ( '', #1853 ) ;
#1961 = CARTESIAN_POINT ( 'NONE',  ( 1.545000000000000151, -12.69999999999999929, 0.2799999999999995826 ) ) ;
#1962 = VERTEX_POINT ( 'NONE', #501 ) ;
#1963 = CARTESIAN_POINT ( 'NONE',  ( 1.621000000000000218, -2.010000000000000231, -1.017700409127488159 ) ) ;
#1964 = DIRECTION ( 'NONE',  ( 1.000000000000000000, 0.0000000000000000000, 4.928191693115928797E-17 ) ) ;
#1965 = DIRECTION ( 'NONE',  ( -0.0000000000000000000, 1.000000000000000000, -0.0000000000000000000 ) ) ;
#1966 = COLOUR_RGB ( '',1.000000000000000000, 1.000000000000000000, 1.000000000000000000 ) ;
#1967 = SURFACE_STYLE_USAGE ( .BOTH. , #2029 ) ;
#1968 = EDGE_CURVE ( 'NONE', #2221, #2079, #809, .T. ) ;
#1969 = DIRECTION ( 'NONE',  ( 1.000000000000000000, -0.0000000000000000000, -0.0000000000000000000 ) ) ;
#1970 = ADVANCED_FACE ( 'NONE', ( #677 ), #409, .T. ) ;
#1971 = VECTOR ( 'NONE', #424, 1000.000000000000000 ) ;
#1972 = LINE ( 'NONE', #1716, #1441 ) ;
#1973 = COLOUR_RGB ( '',0.2509803921568627416, 0.2509803921568627416, 0.2509803921568627416 ) ;
#1974 = COLOUR_RGB ( '',1.000000000000000000, 1.000000000000000000, 1.000000000000000000 ) ;
#1975 = PRESENTATION_LAYER_ASSIGNMENT (  '', '', ( #1010 ) ) ;
#1976 =( NAMED_UNIT ( * ) PLANE_ANGLE_UNIT ( ) SI_UNIT ( $, .RADIAN. ) );
#1977 = CARTESIAN_POINT ( 'NONE',  ( -1.545000000000000151, 0.0000000000000000000, 0.2799999999999987499 ) ) ;
#1978 = MECHANICAL_DESIGN_GEOMETRIC_PRESENTATION_REPRESENTATION (  '', ( #1098 ), #1820 ) ;
#1979 = PLANE ( 'NONE',  #1926 ) ;
#1980 = LINE ( 'NONE', #564, #990 ) ;
#1981 = PLANE ( 'NONE',  #2073 ) ;
#1982 = VERTEX_POINT ( 'NONE', #39 ) ;
#1983 = ORIENTED_EDGE ( 'NONE', *, *, #2193, .T. ) ;
#1984 = DIRECTION ( 'NONE',  ( 0.0000000000000000000, 1.000000000000000000, -0.0000000000000000000 ) ) ;
#1985 = PRODUCT_CONTEXT ( 'NONE', #416, 'mechanical' ) ;
#1986 = VERTEX_POINT ( 'NONE', #1410 ) ;
#1987 = PLANE ( 'NONE',  #950 ) ;
#1988 = ORIENTED_EDGE ( 'NONE', *, *, #892, .F. ) ;
#1989 = DIRECTION ( 'NONE',  ( 1.000000000000000000, 0.0000000000000000000, 0.0000000000000000000 ) ) ;
#1990 =( NAMED_UNIT ( * ) PLANE_ANGLE_UNIT ( ) SI_UNIT ( $, .RADIAN. ) );
#1991 = ORIENTED_EDGE ( 'NONE', *, *, #1173, .T. ) ;
#1992 = AXIS2_PLACEMENT_3D ( 'NONE', #441, #91, #770 ) ;
#1993 = VERTEX_POINT ( 'NONE', #1390 ) ;
#1994 = APPLICATION_CONTEXT ( 'automotive_design' ) ;
#1995 = PRESENTATION_STYLE_ASSIGNMENT (( #236 ) ) ;
#1996 = ORIENTED_EDGE ( 'NONE', *, *, #1283, .T. ) ;
#1997 = SURFACE_SIDE_STYLE ('',( #598 ) ) ;
#1998 =( GEOMETRIC_REPRESENTATION_CONTEXT ( 3 ) GLOBAL_UNCERTAINTY_ASSIGNED_CONTEXT ( ( #1120 ) ) GLOBAL_UNIT_ASSIGNED_CONTEXT ( ( #1114, #609, #423 ) ) REPRESENTATION_CONTEXT ( 'NONE', 'WORKASPACE' ) );
#1999 = ADVANCED_FACE ( 'NONE', ( #918 ), #383, .F. ) ;
#2000 = DIRECTION ( 'NONE',  ( 0.0000000000000000000, 1.000000000000000000, 0.0000000000000000000 ) ) ;
#2001 = PLANE ( 'NONE',  #1011 ) ;
#2002 = VECTOR ( 'NONE', #2076, 1000.000000000000000 ) ;
#2003 = LINE ( 'NONE', #1977, #2092 ) ;
#2004 = EDGE_CURVE ( 'NONE', #1155, #675, #1216, .T. ) ;
#2005 =( NAMED_UNIT ( * ) PLANE_ANGLE_UNIT ( ) SI_UNIT ( $, .RADIAN. ) );
#2006 =( NAMED_UNIT ( * ) SI_UNIT ( $, .STERADIAN. ) SOLID_ANGLE_UNIT ( ) );
#2007 = CARTESIAN_POINT ( 'NONE',  ( 1.545000000000000151, -12.69999999999999929, -0.1500000000000004108 ) ) ;
#2008 = VECTOR ( 'NONE', #1497, 1000.000000000000000 ) ;
#2009 = PRESENTATION_LAYER_ASSIGNMENT (  '', '', ( #2101 ) ) ;
#2010 = ADVANCED_FACE ( 'NONE', ( #1373 ), #708, .T. ) ;
#2011 = SURFACE_STYLE_FILL_AREA ( #785 ) ;
#2012 = MECHANICAL_DESIGN_GEOMETRIC_PRESENTATION_REPRESENTATION (  '', ( #1249 ), #1729 ) ;
#2013 = ORIENTED_EDGE ( 'NONE', *, *, #1325, .T. ) ;
#2014 = DIRECTION ( 'NONE',  ( 0.0000000000000000000, -1.000000000000000000, 0.0000000000000000000 ) ) ;
#2015 = ORIENTED_EDGE ( 'NONE', *, *, #1568, .T. ) ;
#2016 = ORIENTED_EDGE ( 'NONE', *, *, #1568, .F. ) ;
#2017 = FILL_AREA_STYLE_COLOUR ( '', #1563 ) ;
#2018 = UNCERTAINTY_MEASURE_WITH_UNIT (LENGTH_MEASURE( 1.000000000000000082E-05 ), #1810, 'distance_accuracy_value', 'NONE');
#2019 = EDGE_CURVE ( 'NONE', #2102, #1272, #631, .T. ) ;
#2020 =( LENGTH_UNIT ( ) NAMED_UNIT ( * ) SI_UNIT ( .MILLI., .METRE. ) );
#2021 = ORIENTED_EDGE ( 'NONE', *, *, #2004, .F. ) ;
#2022 = ADVANCED_FACE ( 'NONE', ( #1693 ), #716, .T. ) ;
#2023 =( NAMED_UNIT ( * ) SI_UNIT ( $, .STERADIAN. ) SOLID_ANGLE_UNIT ( ) );
#2024 = ORIENTED_EDGE ( 'NONE', *, *, #855, .F. ) ;
#2025 = EDGE_CURVE ( 'NONE', #717, #1241, #72, .T. ) ;
#2026 =( NAMED_UNIT ( * ) SI_UNIT ( $, .STERADIAN. ) SOLID_ANGLE_UNIT ( ) );
#2027 = EDGE_LOOP ( 'NONE', ( #766, #1511, #167, #1556, #1369 ) ) ;
#2028 = FACE_BOUND ( 'NONE', #1931, .T. ) ;
#2029 = SURFACE_SIDE_STYLE ('',( #1002 ) ) ;
#2030 = VECTOR ( 'NONE', #751, 1000.000000000000000 ) ;
#2031 = COLOUR_RGB ( '',0.2509803921568627416, 0.2509803921568627416, 0.2509803921568627416 ) ;
#2032 = PRESENTATION_STYLE_ASSIGNMENT (( #175 ) ) ;
#2033 = ADVANCED_FACE ( 'NONE', ( #916 ), #418, .F. ) ;
#2034 = LINE ( 'NONE', #1445, #1116 ) ;
#2035 = EDGE_CURVE ( 'NONE', #671, #351, #435, .T. ) ;
#2036 = SURFACE_STYLE_FILL_AREA ( #832 ) ;
#2037 = SURFACE_STYLE_USAGE ( .BOTH. , #513 ) ;
#2038 = FACE_OUTER_BOUND ( 'NONE', #721, .T. ) ;
#2039 = AXIS2_PLACEMENT_3D ( 'NONE', #527, #202, #355 ) ;
#2040 = LINE ( 'NONE', #1598, #586 ) ;
#2041 = DIRECTION ( 'NONE',  ( -9.856383386231856362E-17, 0.0000000000000000000, 1.000000000000000000 ) ) ;
#2042 = ORIENTED_EDGE ( 'NONE', *, *, #1283, .F. ) ;
#2043 = ADVANCED_FACE ( 'NONE', ( #1193 ), #591, .F. ) ;
#2044 = PRESENTATION_LAYER_ASSIGNMENT (  '', '', ( #1118 ) ) ;
#2045 = EDGE_LOOP ( 'NONE', ( #1020, #114, #1923, #461, #993, #2137, #1077, #532, #1235, #775, #33, #1210 ) ) ;
#2046 = CARTESIAN_POINT ( 'NONE',  ( 0.9190000000000001501, -1.500000000000000000, -1.017700409127488159 ) ) ;
#2047 = DIRECTION ( 'NONE',  ( -0.0000000000000000000, 1.000000000000000000, -0.0000000000000000000 ) ) ;
#2048 = UNCERTAINTY_MEASURE_WITH_UNIT (LENGTH_MEASURE( 1.000000000000000082E-05 ), #1738, 'distance_accuracy_value', 'NONE');
#2049 = ORIENTED_EDGE ( 'NONE', *, *, #133, .T. ) ;
#2050 = EDGE_CURVE ( 'NONE', #856, #801, #890, .T. ) ;
#2051 = ORIENTED_EDGE ( 'NONE', *, *, #1565, .F. ) ;
#2052 = DIRECTION ( 'NONE',  ( -1.000000000000000000, 0.0000000000000000000, 1.675585175659415692E-15 ) ) ;
#2053 = FACE_OUTER_BOUND ( 'NONE', #1391, .T. ) ;
#2054 = PLANE ( 'NONE',  #2164 ) ;
#2055 = ORIENTED_EDGE ( 'NONE', *, *, #640, .F. ) ;
#2056 =( NAMED_UNIT ( * ) SI_UNIT ( $, .STERADIAN. ) SOLID_ANGLE_UNIT ( ) );
#2057 = PRESENTATION_LAYER_ASSIGNMENT (  '', '', ( #213 ) ) ;
#2058 = LINE ( 'NONE', #357, #129 ) ;
#2059 = DIRECTION ( 'NONE',  ( 0.0000000000000000000, -0.0000000000000000000, -1.000000000000000000 ) ) ;
#2060 = MECHANICAL_DESIGN_GEOMETRIC_PRESENTATION_REPRESENTATION (  '', ( #2105 ), #81 ) ;
#2061 = CARTESIAN_POINT ( 'NONE',  ( 0.2750000000000000777, -12.69999999999999929, 0.2799999999999996381 ) ) ;
#2062 = LINE ( 'NONE', #676, #1593 ) ;
#2063 = FILL_AREA_STYLE_COLOUR ( '', #1413 ) ;
#2064 = CARTESIAN_POINT ( 'NONE',  ( -0.5999109625836313020, 3.130656713652134382, -2.535967632757752721 ) ) ;
#2065 = LINE ( 'NONE', #1711, #450 ) ;
#2066 = EDGE_CURVE ( 'NONE', #1955, #512, #1936, .T. ) ;
#2067 = FACE_OUTER_BOUND ( 'NONE', #465, .T. ) ;
#2068 = DIRECTION ( 'NONE',  ( 0.0000000000000000000, 0.0000000000000000000, 1.000000000000000000 ) ) ;
#2069 = LINE ( 'NONE', #106, #706 ) ;
#2070 = SURFACE_STYLE_USAGE ( .BOTH. , #214 ) ;
#2071 = ORIENTED_EDGE ( 'NONE', *, *, #519, .F. ) ;
#2072 = CARTESIAN_POINT ( 'NONE',  ( -0.7499999999999998890, 2.571794181571855020, -2.494699380686980383 ) ) ;
#2073 = AXIS2_PLACEMENT_3D ( 'NONE', #1467, #632, #454 ) ;
#2074 = VERTEX_POINT ( 'NONE', #88 ) ;
#2075 = ORIENTED_EDGE ( 'NONE', *, *, #576, .T. ) ;
#2076 = DIRECTION ( 'NONE',  ( -0.0000000000000000000, 0.0000000000000000000, 1.000000000000000000 ) ) ;
#2077 = MECHANICAL_DESIGN_GEOMETRIC_PRESENTATION_REPRESENTATION (  '', ( #1749 ), #34 ) ;
#2078 = DIRECTION ( 'NONE',  ( 0.0000000000000000000, -0.0000000000000000000, -1.000000000000000000 ) ) ;
#2079 = VERTEX_POINT ( 'NONE', #1611 ) ;
#2080 = ORIENTED_EDGE ( 'NONE', *, *, #1812, .T. ) ;
#2081 = CARTESIAN_POINT ( 'NONE',  ( -0.3791416286625769461, 3.324593041054013209, -2.578891889243790647 ) ) ;
#2082 = ORIENTED_EDGE ( 'NONE', *, *, #1347, .F. ) ;
#2083 = EDGE_CURVE ( 'NONE', #298, #1536, #1021, .T. ) ;
#2084 = DIRECTION ( 'NONE',  ( 0.0000000000000000000, -1.000000000000000000, 0.0000000000000000000 ) ) ;
#2085 = ORIENTED_EDGE ( 'NONE', *, *, #2083, .T. ) ;
#2086 = SURFACE_STYLE_FILL_AREA ( #1051 ) ;
#2087 = CARTESIAN_POINT ( 'NONE',  ( 0.0000000000000000000, -12.69999999999999929, 0.0000000000000000000 ) ) ;
#2088 = LINE ( 'NONE', #194, #1299 ) ;
#2089 =( GEOMETRIC_REPRESENTATION_CONTEXT ( 3 ) GLOBAL_UNCERTAINTY_ASSIGNED_CONTEXT ( ( #184 ) ) GLOBAL_UNIT_ASSIGNED_CONTEXT ( ( #1259, #2207, #1195 ) ) REPRESENTATION_CONTEXT ( 'NONE', 'WORKASPACE' ) );
#2090 = VECTOR ( 'NONE', #2124, 1000.000000000000000 ) ;
#2091 = CARTESIAN_POINT ( 'NONE',  ( -1.545000000000000151, -12.69999999999999929, 0.2799999999999987499 ) ) ;
#2092 = VECTOR ( 'NONE', #1124, 1000.000000000000000 ) ;
#2093 = STYLED_ITEM ( 'NONE', ( #1778 ), #1970 ) ;
#2094 =( NAMED_UNIT ( * ) PLANE_ANGLE_UNIT ( ) SI_UNIT ( $, .RADIAN. ) );
#2095 = UNCERTAINTY_MEASURE_WITH_UNIT (LENGTH_MEASURE( 1.000000000000000082E-05 ), #1790, 'distance_accuracy_value', 'NONE');
#2096 = VECTOR ( 'NONE', #56, 1000.000000000000000 ) ;
#2097 = PLANE ( 'NONE',  #807 ) ;
#2098 = EDGE_CURVE ( 'NONE', #408, #1530, #463, .T. ) ;
#2099 =( LENGTH_UNIT ( ) NAMED_UNIT ( * ) SI_UNIT ( .MILLI., .METRE. ) );
#2100 = LINE ( 'NONE', #1594, #1948 ) ;
#2101 = STYLED_ITEM ( 'NONE', ( #1480 ), #440 ) ;
#2102 = VERTEX_POINT ( 'NONE', #740 ) ;
#2103 = CARTESIAN_POINT ( 'NONE',  ( -0.9949999999999999956, -2.009999999999999787, 0.2799999999999978062 ) ) ;
#2104 = EDGE_LOOP ( 'NONE', ( #588, #324, #1461 ) ) ;
#2105 = STYLED_ITEM ( 'NONE', ( #1543 ), #1714 ) ;
#2106 = DIRECTION ( 'NONE',  ( -1.260700200564539598E-16, -0.0000000000000000000, 1.000000000000000000 ) ) ;
#2107 = ORIENTED_EDGE ( 'NONE', *, *, #817, .T. ) ;
#2108 = CARTESIAN_POINT ( 'NONE',  ( -0.2749999999999999667, -12.69999999999999929, 0.2799999999999995270 ) ) ;
#2109 =( NAMED_UNIT ( * ) SI_UNIT ( $, .STERADIAN. ) SOLID_ANGLE_UNIT ( ) );
#2110 = EDGE_LOOP ( 'NONE', ( #1294, #1958, #226, #1100 ) ) ;
#2111 = DIRECTION ( 'NONE',  ( -0.0000000000000000000, 1.000000000000000000, -0.0000000000000000000 ) ) ;
#2112 = ORIENTED_EDGE ( 'NONE', *, *, #1797, .F. ) ;
#2113 = COLOUR_RGB ( '',0.2509803921568627416, 0.2509803921568627416, 0.2509803921568627416 ) ;
#2114 =( LENGTH_UNIT ( ) NAMED_UNIT ( * ) SI_UNIT ( .MILLI., .METRE. ) );
#2115 =( NAMED_UNIT ( * ) PLANE_ANGLE_UNIT ( ) SI_UNIT ( $, .RADIAN. ) );
#2116 = FACE_OUTER_BOUND ( 'NONE', #1081, .T. ) ;
#2117 = VECTOR ( 'NONE', #331, 1000.000000000000000 ) ;
#2118 = CARTESIAN_POINT ( 'NONE',  ( 1.621000000000000218, -2.010000000000000231, -1.017700409127488159 ) ) ;
#2119 = SURFACE_STYLE_FILL_AREA ( #578 ) ;
#2120 = AXIS2_PLACEMENT_3D ( 'NONE', #1350, #705, #35 ) ;
#2121 = PRESENTATION_LAYER_ASSIGNMENT (  '', '', ( #1561 ) ) ;
#2122 = UNCERTAINTY_MEASURE_WITH_UNIT (LENGTH_MEASURE( 1.000000000000000082E-05 ), #1239, 'distance_accuracy_value', 'NONE');
#2123 = VECTOR ( 'NONE', #1525, 1000.000000000000000 ) ;
#2124 = DIRECTION ( 'NONE',  ( 0.0000000000000000000, 1.000000000000000000, -0.0000000000000000000 ) ) ;
#2125 = DIRECTION ( 'NONE',  ( 0.0000000000000000000, 0.0000000000000000000, 1.000000000000000000 ) ) ;
#2126 = EDGE_CURVE ( 'NONE', #401, #408, #32, .T. ) ;
#2127 =( NAMED_UNIT ( * ) SI_UNIT ( $, .STERADIAN. ) SOLID_ANGLE_UNIT ( ) );
#2128 = FILL_AREA_STYLE ('',( #1092 ) ) ;
#2129 = ORIENTED_EDGE ( 'NONE', *, *, #237, .T. ) ;
#2130 = PRESENTATION_LAYER_ASSIGNMENT (  '', '', ( #1885 ) ) ;
#2131 = CARTESIAN_POINT ( 'NONE',  ( 0.3510000000000002562, -2.010000000000000231, 0.2799999999999961409 ) ) ;
#2132 = FILL_AREA_STYLE ('',( #2141 ) ) ;
#2133 = AXIS2_PLACEMENT_3D ( 'NONE', #986, #847, #1217 ) ;
#2134 = ORIENTED_EDGE ( 'NONE', *, *, #772, .T. ) ;
#2135 = PLANE ( 'NONE',  #648 ) ;
#2136 = DIRECTION ( 'NONE',  ( 1.000000000000000000, -0.0000000000000000000, -0.0000000000000000000 ) ) ;
#2137 = ORIENTED_EDGE ( 'NONE', *, *, #859, .T. ) ;
#2138 = SURFACE_STYLE_FILL_AREA ( #92 ) ;
#2139 = EDGE_LOOP ( 'NONE', ( #1873, #326, #737, #1016, #1337, #1937, #1715 ) ) ;
#2140 = EDGE_CURVE ( 'NONE', #1709, #1744, #1343, .T. ) ;
#2141 = FILL_AREA_STYLE_COLOUR ( '', #2113 ) ;
#2142 = CARTESIAN_POINT ( 'NONE',  ( -0.9189999999999999281, -2.010000000000000231, 0.2799999999999961409 ) ) ;
#2143 =( LENGTH_UNIT ( ) NAMED_UNIT ( * ) SI_UNIT ( .MILLI., .METRE. ) );
#2144 = EDGE_CURVE ( 'NONE', #1157, #887, #1589, .T. ) ;
#2145 = DIRECTION ( 'NONE',  ( -0.0000000000000000000, 1.000000000000000000, -0.0000000000000000000 ) ) ;
#2146 = STYLED_ITEM ( 'NONE', ( #1724 ), #1654 ) ;
#2147 = CARTESIAN_POINT ( 'NONE',  ( -3.615214192913174836E-16, 1.919999999999994600, -2.605000000000001759 ) ) ;
#2148 = SURFACE_STYLE_FILL_AREA ( #1352 ) ;
#2149 = CARTESIAN_POINT ( 'NONE',  ( -0.2749999999999998557, -2.010000000000000231, -0.1500000000000033529 ) ) ;
#2150 = CARTESIAN_POINT ( 'NONE',  ( 3.322180073871740635, 5.339999999999999858, 1.584999999999999520 ) ) ;
#2151 = SURFACE_STYLE_FILL_AREA ( #1271 ) ;
#2152 = CARTESIAN_POINT ( 'NONE',  ( 0.3510000000000002562, -2.010000000000000231, 0.2799999999999961409 ) ) ;
#2153 = SURFACE_STYLE_FILL_AREA ( #1574 ) ;
#2154 = DIRECTION ( 'NONE',  ( 1.000000000000000000, -0.0000000000000000000, -1.675585175659415692E-15 ) ) ;
#2155 = ORIENTED_EDGE ( 'NONE', *, *, #1093, .F. ) ;
#2156 = ORIENTED_EDGE ( 'NONE', *, *, #739, .F. ) ;
#2157 =( LENGTH_UNIT ( ) NAMED_UNIT ( * ) SI_UNIT ( .MILLI., .METRE. ) );
#2158 = STYLED_ITEM ( 'NONE', ( #455 ), #25 ) ;
#2159 = EDGE_LOOP ( 'NONE', ( #1209, #71, #2112, #945 ) ) ;
#2160 = EDGE_LOOP ( 'NONE', ( #151, #914, #97, #646 ) ) ;
#2161 =( NAMED_UNIT ( * ) SI_UNIT ( $, .STERADIAN. ) SOLID_ANGLE_UNIT ( ) );
#2162 = PLANE ( 'NONE',  #157 ) ;
#2163 = ORIENTED_EDGE ( 'NONE', *, *, #2140, .T. ) ;
#2164 = AXIS2_PLACEMENT_3D ( 'NONE', #1364, #2227, #1205 ) ;
#2165 =( LENGTH_UNIT ( ) NAMED_UNIT ( * ) SI_UNIT ( .MILLI., .METRE. ) );
#2166 = ADVANCED_FACE ( 'NONE', ( #2053 ), #1796, .T. ) ;
#2167 = CARTESIAN_POINT ( 'NONE',  ( 1.545000000000000151, 0.0000000000000000000, 0.2799999999999995826 ) ) ;
#2168 = UNCERTAINTY_MEASURE_WITH_UNIT (LENGTH_MEASURE( 1.000000000000000082E-05 ), #1242, 'distance_accuracy_value', 'NONE');
#2169 = ORIENTED_EDGE ( 'NONE', *, *, #1327, .F. ) ;
#2170 = DIRECTION ( 'NONE',  ( 0.0000000000000000000, -0.0000000000000000000, -1.000000000000000000 ) ) ;
#2172 = ADVANCED_FACE ( 'NONE', ( #975 ), #1987, .F. ) ;
#2171 = PRESENTATION_LAYER_ASSIGNMENT (  '', '', ( #1687 ) ) ;
#2173 = DIRECTION ( 'NONE',  ( -0.0000000000000000000, 1.000000000000000000, -0.0000000000000000000 ) ) ;
#2174 = ORIENTED_EDGE ( 'NONE', *, *, #937, .F. ) ;
#2175 = VECTOR ( 'NONE', #754, 1000.000000000000000 ) ;
#2176 = SURFACE_SIDE_STYLE ('',( #1672 ) ) ;
#2177 = COLOUR_RGB ( '',1.000000000000000000, 1.000000000000000000, 1.000000000000000000 ) ;
#2178 = DIRECTION ( 'NONE',  ( 0.0000000000000000000, 0.0000000000000000000, 1.000000000000000000 ) ) ;
#2179 = DIRECTION ( 'NONE',  ( 0.0000000000000000000, 0.0000000000000000000, 1.000000000000000000 ) ) ;
#2180 = FACE_OUTER_BOUND ( 'NONE', #1238, .T. ) ;
#2181 = EDGE_CURVE ( 'NONE', #825, #1744, #1074, .T. ) ;
#2182 = CARTESIAN_POINT ( 'NONE',  ( -1.545000000000000151, -12.69999999999999929, 0.2799999999999987499 ) ) ;
#2183 = CYLINDRICAL_SURFACE ( 'NONE', #2189, 0.7500000000000001110 ) ;
#2184 = SURFACE_STYLE_FILL_AREA ( #714 ) ;
#2185 =( LENGTH_UNIT ( ) NAMED_UNIT ( * ) SI_UNIT ( .MILLI., .METRE. ) );
#2186 = AXIS2_PLACEMENT_3D ( 'NONE', #956, #1640, #947 ) ;
#2187 = DIRECTION ( 'NONE',  ( 1.000000000000000000, 0.0000000000000000000, 0.0000000000000000000 ) ) ;
#2188 = ADVANCED_FACE ( 'NONE', ( #692 ), #1308, .T. ) ;
#2189 = AXIS2_PLACEMENT_3D ( 'NONE', #1356, #510, #491 ) ;
#2190 = FILL_AREA_STYLE_COLOUR ( '', #1493 ) ;
#2191 = CARTESIAN_POINT ( 'NONE',  ( -3.615214192913174836E-16, 1.919999999999994600, -2.605000000000001759 ) ) ;
#2192 = SURFACE_SIDE_STYLE ('',( #48 ) ) ;
#2193 = EDGE_CURVE ( 'NONE', #296, #373, #1103, .T. ) ;
#2194 = ORIENTED_EDGE ( 'NONE', *, *, #1544, .F. ) ;
#2195 = DIRECTION ( 'NONE',  ( 0.0000000000000000000, -1.000000000000000000, 0.0000000000000000000 ) ) ;
#2196 = PLANE ( 'NONE',  #846 ) ;
#2197 = ORIENTED_EDGE ( 'NONE', *, *, #1906, .F. ) ;
#2198 = PRESENTATION_LAYER_ASSIGNMENT (  '', '', ( #556 ) ) ;
#2199 = VERTEX_POINT ( 'NONE', #1819 ) ;
#2200 = ORIENTED_EDGE ( 'NONE', *, *, #70, .F. ) ;
#2201 =( LENGTH_UNIT ( ) NAMED_UNIT ( * ) SI_UNIT ( .MILLI., .METRE. ) );
#2202 = COLOUR_RGB ( '',1.000000000000000000, 1.000000000000000000, 1.000000000000000000 ) ;
#2203 = PRESENTATION_STYLE_ASSIGNMENT (( #1506 ) ) ;
#2204 = DIRECTION ( 'NONE',  ( 0.0000000000000000000, 1.000000000000000000, 0.0000000000000000000 ) ) ;
#2205 = SURFACE_STYLE_FILL_AREA ( #127 ) ;
#2206 =( GEOMETRIC_REPRESENTATION_CONTEXT ( 3 ) GLOBAL_UNCERTAINTY_ASSIGNED_CONTEXT ( ( #486 ) ) GLOBAL_UNIT_ASSIGNED_CONTEXT ( ( #893, #1420, #2127 ) ) REPRESENTATION_CONTEXT ( 'NONE', 'WORKASPACE' ) );
#2207 =( NAMED_UNIT ( * ) PLANE_ANGLE_UNIT ( ) SI_UNIT ( $, .RADIAN. ) );
#2208 = LINE ( 'NONE', #573, #1914 ) ;
#2209 = COLOUR_RGB ( '',1.000000000000000000, 1.000000000000000000, 1.000000000000000000 ) ;
#2210 = MECHANICAL_DESIGN_GEOMETRIC_PRESENTATION_REPRESENTATION (  '', ( #797 ), #160 ) ;
#2211 = PRESENTATION_LAYER_ASSIGNMENT (  '', '', ( #2093 ) ) ;
#2212 = DIRECTION ( 'NONE',  ( 0.0000000000000000000, 0.0000000000000000000, 1.000000000000000000 ) ) ;
#2213 = LINE ( 'NONE', #264, #1482 ) ;
#2214 = ADVANCED_FACE ( 'NONE', ( #888 ), #272, .F. ) ;
#2215 = CARTESIAN_POINT ( 'NONE',  ( 0.6546576960170537030, 3.048916212224498601, -2.521702256236790785 ) ) ;
#2216 = ORIENTED_EDGE ( 'NONE', *, *, #144, .F. ) ;
#2217 = LINE ( 'NONE', #2152, #968 ) ;
#2218 = ORIENTED_EDGE ( 'NONE', *, *, #288, .T. ) ;
#2219 = EDGE_CURVE ( 'NONE', #1962, #771, #350, .T. ) ;
#2220 = VERTEX_POINT ( 'NONE', #953 ) ;
#2221 = VERTEX_POINT ( 'NONE', #120 ) ;
#2222 = PRESENTATION_LAYER_ASSIGNMENT (  '', '', ( #899 ) ) ;
#2223 = COLOUR_RGB ( '',1.000000000000000000, 1.000000000000000000, 1.000000000000000000 ) ;
#2224 = FILL_AREA_STYLE ('',( #806 ) ) ;
#2225 = ORIENTED_EDGE ( 'NONE', *, *, #1968, .F. ) ;
#2226 = CARTESIAN_POINT ( 'NONE',  ( 0.9949999999999999956, -12.69999999999999929, -0.1500000000000004663 ) ) ;
#2227 = DIRECTION ( 'NONE',  ( 0.0000000000000000000, 1.000000000000000000, 0.0000000000000000000 ) ) ;
#2228 = PRESENTATION_STYLE_ASSIGNMENT (( #711 ) ) ;
#2229 = VECTOR ( 'NONE', #1657, 1000.000000000000000 ) ;
#2230 =( NAMED_UNIT ( * ) SI_UNIT ( $, .STERADIAN. ) SOLID_ANGLE_UNIT ( ) );
#2231 = CARTESIAN_POINT ( 'NONE',  ( -0.7302026535111068029, 2.867191662727741175, -2.500868835867749329 ) ) ;
#2232 = CARTESIAN_POINT ( 'NONE',  ( 0.3510000000000002562, -2.010000000000000231, 0.2799999999999961409 ) ) ;
#2233 = FILL_AREA_STYLE_COLOUR ( '', #1882 ) ;
#2234 = LINE ( 'NONE', #1510, #796 ) ;
ENDSEC;
END-ISO-10303-21;
