ISO-10303-21;
HEADER;
FILE_DESCRIPTION (( 'STEP AP214' ),
    '1' );
FILE_NAME ('2N3906BU.STEP',
    '2021-06-04T09:05:01',
    ( '' ),
    ( '' ),
    'SwSTEP 2.0',
    'SolidWorks 2018',
    '' );
FILE_SCHEMA (( 'AUTOMOTIVE_DESIGN' ));
ENDSEC;

DATA;
#1 = CARTESIAN_POINT ( 'NONE',  ( 1.125707540057071299, -14.85999999999999943, 0.9450000000000061684 ) ) ;
#2 = COLOUR_RGB ( '',0.7529411764705882248, 0.7529411764705882248, 0.7529411764705882248 ) ;
#3 = EDGE_CURVE ( 'NONE', #1408, #926, #1374, .T. ) ;
#4 = APPLICATION_CONTEXT ( 'automotive_design' ) ;
#5 = LINE ( 'NONE', #444, #190 ) ;
#6 = PRESENTATION_STYLE_ASSIGNMENT (( #383 ) ) ;
#7 = AXIS2_PLACEMENT_3D ( 'NONE', #934, #283, #403 ) ;
#8 = ORIENTED_EDGE ( 'NONE', *, *, #1473, .T. ) ;
#9 = EDGE_LOOP ( 'NONE', ( #34, #1513, #1558, #1540 ) ) ;
#10 = ORIENTED_EDGE ( 'NONE', *, *, #1454, .F. ) ;
#11 = VECTOR ( 'NONE', #1364, 1000.000000000000114 ) ;
#12 = B_SPLINE_CURVE_WITH_KNOTS ( 'NONE', 3,
 ( #1636, #983, #1368, #341, #1503, #433, #1490, #1117, #441, #1231, #1252, #1384, #336, #337, #979, #708, #294, #158, #1232, #1447, #532, #1624, #442, #948 ),
 .UNSPECIFIED., .F., .F.,
 ( 4, 2, 2, 2, 2, 2, 2, 2, 2, 2, 2, 4 ),
 ( 0.004465703911632077673, 0.005023916900586087274, 0.005582129889540096875, 0.006140342878494106475, 0.006419449372971111276, 0.006698555867448116076, 0.007256768856402126544, 0.007814981845356136145, 0.008094088339833140078, 0.008373194834310145745, 0.008652301328787151413, 0.008931407823264155346 ),
 .UNSPECIFIED. ) ;
#13 = ORIENTED_EDGE ( 'NONE', *, *, #731, .F. ) ;
#14 = UNCERTAINTY_MEASURE_WITH_UNIT (LENGTH_MEASURE( 1.000000000000000082E-05 ), #67, 'distance_accuracy_value', 'NONE');
#15 = SURFACE_SIDE_STYLE ('',( #1277 ) ) ;
#16 = DIRECTION ( 'NONE',  ( 0.7071067811865479058, 0.0000000000000000000, 0.7071067811865472397 ) ) ;
#17 = PLANE ( 'NONE',  #595 ) ;
#18 = APPLICATION_PROTOCOL_DEFINITION ( 'draft international standard', 'automotive_design', 1998, #4 ) ;
#19 = SURFACE_STYLE_FILL_AREA ( #1075 ) ;
#20 = STYLED_ITEM ( 'NONE', ( #699 ), #1209 ) ;
#21 = PRODUCT_DEFINITION_CONTEXT ( 'detailed design', #657, 'design' ) ;
#22 = FILL_AREA_STYLE ('',( #1564 ) ) ;
#23 = UNCERTAINTY_MEASURE_WITH_UNIT (LENGTH_MEASURE( 1.000000000000000082E-05 ), #269, 'distance_accuracy_value', 'NONE');
#24 = DIRECTION ( 'NONE',  ( 0.7071067811865507924, 0.0000000000000000000, -0.7071067811865442421 ) ) ;
#25 = CARTESIAN_POINT ( 'NONE',  ( -0.08429245994297056288, -14.85999999999999943, 1.334999999999983089 ) ) ;
#26 = FACE_OUTER_BOUND ( 'NONE', #724, .T. ) ;
#27 = ADVANCED_FACE ( 'NONE', ( #728 ), #374, .T. ) ;
#28 = ORIENTED_EDGE ( 'NONE', *, *, #88, .F. ) ;
#29 = EDGE_LOOP ( 'NONE', ( #568, #679, #907, #767 ) ) ;
#30 =( LENGTH_UNIT ( ) NAMED_UNIT ( * ) SI_UNIT ( .MILLI., .METRE. ) );
#31 = CARTESIAN_POINT ( 'NONE',  ( -0.4609897651771606153, -0.5445601157457983232, 3.133543994848133618 ) ) ;
#32 = ORIENTED_EDGE ( 'NONE', *, *, #1269, .T. ) ;
#33 = ORIENTED_EDGE ( 'NONE', *, *, #954, .F. ) ;
#34 = ORIENTED_EDGE ( 'NONE', *, *, #1339, .T. ) ;
#35 = CARTESIAN_POINT ( 'NONE',  ( 1.413499999999995316, -14.85999999999999943, 1.215792459942931725 ) ) ;
#36 = COLOUR_RGB ( '',0.7529411764705882248, 0.7529411764705882248, 0.7529411764705882248 ) ;
#37 = ADVANCED_FACE ( 'NONE', ( #768 ), #647, .F. ) ;
#38 = MECHANICAL_DESIGN_GEOMETRIC_PRESENTATION_REPRESENTATION (  '', ( #1633 ), #650 ) ;
#39 = ORIENTED_EDGE ( 'NONE', *, *, #537, .T. ) ;
#40 = CIRCLE ( 'NONE', #508, 1.296029954980999488 ) ;
#41 = DIRECTION ( 'NONE',  ( 0.7071067811865442421, 0.0000000000000000000, 0.7071067811865507924 ) ) ;
#42 = SURFACE_STYLE_USAGE ( .BOTH. , #177 ) ;
#43 = CARTESIAN_POINT ( 'NONE',  ( 1.006499999999995509, -2.160000000000000142, 1.215792459942931503 ) ) ;
#44 = CARTESIAN_POINT ( 'NONE',  ( 0.2034999999999675957, -14.85999999999999943, 1.064207540057056534 ) ) ;
#45 = DIRECTION ( 'NONE',  ( -0.7071067811865450192, 0.0000000000000000000, -0.7071067811865501263 ) ) ;
#46 = CARTESIAN_POINT ( 'NONE',  ( -1.413500000000004420, -14.85999999999999943, 1.215792459942931503 ) ) ;
#47 = SURFACE_STYLE_USAGE ( .BOTH. , #598 ) ;
#48 = ADVANCED_FACE ( 'NONE', ( #642 ), #1028, .F. ) ;
#49 = VECTOR ( 'NONE', #459, 1000.000000000000000 ) ;
#50 = EDGE_LOOP ( 'NONE', ( #1377, #1170, #797, #1594 ) ) ;
#51 = AXIS2_PLACEMENT_3D ( 'NONE', #345, #1660, #1390 ) ;
#52 = VERTEX_POINT ( 'NONE', #1014 ) ;
#53 = SURFACE_STYLE_USAGE ( .BOTH. , #1483 ) ;
#54 = PLANE ( 'NONE',  #1366 ) ;
#55 = FILL_AREA_STYLE_COLOUR ( '', #994 ) ;
#56 = SURFACE_SIDE_STYLE ('',( #1632 ) ) ;
#57 = FILL_AREA_STYLE ('',( #503 ) ) ;
#58 =( GEOMETRIC_REPRESENTATION_CONTEXT ( 3 ) GLOBAL_UNCERTAINTY_ASSIGNED_CONTEXT ( ( #1044 ) ) GLOBAL_UNIT_ASSIGNED_CONTEXT ( ( #676, #1038, #963 ) ) REPRESENTATION_CONTEXT ( 'NONE', 'WORKASPACE' ) );
#59 =( NAMED_UNIT ( * ) PLANE_ANGLE_UNIT ( ) SI_UNIT ( $, .RADIAN. ) );
#60 = DIRECTION ( 'NONE',  ( -0.7071067811865417996, 0.0000000000000000000, -0.7071067811865533459 ) ) ;
#61 = SURFACE_STYLE_USAGE ( .BOTH. , #364 ) ;
#62 = COLOUR_RGB ( '',0.7529411764705882248, 0.7529411764705882248, 0.7529411764705882248 ) ;
#63 = MANIFOLD_SOLID_BREP ( 'Boss-Extrude2[1]', #1243 ) ;
#64 = CARTESIAN_POINT ( 'NONE',  ( -1.125707540057079958, -14.85999999999999943, 1.335000000000006182 ) ) ;
#65 = DIRECTION ( 'NONE',  ( -0.7071067811865532349, 0.0000000000000000000, 0.7071067811865416886 ) ) ;
#66 = DIRECTION ( 'NONE',  ( 0.0000000000000000000, 0.0000000000000000000, 1.000000000000000000 ) ) ;
#67 =( LENGTH_UNIT ( ) NAMED_UNIT ( * ) SI_UNIT ( .MILLI., .METRE. ) );
#68 = ORIENTED_EDGE ( 'NONE', *, *, #1160, .F. ) ;
#69 = MECHANICAL_DESIGN_GEOMETRIC_PRESENTATION_REPRESENTATION (  '', ( #1493 ), #162 ) ;
#70 = EDGE_LOOP ( 'NONE', ( #274, #764, #369, #1331 ) ) ;
#71 = PRESENTATION_STYLE_ASSIGNMENT (( #424 ) ) ;
#72 = EDGE_CURVE ( 'NONE', #1047, #1244, #1640, .T. ) ;
#73 = MECHANICAL_DESIGN_GEOMETRIC_PRESENTATION_REPRESENTATION (  '', ( #1497 ), #166 ) ;
#74 = VECTOR ( 'NONE', #938, 1000.000000000000000 ) ;
#75 = CARTESIAN_POINT ( 'NONE',  ( -1.006500000000004613, -2.160000000000000142, 1.064207540057080736 ) ) ;
#76 = FILL_AREA_STYLE_COLOUR ( '', #2 ) ;
#77 = EDGE_CURVE ( 'NONE', #588, #1051, #801, .T. ) ;
#78 = LINE ( 'NONE', #371, #1656 ) ;
#79 = COLOUR_RGB ( '',0.7921568627450980005, 0.8196078431372548767, 0.9333333333333333481 ) ;
#80 = SURFACE_STYLE_USAGE ( .BOTH. , #1499 ) ;
#81 = DIRECTION ( 'NONE',  ( -0.7071067811866498243, 0.0000000000000000000, 0.7071067811864450992 ) ) ;
#82 = EDGE_CURVE ( 'NONE', #1190, #822, #1265, .T. ) ;
#83 = DIRECTION ( 'NONE',  ( -0.0000000000000000000, 1.000000000000000000, -0.0000000000000000000 ) ) ;
#84 = AXIS2_PLACEMENT_3D ( 'NONE', #1162, #1557, #596 ) ;
#85 = DIRECTION ( 'NONE',  ( 0.0000000000000000000, 0.0000000000000000000, 1.000000000000000000 ) ) ;
#86 = EDGE_CURVE ( 'NONE', #289, #590, #782, .T. ) ;
#87 = SURFACE_SIDE_STYLE ('',( #416 ) ) ;
#88 = EDGE_CURVE ( 'NONE', #1472, #860, #238, .T. ) ;
#89 = EDGE_CURVE ( 'NONE', #1035, #510, #119, .T. ) ;
#90 = CARTESIAN_POINT ( 'NONE',  ( -0.3682804563437606094, 2.113511818607959558, 3.151253399215772522 ) ) ;
#91 = SURFACE_STYLE_FILL_AREA ( #475 ) ;
#92 = ORIENTED_EDGE ( 'NONE', *, *, #89, .T. ) ;
#93 = ORIENTED_EDGE ( 'NONE', *, *, #460, .F. ) ;
#94 = ORIENTED_EDGE ( 'NONE', *, *, #1088, .F. ) ;
#95 = EDGE_CURVE ( 'NONE', #1261, #472, #1453, .T. ) ;
#96 = CARTESIAN_POINT ( 'NONE',  ( 1.125707540057071299, -2.160000000000000142, 0.9450000000000061684 ) ) ;
#97 = STYLED_ITEM ( 'NONE', ( #678 ), #423 ) ;
#98 = CARTESIAN_POINT ( 'NONE',  ( -0.9289700450190003789, -2.160000000000000142, 1.030461330706115897 ) ) ;
#99 = PLANE ( 'NONE',  #530 ) ;
#100 = ORIENTED_EDGE ( 'NONE', *, *, #375, .F. ) ;
#101 =( GEOMETRIC_REPRESENTATION_CONTEXT ( 3 ) GLOBAL_UNCERTAINTY_ASSIGNED_CONTEXT ( ( #1294 ) ) GLOBAL_UNIT_ASSIGNED_CONTEXT ( ( #803, #1587, #272 ) ) REPRESENTATION_CONTEXT ( 'NONE', 'WORKASPACE' ) );
#102 = UNCERTAINTY_MEASURE_WITH_UNIT (LENGTH_MEASURE( 1.000000000000000082E-05 ), #880, 'distance_accuracy_value', 'NONE');
#103 = LINE ( 'NONE', #633, #217 ) ;
#104 = DIRECTION ( 'NONE',  ( 0.7071067811865479058, 0.0000000000000000000, 0.7071067811865472397 ) ) ;
#105 = CARTESIAN_POINT ( 'NONE',  ( -1.108585608187111493, 1.626865203463129683, 2.889646737962013212 ) ) ;
#106 = PRODUCT_DEFINITION_SHAPE ( 'NONE', 'NONE',  #881 ) ;
#107 = STYLED_ITEM ( 'NONE', ( #71 ), #63 ) ;
#108 = FILL_AREA_STYLE ('',( #476 ) ) ;
#109 = PRESENTATION_LAYER_ASSIGNMENT (  '', '', ( #20 ) ) ;
#110 = SURFACE_SIDE_STYLE ('',( #1163 ) ) ;
#111 = DIRECTION ( 'NONE',  ( 0.0000000000000000000, 0.0000000000000000000, -1.000000000000000000 ) ) ;
#112 = VECTOR ( 'NONE', #1413, 1000.000000000000000 ) ;
#113 = DIRECTION ( 'NONE',  ( 0.0000000000000000000, -1.000000000000000000, 0.0000000000000000000 ) ) ;
#114 = CARTESIAN_POINT ( 'NONE',  ( 2.220362674755354870, 2.160000000000000142, 1.139999999999999236 ) ) ;
#115 = PRESENTATION_STYLE_ASSIGNMENT (( #1316 ) ) ;
#116 = ORIENTED_EDGE ( 'NONE', *, *, #1012, .T. ) ;
#117 = ORIENTED_EDGE ( 'NONE', *, *, #1318, .T. ) ;
#118 = VERTEX_POINT ( 'NONE', #159 ) ;
#119 = LINE ( 'NONE', #1578, #1306 ) ;
#120 = CARTESIAN_POINT ( 'NONE',  ( -0.08429245994297056288, -2.160000000000000142, 1.334999999999983089 ) ) ;
#121 = ORIENTED_EDGE ( 'NONE', *, *, #537, .F. ) ;
#122 = VECTOR ( 'NONE', #1538, 1000.000000000000000 ) ;
#123 = CARTESIAN_POINT ( 'NONE',  ( -1.125707540057079514, -14.85999999999999943, 0.9450000000000060574 ) ) ;
#124 = PLANE ( 'NONE',  #943 ) ;
#125 = UNCERTAINTY_MEASURE_WITH_UNIT (LENGTH_MEASURE( 1.000000000000000082E-05 ), #1310, 'distance_accuracy_value', 'NONE');
#126 = COLOUR_RGB ( '',0.7529411764705882248, 0.7529411764705882248, 0.7529411764705882248 ) ;
#127 = PRESENTATION_LAYER_ASSIGNMENT (  '', '', ( #1633 ) ) ;
#128 = CARTESIAN_POINT ( 'NONE',  ( 1.006499999999995509, -2.160000000000000142, 1.215792459942931503 ) ) ;
#129 = CARTESIAN_POINT ( 'NONE',  ( -1.413500000000004420, -14.85999999999999943, 1.064207540057080736 ) ) ;
#130 = AXIS2_PLACEMENT_3D ( 'NONE', #443, #884, #857 ) ;
#131 =( NAMED_UNIT ( * ) PLANE_ANGLE_UNIT ( ) SI_UNIT ( $, .RADIAN. ) );
#132 = STYLED_ITEM ( 'NONE', ( #394 ), #1559 ) ;
#133 = DIRECTION ( 'NONE',  ( -0.0000000000000000000, 1.000000000000000000, -0.0000000000000000000 ) ) ;
#134 = LINE ( 'NONE', #114, #944 ) ;
#135 = ORIENTED_EDGE ( 'NONE', *, *, #1176, .F. ) ;
#136 = VERTEX_POINT ( 'NONE', #894 ) ;
#137 = EDGE_CURVE ( 'NONE', #563, #860, #194, .T. ) ;
#138 = VECTOR ( 'NONE', #1264, 1000.000000000000000 ) ;
#139 = SURFACE_STYLE_FILL_AREA ( #511 ) ;
#140 =( NAMED_UNIT ( * ) SI_UNIT ( $, .STERADIAN. ) SOLID_ANGLE_UNIT ( ) );
#141 = DIRECTION ( 'NONE',  ( 0.7071067811865479058, 0.0000000000000000000, 0.7071067811865472397 ) ) ;
#142 = PRESENTATION_LAYER_ASSIGNMENT (  '', '', ( #1647 ) ) ;
#143 = UNCERTAINTY_MEASURE_WITH_UNIT (LENGTH_MEASURE( 1.000000000000000082E-05 ), #754, 'distance_accuracy_value', 'NONE');
#144 = CARTESIAN_POINT ( 'NONE',  ( -1.006500000000004613, -14.85999999999999943, 1.064207540057080736 ) ) ;
#145 = FILL_AREA_STYLE_COLOUR ( '', #1588 ) ;
#146 =( NAMED_UNIT ( * ) SI_UNIT ( $, .STERADIAN. ) SOLID_ANGLE_UNIT ( ) );
#147 = FACE_OUTER_BOUND ( 'NONE', #908, .T. ) ;
#148 = VECTOR ( 'NONE', #819, 1000.000000000000000 ) ;
#149 = FILL_AREA_STYLE_COLOUR ( '', #79 ) ;
#150 = UNCERTAINTY_MEASURE_WITH_UNIT (LENGTH_MEASURE( 1.000000000000000082E-05 ), #1522, 'distance_accuracy_value', 'NONE');
#151 = LINE ( 'NONE', #583, #49 ) ;
#152 = CARTESIAN_POINT ( 'NONE',  ( -1.389582604304583358, 0.9612917757630666804, 2.693657594322930393 ) ) ;
#153 = VERTEX_POINT ( 'NONE', #1063 ) ;
#154 = EDGE_LOOP ( 'NONE', ( #100, #216, #1241, #951, #237, #408, #1350 ) ) ;
#155 = SURFACE_SIDE_STYLE ('',( #419 ) ) ;
#156 = ADVANCED_FACE ( 'NONE', ( #529 ), #1150, .F. ) ;
#157 = EDGE_LOOP ( 'NONE', ( #1514, #1489, #1593, #1242 ) ) ;
#158 = CARTESIAN_POINT ( 'NONE',  ( 0.7072020036193406023, 1.969974024482089359, 3.066271718117251854 ) ) ;
#159 = CARTESIAN_POINT ( 'NONE',  ( 0.08429245994291678645, -2.160000000000000142, 0.9450000000000065015 ) ) ;
#160 = SURFACE_STYLE_FILL_AREA ( #1292 ) ;
#161 = DIRECTION ( 'NONE',  ( 1.264375711353357966E-16, -0.0000000000000000000, 1.000000000000000000 ) ) ;
#162 =( GEOMETRIC_REPRESENTATION_CONTEXT ( 3 ) GLOBAL_UNCERTAINTY_ASSIGNED_CONTEXT ( ( #800 ) ) GLOBAL_UNIT_ASSIGNED_CONTEXT ( ( #1106, #892, #1631 ) ) REPRESENTATION_CONTEXT ( 'NONE', 'WORKASPACE' ) );
#163 = SURFACE_STYLE_USAGE ( .BOTH. , #155 ) ;
#164 = SURFACE_SIDE_STYLE ('',( #1139 ) ) ;
#165 = VECTOR ( 'NONE', #247, 1000.000000000000000 ) ;
#166 =( GEOMETRIC_REPRESENTATION_CONTEXT ( 3 ) GLOBAL_UNCERTAINTY_ASSIGNED_CONTEXT ( ( #1007 ) ) GLOBAL_UNIT_ASSIGNED_CONTEXT ( ( #201, #1477, #309 ) ) REPRESENTATION_CONTEXT ( 'NONE', 'WORKASPACE' ) );
#167 =( LENGTH_UNIT ( ) NAMED_UNIT ( * ) SI_UNIT ( .MILLI., .METRE. ) );
#168 = FILL_AREA_STYLE ('',( #863 ) ) ;
#169 = FILL_AREA_STYLE ('',( #149 ) ) ;
#170 = DIRECTION ( 'NONE',  ( -0.0000000000000000000, -1.000000000000000000, -0.0000000000000000000 ) ) ;
#171 = LINE ( 'NONE', #1233, #112 ) ;
#172 = PRESENTATION_LAYER_ASSIGNMENT (  '', '', ( #1679 ) ) ;
#173 = ORIENTED_EDGE ( 'NONE', *, *, #221, .F. ) ;
#174 = ORIENTED_EDGE ( 'NONE', *, *, #77, .T. ) ;
#175 = SURFACE_SIDE_STYLE ('',( #91 ) ) ;
#176 = ORIENTED_EDGE ( 'NONE', *, *, #1338, .T. ) ;
#177 = SURFACE_SIDE_STYLE ('',( #1055 ) ) ;
#178 = EDGE_LOOP ( 'NONE', ( #1218, #13, #1595, #213 ) ) ;
#179 = EDGE_CURVE ( 'NONE', #528, #477, #410, .T. ) ;
#180 = PRESENTATION_LAYER_ASSIGNMENT (  '', '', ( #520 ) ) ;
#181 = AXIS2_PLACEMENT_3D ( 'NONE', #1436, #484, #240 ) ;
#182 = DIRECTION ( 'NONE',  ( 0.0000000000000000000, 0.0000000000000000000, -1.000000000000000000 ) ) ;
#183 = ADVANCED_FACE ( 'NONE', ( #1601 ), #1465, .F. ) ;
#184 = VECTOR ( 'NONE', #1340, 1000.000000000000000 ) ;
#185 = FILL_AREA_STYLE_COLOUR ( '', #316 ) ;
#186 = DIRECTION ( 'NONE',  ( 0.0000000000000000000, 0.0000000000000000000, 1.000000000000000000 ) ) ;
#187 = EDGE_CURVE ( 'NONE', #1165, #1451, #930, .T. ) ;
#188 = AXIS2_PLACEMENT_3D ( 'NONE', #1550, #661, #1288 ) ;
#189 = FACE_OUTER_BOUND ( 'NONE', #178, .T. ) ;
#190 = VECTOR ( 'NONE', #1204, 1000.000000000000114 ) ;
#191 = SURFACE_STYLE_USAGE ( .BOTH. , #87 ) ;
#192 = MECHANICAL_DESIGN_GEOMETRIC_PRESENTATION_REPRESENTATION (  '', ( #20 ), #280 ) ;
#193 = ORIENTED_EDGE ( 'NONE', *, *, #1269, .F. ) ;
#194 = LINE ( 'NONE', #949, #1285 ) ;
#195 = LINE ( 'NONE', #564, #1199 ) ;
#196 = DIRECTION ( 'NONE',  ( 0.0000000000000000000, 0.0000000000000000000, -1.000000000000000000 ) ) ;
#197 =( NAMED_UNIT ( * ) SI_UNIT ( $, .STERADIAN. ) SOLID_ANGLE_UNIT ( ) );
#198 = AXIS2_PLACEMENT_3D ( 'NONE', #1193, #1119, #1525 ) ;
#199 = PLANE ( 'NONE',  #557 ) ;
#200 =( LENGTH_UNIT ( ) NAMED_UNIT ( * ) SI_UNIT ( .MILLI., .METRE. ) );
#201 =( LENGTH_UNIT ( ) NAMED_UNIT ( * ) SI_UNIT ( .MILLI., .METRE. ) );
#202 = DIRECTION ( 'NONE',  ( -1.000000000000000000, 0.0000000000000000000, -1.363412935881582229E-13 ) ) ;
#203 = FACE_OUTER_BOUND ( 'NONE', #587, .T. ) ;
#204 = FILL_AREA_STYLE_COLOUR ( '', #717 ) ;
#205 = LINE ( 'NONE', #342, #634 ) ;
#206 = MECHANICAL_DESIGN_GEOMETRIC_PRESENTATION_REPRESENTATION (  '', ( #520 ), #398 ) ;
#207 = CARTESIAN_POINT ( 'NONE',  ( 1.715000000000000302, -2.160000000000000142, 0.0000000000000000000 ) ) ;
#208 = ORIENTED_EDGE ( 'NONE', *, *, #1614, .T. ) ;
#209 = EDGE_LOOP ( 'NONE', ( #366, #1536, #906, #506 ) ) ;
#210 = AXIS2_PLACEMENT_3D ( 'NONE', #256, #161, #1248 ) ;
#211 =( NAMED_UNIT ( * ) SI_UNIT ( $, .STERADIAN. ) SOLID_ANGLE_UNIT ( ) );
#212 = AXIS2_PLACEMENT_3D ( 'NONE', #1464, #418, #81 ) ;
#213 = ORIENTED_EDGE ( 'NONE', *, *, #1527, .T. ) ;
#214 = SURFACE_STYLE_FILL_AREA ( #1415 ) ;
#215 =( NAMED_UNIT ( * ) SI_UNIT ( $, .STERADIAN. ) SOLID_ANGLE_UNIT ( ) );
#216 = ORIENTED_EDGE ( 'NONE', *, *, #1426, .F. ) ;
#217 = VECTOR ( 'NONE', #762, 1000.000000000000000 ) ;
#218 = DIRECTION ( 'NONE',  ( 0.0000000000000000000, 0.0000000000000000000, 1.000000000000000000 ) ) ;
#219 = SURFACE_STYLE_FILL_AREA ( #575 ) ;
#220 = DIRECTION ( 'NONE',  ( -0.0000000000000000000, 1.000000000000000000, -0.0000000000000000000 ) ) ;
#221 = EDGE_CURVE ( 'NONE', #118, #1675, #312, .T. ) ;
#222 = MECHANICAL_DESIGN_GEOMETRIC_PRESENTATION_REPRESENTATION (  '', ( #1647 ), #308 ) ;
#223 = DIRECTION ( 'NONE',  ( -0.0000000000000000000, 1.000000000000000000, -0.0000000000000000000 ) ) ;
#224 =( LENGTH_UNIT ( ) NAMED_UNIT ( * ) SI_UNIT ( .MILLI., .METRE. ) );
#225 = FILL_AREA_STYLE_COLOUR ( '', #795 ) ;
#226 = DIRECTION ( 'NONE',  ( 1.363412935881582229E-13, 0.0000000000000000000, -1.000000000000000000 ) ) ;
#227 = CARTESIAN_POINT ( 'NONE',  ( -1.714999999999999858, -2.160000000000000142, 4.336808689942017736E-16 ) ) ;
#228 = LINE ( 'NONE', #838, #1010 ) ;
#229 = PRESENTATION_STYLE_ASSIGNMENT (( #1530 ) ) ;
#230 = VECTOR ( 'NONE', #1281, 1000.000000000000000 ) ;
#231 = CLOSED_SHELL ( 'NONE', ( #1209, #421, #1214, #541, #845, #270, #599, #814, #1610, #739 ) ) ;
#232 = VERTEX_POINT ( 'NONE', #504 ) ;
#233 = DIRECTION ( 'NONE',  ( 0.0000000000000000000, 0.0000000000000000000, -1.000000000000000000 ) ) ;
#234 = STYLED_ITEM ( 'NONE', ( #609 ), #586 ) ;
#235 = COLOUR_RGB ( '',0.7529411764705882248, 0.7529411764705882248, 0.7529411764705882248 ) ;
#236 = CARTESIAN_POINT ( 'NONE',  ( -0.09900276242403227567, -0.6196464253281266377, 3.179779446713188129 ) ) ;
#237 = ORIENTED_EDGE ( 'NONE', *, *, #731, .T. ) ;
#238 = LINE ( 'NONE', #1177, #706 ) ;
#239 = CARTESIAN_POINT ( 'NONE',  ( 1.294292459942919971, -14.85999999999999943, 1.335000000000005071 ) ) ;
#240 = DIRECTION ( 'NONE',  ( 0.7071067811865479058, 0.0000000000000000000, 0.7071067811865472397 ) ) ;
#241 = CARTESIAN_POINT ( 'NONE',  ( 0.2034999999999693165, -2.160000000000000142, 1.215792459942949932 ) ) ;
#242 = CARTESIAN_POINT ( 'NONE',  ( -1.125707540057079958, -2.160000000000000142, 1.335000000000006182 ) ) ;
#243 =( NAMED_UNIT ( * ) PLANE_ANGLE_UNIT ( ) SI_UNIT ( $, .RADIAN. ) );
#244 = LINE ( 'NONE', #1084, #1124 ) ;
#245 = FILL_AREA_STYLE_COLOUR ( '', #1442 ) ;
#246 = FACE_OUTER_BOUND ( 'NONE', #412, .T. ) ;
#247 = DIRECTION ( 'NONE',  ( -0.0000000000000000000, -1.000000000000000000, -0.0000000000000000000 ) ) ;
#248 = VECTOR ( 'NONE', #301, 1000.000000000000114 ) ;
#249 = SURFACE_STYLE_FILL_AREA ( #759 ) ;
#250 = VECTOR ( 'NONE', #1676, 1000.000000000000000 ) ;
#251 = EDGE_LOOP ( 'NONE', ( #585, #1302, #1033, #844 ) ) ;
#252 = ORIENTED_EDGE ( 'NONE', *, *, #1160, .T. ) ;
#253 = ORIENTED_EDGE ( 'NONE', *, *, #1496, .T. ) ;
#254 = MECHANICAL_DESIGN_GEOMETRIC_PRESENTATION_REPRESENTATION (  '', ( #1679 ), #339 ) ;
#255 =( NAMED_UNIT ( * ) SI_UNIT ( $, .STERADIAN. ) SOLID_ANGLE_UNIT ( ) );
#256 = CARTESIAN_POINT ( 'NONE',  ( 1.715000000000000302, 2.160000000000000142, 0.0000000000000000000 ) ) ;
#257 = EDGE_CURVE ( 'NONE', #429, #288, #565, .T. ) ;
#258 = CARTESIAN_POINT ( 'NONE',  ( 0.0000000000000000000, -14.85999999999999943, 0.0000000000000000000 ) ) ;
#259 = PLANE ( 'NONE',  #704 ) ;
#260 = ADVANCED_FACE ( 'NONE', ( #1115 ), #1041, .F. ) ;
#261 = DIRECTION ( 'NONE',  ( 0.0000000000000000000, 0.0000000000000000000, -1.000000000000000000 ) ) ;
#262 = EDGE_CURVE ( 'NONE', #1018, #588, #1495, .T. ) ;
#263 = DIRECTION ( 'NONE',  ( -1.000000000000000000, 0.0000000000000000000, 0.0000000000000000000 ) ) ;
#264 = EDGE_CURVE ( 'NONE', #136, #1673, #533, .T. ) ;
#265 = PRESENTATION_LAYER_ASSIGNMENT (  '', '', ( #97 ) ) ;
#266 = PRESENTATION_STYLE_ASSIGNMENT (( #1650 ) ) ;
#267 = STYLED_ITEM ( 'NONE', ( #811 ), #1553 ) ;
#268 = DIRECTION ( 'NONE',  ( -0.0000000000000000000, 1.000000000000000000, -0.0000000000000000000 ) ) ;
#269 =( LENGTH_UNIT ( ) NAMED_UNIT ( * ) SI_UNIT ( .MILLI., .METRE. ) );
#270 = ADVANCED_FACE ( 'NONE', ( #870 ), #124, .F. ) ;
#271 = FACE_OUTER_BOUND ( 'NONE', #839, .T. ) ;
#272 =( NAMED_UNIT ( * ) SI_UNIT ( $, .STERADIAN. ) SOLID_ANGLE_UNIT ( ) );
#273 = SURFACE_STYLE_FILL_AREA ( #992 ) ;
#274 = ORIENTED_EDGE ( 'NONE', *, *, #1341, .T. ) ;
#275 = DIRECTION ( 'NONE',  ( -0.0000000000000000000, 1.000000000000000000, -0.0000000000000000000 ) ) ;
#276 = PRESENTATION_LAYER_ASSIGNMENT (  '', '', ( #107 ) ) ;
#277 = ORIENTED_EDGE ( 'NONE', *, *, #72, .F. ) ;
#278 = DIRECTION ( 'NONE',  ( 0.0000000000000000000, -1.000000000000000000, 0.0000000000000000000 ) ) ;
#279 = VECTOR ( 'NONE', #1397, 1000.000000000000000 ) ;
#280 =( GEOMETRIC_REPRESENTATION_CONTEXT ( 3 ) GLOBAL_UNCERTAINTY_ASSIGNED_CONTEXT ( ( #23 ) ) GLOBAL_UNIT_ASSIGNED_CONTEXT ( ( #269, #637, #709 ) ) REPRESENTATION_CONTEXT ( 'NONE', 'WORKASPACE' ) );
#281 =( NAMED_UNIT ( * ) SI_UNIT ( $, .STERADIAN. ) SOLID_ANGLE_UNIT ( ) );
#282 = EDGE_CURVE ( 'NONE', #990, #687, #725, .T. ) ;
#283 = DIRECTION ( 'NONE',  ( 0.0000000000000000000, -1.000000000000000000, 0.0000000000000000000 ) ) ;
#284 = FILL_AREA_STYLE ('',( #1500 ) ) ;
#285 = LINE ( 'NONE', #997, #184 ) ;
#286 = STYLED_ITEM ( 'NONE', ( #382 ), #752 ) ;
#287 = LINE ( 'NONE', #1371, #1509 ) ;
#288 = VERTEX_POINT ( 'NONE', #435 ) ;
#289 = VERTEX_POINT ( 'NONE', #1 ) ;
#290 = CARTESIAN_POINT ( 'NONE',  ( -0.9289700450190003789, 2.160000000000000142, 1.030461330706115897 ) ) ;
#291 = MANIFOLD_SOLID_BREP ( 'Split Line1', #1073 ) ;
#292 = EDGE_LOOP ( 'NONE', ( #952, #1491, #33, #888 ) ) ;
#293 = EDGE_CURVE ( 'NONE', #288, #822, #890, .T. ) ;
#294 = CARTESIAN_POINT ( 'NONE',  ( 0.8549191589622852083, 1.869629739955304570, 3.010987601155791893 ) ) ;
#295 =( NAMED_UNIT ( * ) SI_UNIT ( $, .STERADIAN. ) SOLID_ANGLE_UNIT ( ) );
#296 = CARTESIAN_POINT ( 'NONE',  ( -1.413500000000004420, -14.85999999999999943, 1.215792459942931503 ) ) ;
#297 = FACE_OUTER_BOUND ( 'NONE', #1375, .T. ) ;
#298 = STYLED_ITEM ( 'NONE', ( #229 ), #391 ) ;
#299 = FACE_OUTER_BOUND ( 'NONE', #367, .T. ) ;
#300 = PRESENTATION_LAYER_ASSIGNMENT (  '', '', ( #132 ) ) ;
#301 = DIRECTION ( 'NONE',  ( -0.7071067811865532349, 0.0000000000000000000, 0.7071067811865416886 ) ) ;
#302 = VECTOR ( 'NONE', #976, 1000.000000000000000 ) ;
#303 =( NAMED_UNIT ( * ) PLANE_ANGLE_UNIT ( ) SI_UNIT ( $, .RADIAN. ) );
#304 =( NAMED_UNIT ( * ) PLANE_ANGLE_UNIT ( ) SI_UNIT ( $, .RADIAN. ) );
#305 = CARTESIAN_POINT ( 'NONE',  ( 0.2034999999999675957, -14.85999999999999943, 1.064207540057056534 ) ) ;
#306 = COLOUR_RGB ( '',0.2509803921568627416, 0.2509803921568627416, 0.2509803921568627416 ) ;
#307 = FILL_AREA_STYLE_COLOUR ( '', #1227 ) ;
#308 =( GEOMETRIC_REPRESENTATION_CONTEXT ( 3 ) GLOBAL_UNCERTAINTY_ASSIGNED_CONTEXT ( ( #1583 ) ) GLOBAL_UNIT_ASSIGNED_CONTEXT ( ( #809, #692, #1325 ) ) REPRESENTATION_CONTEXT ( 'NONE', 'WORKASPACE' ) );
#309 =( NAMED_UNIT ( * ) SI_UNIT ( $, .STERADIAN. ) SOLID_ANGLE_UNIT ( ) );
#310 = ORIENTED_EDGE ( 'NONE', *, *, #1356, .F. ) ;
#311 = FILL_AREA_STYLE ('',( #483 ) ) ;
#312 = LINE ( 'NONE', #744, #138 ) ;
#313 = VERTEX_POINT ( 'NONE', #450 ) ;
#314 = CARTESIAN_POINT ( 'NONE',  ( 1.125707540057070855, -2.160000000000000142, 1.335000000000005071 ) ) ;
#315 = FILL_AREA_STYLE_COLOUR ( '', #1019 ) ;
#316 = COLOUR_RGB ( '',0.7529411764705882248, 0.7529411764705882248, 0.7529411764705882248 ) ;
#317 = EDGE_CURVE ( 'NONE', #590, #987, #832, .T. ) ;
#318 = FILL_AREA_STYLE ('',( #225 ) ) ;
#319 = VECTOR ( 'NONE', #813, 1000.000000000000000 ) ;
#320 = AXIS2_PLACEMENT_3D ( 'NONE', #1605, #45, #1393 ) ;
#321 = CARTESIAN_POINT ( 'NONE',  ( -1.006500000000004613, -14.85999999999999943, 1.215792459942931725 ) ) ;
#322 = CIRCLE ( 'NONE', #1344, 1.296029954980999710 ) ;
#323 = DIRECTION ( 'NONE',  ( 0.7071067811865456854, 0.0000000000000000000, -0.7071067811865493491 ) ) ;
#324 = FACE_OUTER_BOUND ( 'NONE', #154, .T. ) ;
#325 = SURFACE_STYLE_USAGE ( .BOTH. , #735 ) ;
#326 = STYLED_ITEM ( 'NONE', ( #1520 ), #270 ) ;
#327 = EDGE_CURVE ( 'NONE', #289, #434, #454, .T. ) ;
#328 = STYLED_ITEM ( 'NONE', ( #1238 ), #1330 ) ;
#329 = ORIENTED_EDGE ( 'NONE', *, *, #1088, .T. ) ;
#330 =( NAMED_UNIT ( * ) SI_UNIT ( $, .STERADIAN. ) SOLID_ANGLE_UNIT ( ) );
#331 = ORIENTED_EDGE ( 'NONE', *, *, #877, .T. ) ;
#332 = ORIENTED_EDGE ( 'NONE', *, *, #179, .T. ) ;
#333 = DIRECTION ( 'NONE',  ( -0.0000000000000000000, -1.000000000000000000, -0.0000000000000000000 ) ) ;
#334 = DIRECTION ( 'NONE',  ( 0.0000000000000000000, 0.0000000000000000000, -1.000000000000000000 ) ) ;
#335 = PRESENTATION_STYLE_ASSIGNMENT (( #1040 ) ) ;
#336 = CARTESIAN_POINT ( 'NONE',  ( 1.352080677787535157, 1.140099521165713670, 2.725004338342446264 ) ) ;
#337 = CARTESIAN_POINT ( 'NONE',  ( 1.211569013412565621, 1.475121507650980268, 2.823817482881905594 ) ) ;
#338 = FILL_AREA_STYLE_COLOUR ( '', #1282 ) ;
#339 =( GEOMETRIC_REPRESENTATION_CONTEXT ( 3 ) GLOBAL_UNCERTAINTY_ASSIGNED_CONTEXT ( ( #1533 ) ) GLOBAL_UNIT_ASSIGNED_CONTEXT ( ( #365, #1381, #215 ) ) REPRESENTATION_CONTEXT ( 'NONE', 'WORKASPACE' ) );
#340 = DIRECTION ( 'NONE',  ( -0.7071067811866498243, 0.0000000000000000000, 0.7071067811864452102 ) ) ;
#341 = CARTESIAN_POINT ( 'NONE',  ( 0.7057928770674021246, -0.4412788097906130136, 3.072360018089618450 ) ) ;
#342 = CARTESIAN_POINT ( 'NONE',  ( -0.08429245994292892952, -14.85999999999999943, 0.9450000000000063904 ) ) ;
#343 = CARTESIAN_POINT ( 'NONE',  ( 0.2034999999999693165, -14.85999999999999943, 1.215792459942949932 ) ) ;
#344 = SURFACE_STYLE_USAGE ( .BOTH. , #110 ) ;
#345 = CARTESIAN_POINT ( 'NONE',  ( 0.08429245994291678645, -14.85999999999999943, 0.9450000000000065015 ) ) ;
#346 =( NAMED_UNIT ( * ) SI_UNIT ( $, .STERADIAN. ) SOLID_ANGLE_UNIT ( ) );
#347 = EDGE_CURVE ( 'NONE', #590, #136, #829, .T. ) ;
#348 = MECHANICAL_DESIGN_GEOMETRIC_PRESENTATION_REPRESENTATION (  '', ( #97 ), #437 ) ;
#349 = ORIENTED_EDGE ( 'NONE', *, *, #137, .F. ) ;
#350 = PLANE ( 'NONE',  #1342 ) ;
#351 = PRESENTATION_LAYER_ASSIGNMENT (  '', '', ( #267 ) ) ;
#352 =( NAMED_UNIT ( * ) PLANE_ANGLE_UNIT ( ) SI_UNIT ( $, .RADIAN. ) );
#353 = CARTESIAN_POINT ( 'NONE',  ( 1.294292459942919971, -2.160000000000000142, 1.335000000000005071 ) ) ;
#354 = PRESENTATION_STYLE_ASSIGNMENT (( #163 ) ) ;
#355 = MECHANICAL_DESIGN_GEOMETRIC_PRESENTATION_REPRESENTATION (  '', ( #107 ), #445 ) ;
#356 = DIRECTION ( 'NONE',  ( -1.000000000000000000, 0.0000000000000000000, 0.0000000000000000000 ) ) ;
#357 =( NAMED_UNIT ( * ) SI_UNIT ( $, .STERADIAN. ) SOLID_ANGLE_UNIT ( ) );
#358 = UNCERTAINTY_MEASURE_WITH_UNIT (LENGTH_MEASURE( 1.000000000000000082E-05 ), #30, 'distance_accuracy_value', 'NONE');
#359 = LINE ( 'NONE', #373, #1024 ) ;
#360 = SURFACE_STYLE_USAGE ( .BOTH. , #422 ) ;
#361 = ADVANCED_FACE ( 'NONE', ( #1171 ), #624, .F. ) ;
#362 = COLOUR_RGB ( '',0.7529411764705882248, 0.7529411764705882248, 0.7529411764705882248 ) ;
#363 = CARTESIAN_POINT ( 'NONE',  ( -1.006500000000004613, -14.85999999999999943, 1.064207540057080736 ) ) ;
#364 = SURFACE_SIDE_STYLE ('',( #1474 ) ) ;
#365 =( LENGTH_UNIT ( ) NAMED_UNIT ( * ) SI_UNIT ( .MILLI., .METRE. ) );
#366 = ORIENTED_EDGE ( 'NONE', *, *, #1519, .T. ) ;
#367 = EDGE_LOOP ( 'NONE', ( #993, #1428, #548, #638, #1283, #117, #507, #1376 ) ) ;
#368 = AXIS2_PLACEMENT_3D ( 'NONE', #909, #788, #783 ) ;
#369 = ORIENTED_EDGE ( 'NONE', *, *, #641, .F. ) ;
#370 = ORIENTED_EDGE ( 'NONE', *, *, #1584, .F. ) ;
#371 = CARTESIAN_POINT ( 'NONE',  ( 0.08429245994291678645, -14.85999999999999943, 0.9450000000000065015 ) ) ;
#372 = UNCERTAINTY_MEASURE_WITH_UNIT (LENGTH_MEASURE( 1.000000000000000082E-05 ), #1661, 'distance_accuracy_value', 'NONE');
#373 = CARTESIAN_POINT ( 'NONE',  ( -1.006500000000004613, -14.85999999999999943, 1.064207540057080736 ) ) ;
#374 = CYLINDRICAL_SURFACE ( 'NONE', #486, 2.228335884178125337 ) ;
#375 = EDGE_CURVE ( 'NONE', #1146, #494, #779, .T. ) ;
#376 = VECTOR ( 'NONE', #466, 1000.000000000000000 ) ;
#377 = EDGE_CURVE ( 'NONE', #1451, #472, #856, .T. ) ;
#378 = SURFACE_SIDE_STYLE ('',( #970 ) ) ;
#379 = EDGE_CURVE ( 'NONE', #1047, #313, #523, .T. ) ;
#380 = PRESENTATION_LAYER_ASSIGNMENT (  '', '', ( #298 ) ) ;
#381 = MECHANICAL_DESIGN_GEOMETRIC_PRESENTATION_REPRESENTATION (  '', ( #132 ), #471 ) ;
#382 = PRESENTATION_STYLE_ASSIGNMENT (( #505 ) ) ;
#383 = SURFACE_STYLE_USAGE ( .BOTH. , #553 ) ;
#384 = DIRECTION ( 'NONE',  ( 0.0000000000000000000, 1.000000000000000000, 0.0000000000000000000 ) ) ;
#385 = LINE ( 'NONE', #144, #1090 ) ;
#386 = ORIENTED_EDGE ( 'NONE', *, *, #460, .T. ) ;
#387 = CARTESIAN_POINT ( 'NONE',  ( -1.006500000000004613, -2.160000000000000142, 1.064207540057080736 ) ) ;
#388 = SURFACE_STYLE_FILL_AREA ( #284 ) ;
#389 = ORIENTED_EDGE ( 'NONE', *, *, #1308, .F. ) ;
#390 = CARTESIAN_POINT ( 'NONE',  ( -1.006500000000004613, -14.85999999999999943, 1.215792459942931725 ) ) ;
#391 = ADVANCED_FACE ( 'NONE', ( #446 ), #1466, .F. ) ;
#392 = LINE ( 'NONE', #1449, #122 ) ;
#393 = SURFACE_STYLE_USAGE ( .BOTH. , #164 ) ;
#394 = PRESENTATION_STYLE_ASSIGNMENT (( #1156 ) ) ;
#395 = LINE ( 'NONE', #1180, #1461 ) ;
#396 = EDGE_CURVE ( 'NONE', #153, #288, #1566, .T. ) ;
#397 =( LENGTH_UNIT ( ) NAMED_UNIT ( * ) SI_UNIT ( .MILLI., .METRE. ) );
#398 =( GEOMETRIC_REPRESENTATION_CONTEXT ( 3 ) GLOBAL_UNCERTAINTY_ASSIGNED_CONTEXT ( ( #1343 ) ) GLOBAL_UNIT_ASSIGNED_CONTEXT ( ( #675, #243, #295 ) ) REPRESENTATION_CONTEXT ( 'NONE', 'WORKASPACE' ) );
#399 = ADVANCED_FACE ( 'NONE', ( #925 ), #350, .F. ) ;
#400 = PRESENTATION_LAYER_ASSIGNMENT (  '', '', ( #234 ) ) ;
#401 = DIRECTION ( 'NONE',  ( -2.288781070417096056E-14, 0.0000000000000000000, -1.000000000000000000 ) ) ;
#402 = FACE_OUTER_BOUND ( 'NONE', #1406, .T. ) ;
#403 = DIRECTION ( 'NONE',  ( 0.0000000000000000000, -0.0000000000000000000, -1.000000000000000000 ) ) ;
#404 = EDGE_LOOP ( 'NONE', ( #705, #68, #452, #639, #1599, #349, #415, #93 ) ) ;
#405 = SURFACE_SIDE_STYLE ('',( #219 ) ) ;
#406 = SURFACE_SIDE_STYLE ('',( #1372 ) ) ;
#407 = FILL_AREA_STYLE ('',( #1504 ) ) ;
#408 = ORIENTED_EDGE ( 'NONE', *, *, #1666, .T. ) ;
#409 = VERTEX_POINT ( 'NONE', #387 ) ;
#410 = LINE ( 'NONE', #1315, #1198 ) ;
#411 = AXIS2_PLACEMENT_3D ( 'NONE', #1370, #226, #202 ) ;
#412 = EDGE_LOOP ( 'NONE', ( #644, #777, #208, #720, #1613 ) ) ;
#413 = UNCERTAINTY_MEASURE_WITH_UNIT (LENGTH_MEASURE( 1.000000000000000082E-05 ), #1322, 'distance_accuracy_value', 'NONE');
#414 = COLOUR_RGB ( '',0.7921568627450980005, 0.8196078431372548767, 0.9333333333333333481 ) ;
#415 = ORIENTED_EDGE ( 'NONE', *, *, #1312, .F. ) ;
#416 = SURFACE_STYLE_FILL_AREA ( #311 ) ;
#417 = AXIS2_PLACEMENT_3D ( 'NONE', #855, #60, #65 ) ;
#418 = DIRECTION ( 'NONE',  ( -0.7071067811864452102, 0.0000000000000000000, -0.7071067811866499353 ) ) ;
#419 = SURFACE_STYLE_FILL_AREA ( #1187 ) ;
#420 = DIRECTION ( 'NONE',  ( 0.7071067811866034170, 0.0000000000000000000, -0.7071067811864915065 ) ) ;
#421 = ADVANCED_FACE ( 'NONE', ( #543 ), #924, .F. ) ;
#422 = SURFACE_SIDE_STYLE ('',( #737 ) ) ;
#423 = ADVANCED_FACE ( 'NONE', ( #402 ), #259, .F. ) ;
#424 = SURFACE_STYLE_USAGE ( .BOTH. , #1543 ) ;
#425 = CARTESIAN_POINT ( 'NONE',  ( 2.330904826609259177E-16, 2.160000000000000142, 0.9516641158218747121 ) ) ;
#426 = DIRECTION ( 'NONE',  ( 0.0000000000000000000, 0.0000000000000000000, 1.000000000000000000 ) ) ;
#427 = VECTOR ( 'NONE', #846, 1000.000000000000114 ) ;
#428 = FILL_AREA_STYLE ('',( #245 ) ) ;
#429 = VERTEX_POINT ( 'NONE', #1646 ) ;
#430 = FILL_AREA_STYLE_COLOUR ( '', #62 ) ;
#431 = VECTOR ( 'NONE', #223, 1000.000000000000000 ) ;
#432 = ORIENTED_EDGE ( 'NONE', *, *, #1188, .T. ) ;
#433 = CARTESIAN_POINT ( 'NONE',  ( 1.107830270302837539, -0.08809749342117111082, 2.890163393193500241 ) ) ;
#434 = VERTEX_POINT ( 'NONE', #96 ) ;
#435 = CARTESIAN_POINT ( 'NONE',  ( -1.413500000000004420, -2.160000000000000142, 1.215792459942931503 ) ) ;
#436 = UNCERTAINTY_MEASURE_WITH_UNIT (LENGTH_MEASURE( 1.000000000000000082E-05 ), #1016, 'distance_accuracy_value', 'NONE');
#437 =( GEOMETRIC_REPRESENTATION_CONTEXT ( 3 ) GLOBAL_UNCERTAINTY_ASSIGNED_CONTEXT ( ( #1403 ) ) GLOBAL_UNIT_ASSIGNED_CONTEXT ( ( #980, #1510, #1208 ) ) REPRESENTATION_CONTEXT ( 'NONE', 'WORKASPACE' ) );
#438 = LINE ( 'NONE', #1667, #319 ) ;
#439 = MECHANICAL_DESIGN_GEOMETRIC_PRESENTATION_REPRESENTATION (  '', ( #267 ), #522 ) ;
#440 = CARTESIAN_POINT ( 'NONE',  ( 1.294292459942920415, -14.85999999999999943, 0.9450000000000060574 ) ) ;
#441 = CARTESIAN_POINT ( 'NONE',  ( 1.342328152009498066, 0.3974417759647307369, 2.730483134864103434 ) ) ;
#442 = CARTESIAN_POINT ( 'NONE',  ( 0.09452517100840533704, 2.160000000000000142, 3.180000000000000604 ) ) ;
#443 = CARTESIAN_POINT ( 'NONE',  ( 5.133807008007225571E-30, 2.160000000000000142, 0.9516641158218747121 ) ) ;
#444 = CARTESIAN_POINT ( 'NONE',  ( 1.413499999999995316, -14.85999999999999943, 1.215792459942931725 ) ) ;
#445 =( GEOMETRIC_REPRESENTATION_CONTEXT ( 3 ) GLOBAL_UNCERTAINTY_ASSIGNED_CONTEXT ( ( #413 ) ) GLOBAL_UNIT_ASSIGNED_CONTEXT ( ( #1322, #1590, #1333 ) ) REPRESENTATION_CONTEXT ( 'NONE', 'WORKASPACE' ) );
#446 = FACE_OUTER_BOUND ( 'NONE', #966, .T. ) ;
#447 = STYLED_ITEM ( 'NONE', ( #6 ), #1214 ) ;
#448 = VECTOR ( 'NONE', #1630, 1000.000000000000000 ) ;
#449 = ADVANCED_FACE ( 'NONE', ( #189 ), #1026, .T. ) ;
#450 = CARTESIAN_POINT ( 'NONE',  ( -1.125707540057079514, -2.160000000000000142, 0.9450000000000060574 ) ) ;
#451 = PLANE ( 'NONE',  #1585 ) ;
#452 = ORIENTED_EDGE ( 'NONE', *, *, #1235, .F. ) ;
#453 = ORIENTED_EDGE ( 'NONE', *, *, #488, .F. ) ;
#454 = LINE ( 'NONE', #1223, #865 ) ;
#455 = EDGE_LOOP ( 'NONE', ( #986, #28, #1389, #1468 ) ) ;
#456 = ORIENTED_EDGE ( 'NONE', *, *, #1042, .F. ) ;
#457 = PLANE ( 'NONE',  #841 ) ;
#458 = PRESENTATION_LAYER_ASSIGNMENT (  '', '', ( #286 ) ) ;
#459 = DIRECTION ( 'NONE',  ( 0.0000000000000000000, 0.0000000000000000000, -1.000000000000000000 ) ) ;
#460 = EDGE_CURVE ( 'NONE', #1226, #862, #941, .T. ) ;
#461 = FILL_AREA_STYLE_COLOUR ( '', #1046 ) ;
#462 = CARTESIAN_POINT ( 'NONE',  ( 1.413499999999995316, -2.160000000000000142, 1.064207540057080736 ) ) ;
#463 = CYLINDRICAL_SURFACE ( 'NONE', #1336, 1.296029954980999488 ) ;
#464 = UNCERTAINTY_MEASURE_WITH_UNIT (LENGTH_MEASURE( 1.000000000000000082E-05 ), #1270, 'distance_accuracy_value', 'NONE');
#465 =( NAMED_UNIT ( * ) PLANE_ANGLE_UNIT ( ) SI_UNIT ( $, .RADIAN. ) );
#466 = DIRECTION ( 'NONE',  ( -0.0000000000000000000, 1.000000000000000000, -0.0000000000000000000 ) ) ;
#467 = FILL_AREA_STYLE ('',( #900 ) ) ;
#468 = MECHANICAL_DESIGN_GEOMETRIC_PRESENTATION_REPRESENTATION (  '', ( #298 ), #549 ) ;
#469 = VECTOR ( 'NONE', #1407, 1000.000000000000000 ) ;
#470 = COLOUR_RGB ( '',0.7529411764705882248, 0.7529411764705882248, 0.7529411764705882248 ) ;
#471 =( GEOMETRIC_REPRESENTATION_CONTEXT ( 3 ) GLOBAL_UNCERTAINTY_ASSIGNED_CONTEXT ( ( #358 ) ) GLOBAL_UNIT_ASSIGNED_CONTEXT ( ( #30, #1369, #973 ) ) REPRESENTATION_CONTEXT ( 'NONE', 'WORKASPACE' ) );
#472 = VERTEX_POINT ( 'NONE', #1394 ) ;
#473 = EDGE_LOOP ( 'NONE', ( #1029, #989, #1452, #1637 ) ) ;
#474 = EDGE_LOOP ( 'NONE', ( #331, #1149, #1571, #1335 ) ) ;
#475 = FILL_AREA_STYLE ('',( #1625 ) ) ;
#476 = FILL_AREA_STYLE_COLOUR ( '', #591 ) ;
#477 = VERTEX_POINT ( 'NONE', #1152 ) ;
#478 =( LENGTH_UNIT ( ) NAMED_UNIT ( * ) SI_UNIT ( .MILLI., .METRE. ) );
#479 = CARTESIAN_POINT ( 'NONE',  ( -0.3735361522895507269, -0.5720319742056324541, 3.150348220220018813 ) ) ;
#480 = STYLED_ITEM ( 'NONE', ( #1246 ), #961 ) ;
#481 = CARTESIAN_POINT ( 'NONE',  ( -1.294292459942928630, -14.85999999999999943, 0.9450000000000061684 ) ) ;
#482 = DIRECTION ( 'NONE',  ( -0.0000000000000000000, 1.000000000000000000, -0.0000000000000000000 ) ) ;
#483 = FILL_AREA_STYLE_COLOUR ( '', #126 ) ;
#484 = DIRECTION ( 'NONE',  ( -0.7071067811865472397, 0.0000000000000000000, 0.7071067811865479058 ) ) ;
#485 = DIRECTION ( 'NONE',  ( 1.000000000000000000, 0.0000000000000000000, 6.431193093781179845E-16 ) ) ;
#486 = AXIS2_PLACEMENT_3D ( 'NONE', #1036, #170, #667 ) ;
#487 = MANIFOLD_SOLID_BREP ( 'Boss-Extrude2[3]', #763 ) ;
#488 = EDGE_CURVE ( 'NONE', #1673, #862, #171, .T. ) ;
#489 = LINE ( 'NONE', #555, #248 ) ;
#490 = MECHANICAL_DESIGN_GEOMETRIC_PRESENTATION_REPRESENTATION (  '', ( #234 ), #570 ) ;
#491 = ORIENTED_EDGE ( 'NONE', *, *, #1526, .T. ) ;
#492 = SURFACE_SIDE_STYLE ('',( #1433 ) ) ;
#493 = PRESENTATION_STYLE_ASSIGNMENT (( #526 ) ) ;
#494 = VERTEX_POINT ( 'NONE', #1580 ) ;
#495 = VECTOR ( 'NONE', #104, 1000.000000000000000 ) ;
#496 = CARTESIAN_POINT ( 'NONE',  ( 5.133807008007225571E-30, 2.160000000000000142, 0.9516641158218747121 ) ) ;
#497 = LINE ( 'NONE', #984, #517 ) ;
#498 = PRESENTATION_LAYER_ASSIGNMENT (  '', '', ( #326 ) ) ;
#499 = CARTESIAN_POINT ( 'NONE',  ( 0.2034999999999675957, -14.85999999999999943, 1.064207540057056534 ) ) ;
#500 = DIRECTION ( 'NONE',  ( -0.0000000000000000000, 0.0000000000000000000, -1.000000000000000000 ) ) ;
#501 = PRESENTATION_LAYER_ASSIGNMENT (  '', '', ( #328 ) ) ;
#502 =( LENGTH_UNIT ( ) NAMED_UNIT ( * ) SI_UNIT ( .MILLI., .METRE. ) );
#503 = FILL_AREA_STYLE_COLOUR ( '', #1079 ) ;
#504 = CARTESIAN_POINT ( 'NONE',  ( -2.220362674755354870, 2.160000000000000142, 1.139999999999999458 ) ) ;
#505 = SURFACE_STYLE_USAGE ( .BOTH. , #1507 ) ;
#506 = ORIENTED_EDGE ( 'NONE', *, *, #1250, .T. ) ;
#507 = ORIENTED_EDGE ( 'NONE', *, *, #1356, .T. ) ;
#508 = AXIS2_PLACEMENT_3D ( 'NONE', #672, #867, #261 ) ;
#509 = ORIENTED_EDGE ( 'NONE', *, *, #760, .T. ) ;
#510 = VERTEX_POINT ( 'NONE', #719 ) ;
#511 = FILL_AREA_STYLE ('',( #655 ) ) ;
#512 = SURFACE_STYLE_USAGE ( .BOTH. , #778 ) ;
#513 = DIRECTION ( 'NONE',  ( 1.000000000000000000, 0.0000000000000000000, -6.431193093781047711E-16 ) ) ;
#514 = COLOUR_RGB ( '',0.2509803921568627416, 0.2509803921568627416, 0.2509803921568627416 ) ;
#515 = PRESENTATION_STYLE_ASSIGNMENT (( #1185 ) ) ;
#516 = UNCERTAINTY_MEASURE_WITH_UNIT (LENGTH_MEASURE( 1.000000000000000082E-05 ), #167, 'distance_accuracy_value', 'NONE');
#517 = VECTOR ( 'NONE', #1263, 1000.000000000000114 ) ;
#518 = CARTESIAN_POINT ( 'NONE',  ( -2.220362674755354870, -2.160000000000000142, 1.139999999999999458 ) ) ;
#519 = DIRECTION ( 'NONE',  ( 1.000000000000000000, 0.0000000000000000000, 0.0000000000000000000 ) ) ;
#520 = STYLED_ITEM ( 'NONE', ( #1195 ), #27 ) ;
#521 = CIRCLE ( 'NONE', #1608, 2.228335884178125337 ) ;
#522 =( GEOMETRIC_REPRESENTATION_CONTEXT ( 3 ) GLOBAL_UNCERTAINTY_ASSIGNED_CONTEXT ( ( #1424 ) ) GLOBAL_UNIT_ASSIGNED_CONTEXT ( ( #1568, #922, #146 ) ) REPRESENTATION_CONTEXT ( 'NONE', 'WORKASPACE' ) );
#523 = LINE ( 'NONE', #576, #1009 ) ;
#524 = VECTOR ( 'NONE', #196, 1000.000000000000000 ) ;
#525 = SURFACE_STYLE_USAGE ( .BOTH. , #406 ) ;
#526 = SURFACE_STYLE_USAGE ( .BOTH. , #378 ) ;
#527 = STYLED_ITEM ( 'NONE', ( #1222 ), #156 ) ;
#528 = VERTEX_POINT ( 'NONE', #1008 ) ;
#529 = FACE_OUTER_BOUND ( 'NONE', #455, .T. ) ;
#530 = AXIS2_PLACEMENT_3D ( 'NONE', #1120, #1050, #1602 ) ;
#531 = ORIENTED_EDGE ( 'NONE', *, *, #1039, .F. ) ;
#532 = CARTESIAN_POINT ( 'NONE',  ( 0.3718093692404162431, 2.112567236958049932, 3.150675018686347251 ) ) ;
#533 = LINE ( 'NONE', #985, #991 ) ;
#534 = SURFACE_SIDE_STYLE ('',( #710 ) ) ;
#535 = CARTESIAN_POINT ( 'NONE',  ( 0.2034999999999675957, -2.160000000000000142, 1.064207540057056534 ) ) ;
#536 = MECHANICAL_DESIGN_GEOMETRIC_PRESENTATION_REPRESENTATION (  '', ( #286 ), #632 ) ;
#537 = EDGE_CURVE ( 'NONE', #1244, #409, #385, .T. ) ;
#538 = PRESENTATION_STYLE_ASSIGNMENT (( #1417 ) ) ;
#539 = DIRECTION ( 'NONE',  ( 0.0000000000000000000, -1.000000000000000000, 0.0000000000000000000 ) ) ;
#540 =( NAMED_UNIT ( * ) SI_UNIT ( $, .STERADIAN. ) SOLID_ANGLE_UNIT ( ) );
#541 = ADVANCED_FACE ( 'NONE', ( #271 ), #1049, .F. ) ;
#542 =( LENGTH_UNIT ( ) NAMED_UNIT ( * ) SI_UNIT ( .MILLI., .METRE. ) );
#543 = FACE_OUTER_BOUND ( 'NONE', #643, .T. ) ;
#544 = FACE_OUTER_BOUND ( 'NONE', #70, .T. ) ;
#545 = PLANE ( 'NONE',  #84 ) ;
#546 = VECTOR ( 'NONE', #713, 1000.000000000000000 ) ;
#547 = FILL_AREA_STYLE ('',( #690 ) ) ;
#548 = ORIENTED_EDGE ( 'NONE', *, *, #703, .T. ) ;
#549 =( GEOMETRIC_REPRESENTATION_CONTEXT ( 3 ) GLOBAL_UNCERTAINTY_ASSIGNED_CONTEXT ( ( #436 ) ) GLOBAL_UNIT_ASSIGNED_CONTEXT ( ( #1016, #1043, #1323 ) ) REPRESENTATION_CONTEXT ( 'NONE', 'WORKASPACE' ) );
#550 = ORIENTED_EDGE ( 'NONE', *, *, #89, .F. ) ;
#551 = PRESENTATION_STYLE_ASSIGNMENT (( #1611 ) ) ;
#552 = DIRECTION ( 'NONE',  ( 0.0000000000000000000, 1.000000000000000000, 0.0000000000000000000 ) ) ;
#553 = SURFACE_SIDE_STYLE ('',( #658 ) ) ;
#554 = EDGE_CURVE ( 'NONE', #528, #905, #205, .T. ) ;
#555 = CARTESIAN_POINT ( 'NONE',  ( 1.413499999999995316, -2.160000000000000142, 1.215792459942931725 ) ) ;
#556 = CARTESIAN_POINT ( 'NONE',  ( 1.125707540057071299, -14.85999999999999943, 0.9450000000000061684 ) ) ;
#557 = AXIS2_PLACEMENT_3D ( 'NONE', #921, #1071, #1122 ) ;
#558 = UNCERTAINTY_MEASURE_WITH_UNIT (LENGTH_MEASURE( 1.000000000000000082E-05 ), #397, 'distance_accuracy_value', 'NONE');
#559 = DIRECTION ( 'NONE',  ( 0.0000000000000000000, -1.000000000000000000, 0.0000000000000000000 ) ) ;
#560 = VECTOR ( 'NONE', #893, 1000.000000000000114 ) ;
#561 = CARTESIAN_POINT ( 'NONE',  ( 1.715000000000000302, 2.160000000000000142, 0.0000000000000000000 ) ) ;
#562 = CARTESIAN_POINT ( 'NONE',  ( -1.294292459942928630, -2.160000000000000142, 0.9450000000000061684 ) ) ;
#563 = VERTEX_POINT ( 'NONE', #353 ) ;
#564 = CARTESIAN_POINT ( 'NONE',  ( 0.2034999999999693165, -14.85999999999999943, 1.215792459942949932 ) ) ;
#565 = LINE ( 'NONE', #1083, #11 ) ;
#566 = EDGE_CURVE ( 'NONE', #1051, #1165, #1467, .T. ) ;
#567 = FILL_AREA_STYLE ('',( #651 ) ) ;
#568 = ORIENTED_EDGE ( 'NONE', *, *, #1235, .T. ) ;
#569 = VECTOR ( 'NONE', #1094, 1000.000000000000114 ) ;
#570 =( GEOMETRIC_REPRESENTATION_CONTEXT ( 3 ) GLOBAL_UNCERTAINTY_ASSIGNED_CONTEXT ( ( #464 ) ) GLOBAL_UNIT_ASSIGNED_CONTEXT ( ( #1270, #792, #346 ) ) REPRESENTATION_CONTEXT ( 'NONE', 'WORKASPACE' ) );
#571 = LINE ( 'NONE', #241, #1268 ) ;
#572 =( NAMED_UNIT ( * ) PLANE_ANGLE_UNIT ( ) SI_UNIT ( $, .RADIAN. ) );
#573 = VECTOR ( 'NONE', #1326, 1000.000000000000000 ) ;
#574 = PRESENTATION_STYLE_ASSIGNMENT (( #47 ) ) ;
#575 = FILL_AREA_STYLE ('',( #315 ) ) ;
#576 = CARTESIAN_POINT ( 'NONE',  ( -1.125707540057079514, -14.85999999999999943, 0.9450000000000060574 ) ) ;
#577 = MECHANICAL_DESIGN_GEOMETRIC_PRESENTATION_REPRESENTATION (  '', ( #326 ), #681 ) ;
#578 = CARTESIAN_POINT ( 'NONE',  ( -0.08429245994292892952, -2.160000000000000142, 0.9450000000000063904 ) ) ;
#579 = EDGE_CURVE ( 'NONE', #472, #905, #1528, .T. ) ;
#580 = MECHANICAL_DESIGN_GEOMETRIC_PRESENTATION_REPRESENTATION (  '', ( #328 ), #685 ) ;
#581 = SURFACE_STYLE_FILL_AREA ( #1030 ) ;
#582 = UNCERTAINTY_MEASURE_WITH_UNIT (LENGTH_MEASURE( 1.000000000000000082E-05 ), #1379, 'distance_accuracy_value', 'NONE');
#583 = CARTESIAN_POINT ( 'NONE',  ( 1.006499999999995509, -14.85999999999999943, 1.215792459942931503 ) ) ;
#584 = CARTESIAN_POINT ( 'NONE',  ( -0.2035000000000161680, -14.85999999999999943, 1.215792459942900194 ) ) ;
#585 = ORIENTED_EDGE ( 'NONE', *, *, #257, .T. ) ;
#586 = ADVANCED_FACE ( 'NONE', ( #246 ), #457, .F. ) ;
#587 = EDGE_LOOP ( 'NONE', ( #686, #1334, #765, #1511 ) ) ;
#588 = VERTEX_POINT ( 'NONE', #1563 ) ;
#589 = PLANE ( 'NONE',  #1618 ) ;
#590 = VERTEX_POINT ( 'NONE', #440 ) ;
#591 = COLOUR_RGB ( '',0.7529411764705882248, 0.7529411764705882248, 0.7529411764705882248 ) ;
#592 = DIRECTION ( 'NONE',  ( -0.0000000000000000000, 1.000000000000000000, -0.0000000000000000000 ) ) ;
#593 = VERTEX_POINT ( 'NONE', #1240 ) ;
#594 = PRESENTATION_STYLE_ASSIGNMENT (( #191 ) ) ;
#595 = AXIS2_PLACEMENT_3D ( 'NONE', #734, #519, #882 ) ;
#596 = DIRECTION ( 'NONE',  ( 0.7071067811865507924, 0.0000000000000000000, -0.7071067811865442421 ) ) ;
#597 = SURFACE_STYLE_USAGE ( .BOTH. , #1290 ) ;
#598 = SURFACE_SIDE_STYLE ('',( #1181 ) ) ;
#599 = ADVANCED_FACE ( 'NONE', ( #1210 ), #54, .F. ) ;
#600 =( LENGTH_UNIT ( ) NAMED_UNIT ( * ) SI_UNIT ( .MILLI., .METRE. ) );
#601 = CYLINDRICAL_SURFACE ( 'NONE', #899, 2.228335884178125337 ) ;
#602 = DIRECTION ( 'NONE',  ( -1.000000000000000000, 0.0000000000000000000, -1.363412935881582229E-13 ) ) ;
#603 =( LENGTH_UNIT ( ) NAMED_UNIT ( * ) SI_UNIT ( .MILLI., .METRE. ) );
#604 = STYLED_ITEM ( 'NONE', ( #1487 ), #449 ) ;
#605 = PRESENTATION_STYLE_ASSIGNMENT (( #80 ) ) ;
#606 = CARTESIAN_POINT ( 'NONE',  ( -1.413500000000004420, -2.160000000000000142, 1.215792459942931503 ) ) ;
#607 = SURFACE_SIDE_STYLE ('',( #581 ) ) ;
#608 = LINE ( 'NONE', #730, #1217 ) ;
#609 = PRESENTATION_STYLE_ASSIGNMENT (( #512 ) ) ;
#610 = SURFACE_STYLE_FILL_AREA ( #1020 ) ;
#611 = ORIENTED_EDGE ( 'NONE', *, *, #820, .F. ) ;
#612 = ORIENTED_EDGE ( 'NONE', *, *, #1584, .T. ) ;
#613 = DIRECTION ( 'NONE',  ( 0.0000000000000000000, 0.0000000000000000000, 1.000000000000000000 ) ) ;
#614 = SURFACE_SIDE_STYLE ('',( #214 ) ) ;
#615 = CARTESIAN_POINT ( 'NONE',  ( 1.294292459942920415, -14.85999999999999943, 0.9450000000000060574 ) ) ;
#616 = CARTESIAN_POINT ( 'NONE',  ( 1.413499999999995316, -2.160000000000000142, 1.215792459942931725 ) ) ;
#617 = VECTOR ( 'NONE', #869, 1000.000000000000000 ) ;
#618 = VECTOR ( 'NONE', #333, 1000.000000000000000 ) ;
#619 = PRESENTATION_LAYER_ASSIGNMENT (  '', '', ( #527 ) ) ;
#620 = VECTOR ( 'NONE', #602, 1000.000000000000000 ) ;
#621 = LINE ( 'NONE', #242, #646 ) ;
#622 = DIRECTION ( 'NONE',  ( -2.288781070417096056E-14, 0.0000000000000000000, -1.000000000000000000 ) ) ;
#623 = PRESENTATION_LAYER_ASSIGNMENT (  '', '', ( #447 ) ) ;
#624 = PLANE ( 'NONE',  #210 ) ;
#625 = DIRECTION ( 'NONE',  ( -1.000000000000000000, 0.0000000000000000000, 1.144390535208009552E-14 ) ) ;
#626 =( NAMED_UNIT ( * ) PLANE_ANGLE_UNIT ( ) SI_UNIT ( $, .RADIAN. ) );
#627 = PLANE ( 'NONE',  #914 ) ;
#628 = CARTESIAN_POINT ( 'NONE',  ( 1.006499999999995509, -14.85999999999999943, 1.064207540057080736 ) ) ;
#629 =( NAMED_UNIT ( * ) SI_UNIT ( $, .STERADIAN. ) SOLID_ANGLE_UNIT ( ) );
#630 = PLANE ( 'NONE',  #51 ) ;
#631 = PRESENTATION_STYLE_ASSIGNMENT (( #344 ) ) ;
#632 =( GEOMETRIC_REPRESENTATION_CONTEXT ( 3 ) GLOBAL_UNCERTAINTY_ASSIGNED_CONTEXT ( ( #1206 ) ) GLOBAL_UNIT_ASSIGNED_CONTEXT ( ( #902, #59, #140 ) ) REPRESENTATION_CONTEXT ( 'NONE', 'WORKASPACE' ) );
#633 = CARTESIAN_POINT ( 'NONE',  ( 0.2034999999999675957, -2.160000000000000142, 1.064207540057056534 ) ) ;
#634 = VECTOR ( 'NONE', #220, 1000.000000000000000 ) ;
#635 = ORIENTED_EDGE ( 'NONE', *, *, #82, .T. ) ;
#636 =( NAMED_UNIT ( * ) SI_UNIT ( $, .STERADIAN. ) SOLID_ANGLE_UNIT ( ) );
#637 =( NAMED_UNIT ( * ) PLANE_ANGLE_UNIT ( ) SI_UNIT ( $, .RADIAN. ) );
#638 = ORIENTED_EDGE ( 'NONE', *, *, #820, .T. ) ;
#639 = ORIENTED_EDGE ( 'NONE', *, *, #3, .F. ) ;
#640 =( NAMED_UNIT ( * ) PLANE_ANGLE_UNIT ( ) SI_UNIT ( $, .RADIAN. ) );
#641 = EDGE_CURVE ( 'NONE', #1349, #1047, #715, .T. ) ;
#642 = FACE_OUTER_BOUND ( 'NONE', #1518, .T. ) ;
#643 = EDGE_LOOP ( 'NONE', ( #1132, #121, #277, #1556 ) ) ;
#644 = ORIENTED_EDGE ( 'NONE', *, *, #843, .T. ) ;
#645 = SURFACE_STYLE_FILL_AREA ( #1567 ) ;
#646 = VECTOR ( 'NONE', #1111, 1000.000000000000000 ) ;
#647 = PLANE ( 'NONE',  #1357 ) ;
#648 = CARTESIAN_POINT ( 'NONE',  ( -0.08429245994292892952, -14.85999999999999943, 0.9450000000000063904 ) ) ;
#649 = DIRECTION ( 'NONE',  ( -1.000000000000000000, 0.0000000000000000000, 0.0000000000000000000 ) ) ;
#650 =( GEOMETRIC_REPRESENTATION_CONTEXT ( 3 ) GLOBAL_UNCERTAINTY_ASSIGNED_CONTEXT ( ( #981 ) ) GLOBAL_UNIT_ASSIGNED_CONTEXT ( ( #1141, #1076, #255 ) ) REPRESENTATION_CONTEXT ( 'NONE', 'WORKASPACE' ) );
#651 = FILL_AREA_STYLE_COLOUR ( '', #1254 ) ;
#652 = FILL_AREA_STYLE_COLOUR ( '', #1005 ) ;
#653 = DIRECTION ( 'NONE',  ( 0.0000000000000000000, 0.0000000000000000000, 1.000000000000000000 ) ) ;
#654 = VECTOR ( 'NONE', #275, 1000.000000000000000 ) ;
#655 = FILL_AREA_STYLE_COLOUR ( '', #235 ) ;
#656 =( NAMED_UNIT ( * ) SI_UNIT ( $, .STERADIAN. ) SOLID_ANGLE_UNIT ( ) );
#657 = APPLICATION_CONTEXT ( 'automotive_design' ) ;
#658 = SURFACE_STYLE_FILL_AREA ( #784 ) ;
#659 = ORIENTED_EDGE ( 'NONE', *, *, #347, .T. ) ;
#660 = PRESENTATION_LAYER_ASSIGNMENT (  '', '', ( #480 ) ) ;
#661 = DIRECTION ( 'NONE',  ( 1.000000000000000000, 0.0000000000000000000, -2.288781070417096056E-14 ) ) ;
#662 = CARTESIAN_POINT ( 'NONE',  ( -0.2035000000000196374, -2.160000000000000142, 1.064207540057078294 ) ) ;
#663 = ORIENTED_EDGE ( 'NONE', *, *, #1644, .F. ) ;
#664 = DIRECTION ( 'NONE',  ( -0.0000000000000000000, 0.0000000000000000000, -1.000000000000000000 ) ) ;
#665 = EDGE_CURVE ( 'NONE', #1146, #969, #742, .T. ) ;
#666 = VECTOR ( 'NONE', #1609, 1000.000000000000000 ) ;
#667 = DIRECTION ( 'NONE',  ( 0.0000000000000000000, 0.0000000000000000000, -1.000000000000000000 ) ) ;
#668 = LINE ( 'NONE', #1469, #1324 ) ;
#669 = CARTESIAN_POINT ( 'NONE',  ( 1.413499999999995316, -14.85999999999999943, 1.064207540057080736 ) ) ;
#670 = FILL_AREA_STYLE ('',( #461 ) ) ;
#671 = PLANE ( 'NONE',  #1066 ) ;
#672 = CARTESIAN_POINT ( 'NONE',  ( 0.9289700450190006009, 2.160000000000000142, 1.030461330706115675 ) ) ;
#673 = DIRECTION ( 'NONE',  ( 0.0000000000000000000, 0.0000000000000000000, 1.000000000000000000 ) ) ;
#674 = DIRECTION ( 'NONE',  ( 0.0000000000000000000, 0.0000000000000000000, -1.000000000000000000 ) ) ;
#675 =( LENGTH_UNIT ( ) NAMED_UNIT ( * ) SI_UNIT ( .MILLI., .METRE. ) );
#676 =( LENGTH_UNIT ( ) NAMED_UNIT ( * ) SI_UNIT ( .MILLI., .METRE. ) );
#677 = DIRECTION ( 'NONE',  ( 0.0000000000000000000, -1.000000000000000000, 0.0000000000000000000 ) ) ;
#678 = PRESENTATION_STYLE_ASSIGNMENT (( #1311 ) ) ;
#679 = ORIENTED_EDGE ( 'NONE', *, *, #327, .F. ) ;
#680 = ORIENTED_EDGE ( 'NONE', *, *, #264, .T. ) ;
#681 =( GEOMETRIC_REPRESENTATION_CONTEXT ( 3 ) GLOBAL_UNCERTAINTY_ASSIGNED_CONTEXT ( ( #143 ) ) GLOBAL_UNIT_ASSIGNED_CONTEXT ( ( #754, #872, #197 ) ) REPRESENTATION_CONTEXT ( 'NONE', 'WORKASPACE' ) );
#682 = DIRECTION ( 'NONE',  ( -0.0000000000000000000, 1.000000000000000000, -0.0000000000000000000 ) ) ;
#683 = ORIENTED_EDGE ( 'NONE', *, *, #998, .F. ) ;
#684 = ORIENTED_EDGE ( 'NONE', *, *, #1683, .T. ) ;
#685 =( GEOMETRIC_REPRESENTATION_CONTEXT ( 3 ) GLOBAL_UNCERTAINTY_ASSIGNED_CONTEXT ( ( #516 ) ) GLOBAL_UNIT_ASSIGNED_CONTEXT ( ( #167, #1260, #330 ) ) REPRESENTATION_CONTEXT ( 'NONE', 'WORKASPACE' ) );
#686 = ORIENTED_EDGE ( 'NONE', *, *, #1519, .F. ) ;
#687 = VERTEX_POINT ( 'NONE', #518 ) ;
#688 = SURFACE_SIDE_STYLE ('',( #1006 ) ) ;
#689 = FACE_OUTER_BOUND ( 'NONE', #50, .T. ) ;
#690 = FILL_AREA_STYLE_COLOUR ( '', #1275 ) ;
#691 = ADVANCED_FACE ( 'NONE', ( #876 ), #1166, .F. ) ;
#692 =( NAMED_UNIT ( * ) PLANE_ANGLE_UNIT ( ) SI_UNIT ( $, .RADIAN. ) );
#693 = STYLED_ITEM ( 'NONE', ( #1622 ), #845 ) ;
#694 = PRESENTATION_STYLE_ASSIGNMENT (( #360 ) ) ;
#695 = DIRECTION ( 'NONE',  ( 0.0000000000000000000, -0.0000000000000000000, -1.000000000000000000 ) ) ;
#696 = CARTESIAN_POINT ( 'NONE',  ( -0.7092170286628823872, 1.979229486940960125, 3.071180976438692589 ) ) ;
#697 = DIRECTION ( 'NONE',  ( -0.7071067811865472397, 0.0000000000000000000, 0.7071067811865479058 ) ) ;
#698 = COLOUR_RGB ( '',0.7529411764705882248, 0.7529411764705882248, 0.7529411764705882248 ) ;
#699 = PRESENTATION_STYLE_ASSIGNMENT (( #1404 ) ) ;
#700 = ORIENTED_EDGE ( 'NONE', *, *, #1674, .T. ) ;
#701 = FILL_AREA_STYLE_COLOUR ( '', #470 ) ;
#702 = CARTESIAN_POINT ( 'NONE',  ( -1.006500000000004613, -14.85999999999999943, 1.064207540057080736 ) ) ;
#703 = EDGE_CURVE ( 'NONE', #1244, #750, #359, .T. ) ;
#704 = AXIS2_PLACEMENT_3D ( 'NONE', #919, #1470, #1058 ) ;
#705 = ORIENTED_EDGE ( 'NONE', *, *, #1683, .F. ) ;
#706 = VECTOR ( 'NONE', #1192, 1000.000000000000000 ) ;
#707 = VERTEX_POINT ( 'NONE', #895 ) ;
#708 = CARTESIAN_POINT ( 'NONE',  ( 0.9229067927601312116, 1.813172512890897092, 2.981094405889929355 ) ) ;
#709 =( NAMED_UNIT ( * ) SI_UNIT ( $, .STERADIAN. ) SOLID_ANGLE_UNIT ( ) );
#710 = SURFACE_STYLE_FILL_AREA ( #22 ) ;
#711 = CARTESIAN_POINT ( 'NONE',  ( -0.2035000000000196374, -14.85999999999999943, 1.064207540057078294 ) ) ;
#712 =( NAMED_UNIT ( * ) SI_UNIT ( $, .STERADIAN. ) SOLID_ANGLE_UNIT ( ) );
#713 = DIRECTION ( 'NONE',  ( -0.7071067811864368835, 0.0000000000000000000, -0.7071067811866581510 ) ) ;
#714 = MECHANICAL_DESIGN_GEOMETRIC_PRESENTATION_REPRESENTATION (  '', ( #527 ), #793 ) ;
#715 = LINE ( 'NONE', #481, #148 ) ;
#716 = MECHANICAL_DESIGN_GEOMETRIC_PRESENTATION_REPRESENTATION (  '', ( #447 ), #796 ) ;
#717 = COLOUR_RGB ( '',0.7529411764705882248, 0.7529411764705882248, 0.7529411764705882248 ) ;
#718 = DIRECTION ( 'NONE',  ( 0.0000000000000000000, 1.000000000000000000, -0.0000000000000000000 ) ) ;
#719 = CARTESIAN_POINT ( 'NONE',  ( -1.125707540057079958, -2.160000000000000142, 1.335000000000006182 ) ) ;
#720 = ORIENTED_EDGE ( 'NONE', *, *, #1100, .T. ) ;
#721 = ORIENTED_EDGE ( 'NONE', *, *, #86, .T. ) ;
#722 = ORIENTED_EDGE ( 'NONE', *, *, #262, .T. ) ;
#723 = CARTESIAN_POINT ( 'NONE',  ( 1.125707540057070855, -14.85999999999999943, 1.335000000000005071 ) ) ;
#724 = EDGE_LOOP ( 'NONE', ( #825, #193, #1494, #39 ) ) ;
#725 = CIRCLE ( 'NONE', #851, 1.296029954980999710 ) ;
#726 = PRESENTATION_LAYER_ASSIGNMENT (  '', '', ( #812 ) ) ;
#727 = CARTESIAN_POINT ( 'NONE',  ( 1.294292459942920415, -2.160000000000000142, 0.9450000000000060574 ) ) ;
#728 = FACE_OUTER_BOUND ( 'NONE', #798, .T. ) ;
#729 = FACE_OUTER_BOUND ( 'NONE', #157, .T. ) ;
#730 = CARTESIAN_POINT ( 'NONE',  ( -0.08429245994297056288, -14.85999999999999943, 1.334999999999983089 ) ) ;
#731 = EDGE_CURVE ( 'NONE', #232, #687, #285, .T. ) ;
#732 = CARTESIAN_POINT ( 'NONE',  ( -0.9289700450190003789, 2.160000000000000142, 1.030461330706115897 ) ) ;
#733 = EDGE_CURVE ( 'NONE', #1349, #52, #790, .T. ) ;
#734 = CARTESIAN_POINT ( 'NONE',  ( 1.006499999999995509, -14.85999999999999943, 1.215792459942931503 ) ) ;
#735 = SURFACE_SIDE_STYLE ('',( #273 ) ) ;
#736 = STYLED_ITEM ( 'NONE', ( #115 ), #399 ) ;
#737 = SURFACE_STYLE_FILL_AREA ( #1317 ) ;
#738 = AXIS2_PLACEMENT_3D ( 'NONE', #834, #113, #695 ) ;
#739 = ADVANCED_FACE ( 'NONE', ( #960 ), #1215, .F. ) ;
#740 = LINE ( 'NONE', #46, #524 ) ;
#741 = CARTESIAN_POINT ( 'NONE',  ( -0.2035000000000196374, -14.85999999999999943, 1.064207540057078294 ) ) ;
#742 = B_SPLINE_CURVE_WITH_KNOTS ( 'NONE', 3,
 ( #1253, #1337, #1480, #90, #850, #696, #1670, #105, #1395, #1385, #152, #806, #1103, #1398, #1422, #915, #1620, #31, #479, #957, #236, #1272 ),
 .UNSPECIFIED., .F., .F.,
 ( 4, 2, 2, 2, 2, 2, 2, 2, 2, 2, 4 ),
 ( 0.0000000000000000000, 0.0002791064944770049630, 0.0005582129889540099260, 0.001116425977908019852, 0.001674638966862029453, 0.002232851955816038837, 0.002791064944770048004, 0.003349277933724057604, 0.003907490922678067205, 0.004186597417155072873, 0.004465703911632077673 ),
 .UNSPECIFIED. ) ;
#743 = ORIENTED_EDGE ( 'NONE', *, *, #377, .F. ) ;
#744 = CARTESIAN_POINT ( 'NONE',  ( 0.08429245994291678645, -2.160000000000000142, 0.9450000000000065015 ) ) ;
#745 = ORIENTED_EDGE ( 'NONE', *, *, #82, .F. ) ;
#746 = FILL_AREA_STYLE_COLOUR ( '', #962 ) ;
#747 = UNCERTAINTY_MEASURE_WITH_UNIT (LENGTH_MEASURE( 1.000000000000000082E-05 ), #817, 'distance_accuracy_value', 'NONE');
#748 = ORIENTED_EDGE ( 'NONE', *, *, #1312, .T. ) ;
#749 = EDGE_CURVE ( 'NONE', #1190, #1349, #1648, .T. ) ;
#750 = VERTEX_POINT ( 'NONE', #390 ) ;
#751 = VECTOR ( 'NONE', #622, 1000.000000000000000 ) ;
#752 = ADVANCED_FACE ( 'NONE', ( #324 ), #601, .T. ) ;
#753 = MECHANICAL_DESIGN_GEOMETRIC_PRESENTATION_REPRESENTATION (  '', ( #480 ), #836 ) ;
#754 =( LENGTH_UNIT ( ) NAMED_UNIT ( * ) SI_UNIT ( .MILLI., .METRE. ) );
#755 = CARTESIAN_POINT ( 'NONE',  ( -0.08429245994297056288, -14.85999999999999943, 1.334999999999983089 ) ) ;
#756 = FILL_AREA_STYLE ('',( #430 ) ) ;
#757 = UNCERTAINTY_MEASURE_WITH_UNIT (LENGTH_MEASURE( 1.000000000000000082E-05 ), #600, 'distance_accuracy_value', 'NONE');
#758 = FILL_AREA_STYLE ('',( #956 ) ) ;
#759 = FILL_AREA_STYLE ('',( #1000 ) ) ;
#760 = EDGE_CURVE ( 'NONE', #477, #1221, #1183, .T. ) ;
#761 = STYLED_ITEM ( 'NONE', ( #1365 ), #599 ) ;
#762 = DIRECTION ( 'NONE',  ( 1.144390535208009552E-14, 0.0000000000000000000, 1.000000000000000000 ) ) ;
#763 = CLOSED_SHELL ( 'NONE', ( #961, #423, #1286, #156, #37, #816, #183, #391, #1229, #1573 ) ) ;
#764 = ORIENTED_EDGE ( 'NONE', *, *, #379, .F. ) ;
#765 = ORIENTED_EDGE ( 'NONE', *, *, #282, .F. ) ;
#766 = ORIENTED_EDGE ( 'NONE', *, *, #1597, .F. ) ;
#767 = ORIENTED_EDGE ( 'NONE', *, *, #1454, .T. ) ;
#768 = FACE_OUTER_BOUND ( 'NONE', #9, .T. ) ;
#769 = CARTESIAN_POINT ( 'NONE',  ( 1.006499999999995509, -2.160000000000000142, 1.064207540057080736 ) ) ;
#770 = LINE ( 'NONE', #321, #771 ) ;
#771 = VECTOR ( 'NONE', #1298, 1000.000000000000114 ) ;
#772 = EDGE_CURVE ( 'NONE', #823, #593, #1085, .T. ) ;
#773 = DIRECTION ( 'NONE',  ( -1.000000000000000000, 0.0000000000000000000, 0.0000000000000000000 ) ) ;
#774 = STYLED_ITEM ( 'NONE', ( #1532 ), #1354 ) ;
#775 = FILL_AREA_STYLE ('',( #76 ) ) ;
#776 = PRESENTATION_LAYER_ASSIGNMENT (  '', '', ( #693 ) ) ;
#777 = ORIENTED_EDGE ( 'NONE', *, *, #772, .T. ) ;
#778 = SURFACE_SIDE_STYLE ('',( #883 ) ) ;
#779 = CIRCLE ( 'NONE', #130, 2.228335884178125337 ) ;
#780 = ORIENTED_EDGE ( 'NONE', *, *, #665, .T. ) ;
#781 = CARTESIAN_POINT ( 'NONE',  ( -1.125707540057079958, -14.85999999999999943, 1.335000000000006182 ) ) ;
#782 = LINE ( 'NONE', #818, #1574 ) ;
#783 = DIRECTION ( 'NONE',  ( 0.0000000000000000000, -0.0000000000000000000, -1.000000000000000000 ) ) ;
#784 = FILL_AREA_STYLE ('',( #652 ) ) ;
#785 = SURFACE_STYLE_FILL_AREA ( #57 ) ;
#786 = PRESENTATION_LAYER_ASSIGNMENT (  '', '', ( #604 ) ) ;
#787 = AXIS2_PLACEMENT_3D ( 'NONE', #1458, #653, #1582 ) ;
#788 = DIRECTION ( 'NONE',  ( 0.0000000000000000000, -1.000000000000000000, 0.0000000000000000000 ) ) ;
#789 = CARTESIAN_POINT ( 'NONE',  ( 2.220362674755354870, -2.160000000000000142, 1.139999999999999236 ) ) ;
#790 = LINE ( 'NONE', #1003, #654 ) ;
#791 = FILL_AREA_STYLE_COLOUR ( '', #1077 ) ;
#792 =( NAMED_UNIT ( * ) PLANE_ANGLE_UNIT ( ) SI_UNIT ( $, .RADIAN. ) );
#793 =( GEOMETRIC_REPRESENTATION_CONTEXT ( 3 ) GLOBAL_UNCERTAINTY_ASSIGNED_CONTEXT ( ( #1645 ) ) GLOBAL_UNIT_ASSIGNED_CONTEXT ( ( #1600, #131, #1068 ) ) REPRESENTATION_CONTEXT ( 'NONE', 'WORKASPACE' ) );
#794 = LINE ( 'NONE', #562, #448 ) ;
#795 = COLOUR_RGB ( '',0.7921568627450980005, 0.8196078431372548767, 0.9333333333333333481 ) ;
#796 =( GEOMETRIC_REPRESENTATION_CONTEXT ( 3 ) GLOBAL_UNCERTAINTY_ASSIGNED_CONTEXT ( ( #1607 ) ) GLOBAL_UNIT_ASSIGNED_CONTEXT ( ( #1179, #808, #891 ) ) REPRESENTATION_CONTEXT ( 'NONE', 'WORKASPACE' ) );
#797 = ORIENTED_EDGE ( 'NONE', *, *, #760, .F. ) ;
#798 = EDGE_LOOP ( 'NONE', ( #780, #1429 ) ) ;
#799 = ORIENTED_EDGE ( 'NONE', *, *, #86, .F. ) ;
#800 = UNCERTAINTY_MEASURE_WITH_UNIT (LENGTH_MEASURE( 1.000000000000000082E-05 ), #1106, 'distance_accuracy_value', 'NONE');
#801 = LINE ( 'NONE', #1547, #74 ) ;
#802 = FILL_AREA_STYLE ('',( #55 ) ) ;
#803 =( LENGTH_UNIT ( ) NAMED_UNIT ( * ) SI_UNIT ( .MILLI., .METRE. ) );
#804 = SURFACE_SIDE_STYLE ('',( #139 ) ) ;
#805 = CIRCLE ( 'NONE', #1213, 1.296029954980999488 ) ;
#806 = CARTESIAN_POINT ( 'NONE',  ( -1.390410670797345372, 0.5848229922658555457, 2.692996726169190058 ) ) ;
#807 = ADVANCED_FACE ( 'NONE', ( #1418 ), #463, .T. ) ;
#808 =( NAMED_UNIT ( * ) PLANE_ANGLE_UNIT ( ) SI_UNIT ( $, .RADIAN. ) );
#809 =( LENGTH_UNIT ( ) NAMED_UNIT ( * ) SI_UNIT ( .MILLI., .METRE. ) );
#810 =( NAMED_UNIT ( * ) SI_UNIT ( $, .STERADIAN. ) SOLID_ANGLE_UNIT ( ) );
#811 = PRESENTATION_STYLE_ASSIGNMENT (( #393 ) ) ;
#812 = STYLED_ITEM ( 'NONE', ( #1234 ), #807 ) ;
#813 = DIRECTION ( 'NONE',  ( -1.000000000000000000, 0.0000000000000000000, 0.0000000000000000000 ) ) ;
#814 = ADVANCED_FACE ( 'NONE', ( #147 ), #545, .F. ) ;
#815 = EDGE_CURVE ( 'NONE', #707, #1408, #244, .T. ) ;
#816 = ADVANCED_FACE ( 'NONE', ( #1586 ), #17, .F. ) ;
#817 =( LENGTH_UNIT ( ) NAMED_UNIT ( * ) SI_UNIT ( .MILLI., .METRE. ) );
#818 = CARTESIAN_POINT ( 'NONE',  ( 1.125707540057071299, -14.85999999999999943, 0.9450000000000061684 ) ) ;
#819 = DIRECTION ( 'NONE',  ( 1.000000000000000000, 0.0000000000000000000, -6.431193093781047711E-16 ) ) ;
#820 = EDGE_CURVE ( 'NONE', #750, #1616, #770, .T. ) ;
#821 = VECTOR ( 'NONE', #426, 1000.000000000000000 ) ;
#822 = VERTEX_POINT ( 'NONE', #1295 ) ;
#823 = VERTEX_POINT ( 'NONE', #1478 ) ;
#824 = AXIS2_PLACEMENT_3D ( 'NONE', #556, #1113, #1432 ) ;
#825 = ORIENTED_EDGE ( 'NONE', *, *, #1308, .T. ) ;
#826 = STYLED_ITEM ( 'NONE', ( #1361 ), #1610 ) ;
#827 = PLANE ( 'NONE',  #1304 ) ;
#828 = CARTESIAN_POINT ( 'NONE',  ( 0.08429245994287862254, -2.160000000000000142, 1.335000000000006182 ) ) ;
#829 = LINE ( 'NONE', #615, #495 ) ;
#830 =( LENGTH_UNIT ( ) NAMED_UNIT ( * ) SI_UNIT ( .MILLI., .METRE. ) );
#831 = EDGE_LOOP ( 'NONE', ( #509, #116, #722, #174, #1409, #1031, #1516, #332 ) ) ;
#832 = LINE ( 'NONE', #1134, #1476 ) ;
#833 = FACE_OUTER_BOUND ( 'NONE', #859, .T. ) ;
#834 = CARTESIAN_POINT ( 'NONE',  ( 0.0000000000000000000, -14.85999999999999943, 0.0000000000000000000 ) ) ;
#835 = SURFACE_SIDE_STYLE ('',( #388 ) ) ;
#836 =( GEOMETRIC_REPRESENTATION_CONTEXT ( 3 ) GLOBAL_UNCERTAINTY_ASSIGNED_CONTEXT ( ( #1130 ) ) GLOBAL_UNIT_ASSIGNED_CONTEXT ( ( #1359, #640, #1517 ) ) REPRESENTATION_CONTEXT ( 'NONE', 'WORKASPACE' ) );
#837 = DIRECTION ( 'NONE',  ( -0.7071067811865493491, 0.0000000000000000000, -0.7071067811865456854 ) ) ;
#838 = CARTESIAN_POINT ( 'NONE',  ( -1.294292459942929074, -14.85999999999999943, 1.335000000000006182 ) ) ;
#839 = EDGE_LOOP ( 'NONE', ( #92, #94, #611, #32 ) ) ;
#840 = EDGE_LOOP ( 'NONE', ( #1373, #663, #1110, #946, #370, #550, #389, #456 ) ) ;
#841 = AXIS2_PLACEMENT_3D ( 'NONE', #1069, #559, #1459 ) ;
#842 = ORIENTED_EDGE ( 'NONE', *, *, #327, .T. ) ;
#843 = EDGE_CURVE ( 'NONE', #494, #823, #40, .T. ) ;
#844 = ORIENTED_EDGE ( 'NONE', *, *, #1126, .T. ) ;
#845 = ADVANCED_FACE ( 'NONE', ( #1174 ), #848, .F. ) ;
#846 = DIRECTION ( 'NONE',  ( -0.7071067811865526798, 0.0000000000000000000, -0.7071067811865423547 ) ) ;
#847 = FACE_OUTER_BOUND ( 'NONE', #1515, .T. ) ;
#848 = PLANE ( 'NONE',  #1228 ) ;
#849 =( NAMED_UNIT ( * ) SI_UNIT ( $, .STERADIAN. ) SOLID_ANGLE_UNIT ( ) );
#850 = CARTESIAN_POINT ( 'NONE',  ( -0.4577900958620306215, 2.085602301073108844, 3.134179629332296546 ) ) ;
#851 = AXIS2_PLACEMENT_3D ( 'NONE', #98, #552, #186 ) ;
#852 = PRESENTATION_LAYER_ASSIGNMENT (  '', '', ( #774 ) ) ;
#853 = SURFACE_STYLE_FILL_AREA ( #1155 ) ;
#854 =( NAMED_UNIT ( * ) PLANE_ANGLE_UNIT ( ) SI_UNIT ( $, .RADIAN. ) );
#855 = CARTESIAN_POINT ( 'NONE',  ( 1.413499999999995316, -14.85999999999999943, 1.215792459942931725 ) ) ;
#856 = LINE ( 'NONE', #741, #431 ) ;
#857 = DIRECTION ( 'NONE',  ( 0.0000000000000000000, 0.0000000000000000000, -1.000000000000000000 ) ) ;
#858 =( NAMED_UNIT ( * ) PLANE_ANGLE_UNIT ( ) SI_UNIT ( $, .RADIAN. ) );
#859 = EDGE_LOOP ( 'NONE', ( #1133, #1535, #1116, #176 ) ) ;
#860 = VERTEX_POINT ( 'NONE', #1534 ) ;
#861 = CARTESIAN_POINT ( 'NONE',  ( 0.2034999999999693165, -2.160000000000000142, 1.215792459942949932 ) ) ;
#862 = VERTEX_POINT ( 'NONE', #616 ) ;
#863 = FILL_AREA_STYLE_COLOUR ( '', #514 ) ;
#864 = SURFACE_STYLE_FILL_AREA ( #758 ) ;
#865 = VECTOR ( 'NONE', #133, 1000.000000000000000 ) ;
#866 = MECHANICAL_DESIGN_GEOMETRIC_PRESENTATION_REPRESENTATION (  '', ( #693 ), #958 ) ;
#867 = DIRECTION ( 'NONE',  ( 0.0000000000000000000, 1.000000000000000000, -0.0000000000000000000 ) ) ;
#868 =( NAMED_UNIT ( * ) SI_UNIT ( $, .STERADIAN. ) SOLID_ANGLE_UNIT ( ) );
#869 = DIRECTION ( 'NONE',  ( 1.144390535208009552E-14, 0.0000000000000000000, 1.000000000000000000 ) ) ;
#870 = FACE_OUTER_BOUND ( 'NONE', #251, .T. ) ;
#871 = DIRECTION ( 'NONE',  ( 0.7071067811866034170, 0.0000000000000000000, -0.7071067811864915065 ) ) ;
#872 =( NAMED_UNIT ( * ) PLANE_ANGLE_UNIT ( ) SI_UNIT ( $, .RADIAN. ) );
#873 = CARTESIAN_POINT ( 'NONE',  ( -1.294292459942929074, -14.85999999999999943, 1.335000000000006182 ) ) ;
#874 =( NAMED_UNIT ( * ) SI_UNIT ( $, .STERADIAN. ) SOLID_ANGLE_UNIT ( ) );
#875 =( NAMED_UNIT ( * ) PLANE_ANGLE_UNIT ( ) SI_UNIT ( $, .RADIAN. ) );
#876 = FACE_OUTER_BOUND ( 'NONE', #292, .T. ) ;
#877 = EDGE_CURVE ( 'NONE', #1488, #1259, #1603, .T. ) ;
#878 = MECHANICAL_DESIGN_GEOMETRIC_PRESENTATION_REPRESENTATION (  '', ( #604 ), #965 ) ;
#879 = SURFACE_STYLE_USAGE ( .BOTH. , #1048 ) ;
#880 =( LENGTH_UNIT ( ) NAMED_UNIT ( * ) SI_UNIT ( .MILLI., .METRE. ) );
#881 = PRODUCT_DEFINITION ( 'UNKNOWN', '', #967, #21 ) ;
#882 = DIRECTION ( 'NONE',  ( 0.0000000000000000000, 0.0000000000000000000, -1.000000000000000000 ) ) ;
#883 = SURFACE_STYLE_FILL_AREA ( #670 ) ;
#884 = DIRECTION ( 'NONE',  ( 0.0000000000000000000, 1.000000000000000000, -0.0000000000000000000 ) ) ;
#885 = ADVANCED_FACE ( 'NONE', ( #689 ), #630, .F. ) ;
#886 = ORIENTED_EDGE ( 'NONE', *, *, #1604, .F. ) ;
#887 = ORIENTED_EDGE ( 'NONE', *, *, #488, .T. ) ;
#888 = ORIENTED_EDGE ( 'NONE', *, *, #377, .T. ) ;
#889 = ORIENTED_EDGE ( 'NONE', *, *, #95, .F. ) ;
#890 = LINE ( 'NONE', #606, #927 ) ;
#891 =( NAMED_UNIT ( * ) SI_UNIT ( $, .STERADIAN. ) SOLID_ANGLE_UNIT ( ) );
#892 =( NAMED_UNIT ( * ) PLANE_ANGLE_UNIT ( ) SI_UNIT ( $, .RADIAN. ) );
#893 = DIRECTION ( 'NONE',  ( -0.7071067811865526798, 0.0000000000000000000, -0.7071067811865423547 ) ) ;
#894 = CARTESIAN_POINT ( 'NONE',  ( 1.413499999999995316, -14.85999999999999943, 1.064207540057080736 ) ) ;
#895 = CARTESIAN_POINT ( 'NONE',  ( 1.006499999999995509, -14.85999999999999943, 1.215792459942931503 ) ) ;
#896 = DIRECTION ( 'NONE',  ( -1.000000000000000000, 0.0000000000000000000, 1.264375711353357966E-16 ) ) ;
#897 = CARTESIAN_POINT ( 'NONE',  ( 1.294292459942920415, -14.85999999999999943, 0.9450000000000060574 ) ) ;
#898 = UNCERTAINTY_MEASURE_WITH_UNIT (LENGTH_MEASURE( 1.000000000000000082E-05 ), #200, 'distance_accuracy_value', 'NONE');
#899 = AXIS2_PLACEMENT_3D ( 'NONE', #425, #1230, #182 ) ;
#900 = FILL_AREA_STYLE_COLOUR ( '', #1671 ) ;
#901 = DIRECTION ( 'NONE',  ( 1.144390535208009552E-14, 0.0000000000000000000, 1.000000000000000000 ) ) ;
#902 =( LENGTH_UNIT ( ) NAMED_UNIT ( * ) SI_UNIT ( .MILLI., .METRE. ) );
#903 = LINE ( 'NONE', #1102, #923 ) ;
#904 = ORIENTED_EDGE ( 'NONE', *, *, #1421, .F. ) ;
#905 = VERTEX_POINT ( 'NONE', #578 ) ;
#906 = ORIENTED_EDGE ( 'NONE', *, *, #843, .F. ) ;
#907 = ORIENTED_EDGE ( 'NONE', *, *, #1473, .F. ) ;
#908 = EDGE_LOOP ( 'NONE', ( #1148, #1512, #955, #635 ) ) ;
#909 = CARTESIAN_POINT ( 'NONE',  ( 0.0000000000000000000, -2.160000000000000142, 0.0000000000000000000 ) ) ;
#910 = CARTESIAN_POINT ( 'NONE',  ( 1.294292459942919971, -14.85999999999999943, 1.335000000000005071 ) ) ;
#911 = APPLICATION_PROTOCOL_DEFINITION ( 'draft international standard', 'automotive_design', 1998, #657 ) ;
#912 = PRESENTATION_LAYER_ASSIGNMENT (  '', '', ( #736 ) ) ;
#913 = VECTOR ( 'NONE', #871, 1000.000000000000114 ) ;
#914 = AXIS2_PLACEMENT_3D ( 'NONE', #1577, #539, #1245 ) ;
#915 = CARTESIAN_POINT ( 'NONE',  ( -0.8618305896261900800, -0.3349506355584183082, 3.011324746519020934 ) ) ;
#916 = PLANE ( 'NONE',  #1101 ) ;
#917 = CARTESIAN_POINT ( 'NONE',  ( 2.330904826609259177E-16, -2.160000000000000142, 0.9516641158218747121 ) ) ;
#918 = CARTESIAN_POINT ( 'NONE',  ( 1.125707540057070855, -14.85999999999999943, 1.335000000000005071 ) ) ;
#919 = CARTESIAN_POINT ( 'NONE',  ( 1.413499999999995316, -14.85999999999999943, 1.064207540057080736 ) ) ;
#920 = EDGE_CURVE ( 'NONE', #1392, #1488, #571, .T. ) ;
#921 = CARTESIAN_POINT ( 'NONE',  ( -0.08429245994297056288, -14.85999999999999943, 1.334999999999983089 ) ) ;
#922 =( NAMED_UNIT ( * ) PLANE_ANGLE_UNIT ( ) SI_UNIT ( $, .RADIAN. ) );
#923 = VECTOR ( 'NONE', #592, 1000.000000000000000 ) ;
#924 = PLANE ( 'NONE',  #181 ) ;
#925 = FACE_OUTER_BOUND ( 'NONE', #1411, .T. ) ;
#926 = VERTEX_POINT ( 'NONE', #769 ) ;
#927 = VECTOR ( 'NONE', #233, 1000.000000000000000 ) ;
#928 = ORIENTED_EDGE ( 'NONE', *, *, #347, .F. ) ;
#929 = DIRECTION ( 'NONE',  ( 0.7071067811865424657, 0.0000000000000000000, -0.7071067811865526798 ) ) ;
#930 = LINE ( 'NONE', #584, #1136 ) ;
#931 = UNCERTAINTY_MEASURE_WITH_UNIT (LENGTH_MEASURE( 1.000000000000000082E-05 ), #830, 'distance_accuracy_value', 'NONE');
#932 = EDGE_CURVE ( 'NONE', #823, #1074, #1412, .T. ) ;
#933 =( NAMED_UNIT ( * ) PLANE_ANGLE_UNIT ( ) SI_UNIT ( $, .RADIAN. ) );
#934 = CARTESIAN_POINT ( 'NONE',  ( 0.0000000000000000000, -2.160000000000000142, 0.0000000000000000000 ) ) ;
#935 = PRESENTATION_LAYER_ASSIGNMENT (  '', '', ( #761 ) ) ;
#936 = DIRECTION ( 'NONE',  ( -0.7071067811865526798, 0.0000000000000000000, -0.7071067811865424657 ) ) ;
#937 =( NAMED_UNIT ( * ) PLANE_ANGLE_UNIT ( ) SI_UNIT ( $, .RADIAN. ) );
#938 = DIRECTION ( 'NONE',  ( -1.000000000000000000, 0.0000000000000000000, -1.363412935881582229E-13 ) ) ;
#939 = SURFACE_SIDE_STYLE ('',( #249 ) ) ;
#940 = DIRECTION ( 'NONE',  ( -0.0000000000000000000, 1.000000000000000000, -0.0000000000000000000 ) ) ;
#941 = LINE ( 'NONE', #1142, #1589 ) ;
#942 = ADVANCED_FACE ( 'NONE', ( #833 ), #199, .F. ) ;
#943 = AXIS2_PLACEMENT_3D ( 'NONE', #974, #323, #837 ) ;
#944 = VECTOR ( 'NONE', #1460, 1000.000000000000000 ) ;
#945 = MECHANICAL_DESIGN_GEOMETRIC_PRESENTATION_REPRESENTATION (  '', ( #774 ), #1037 ) ;
#946 = ORIENTED_EDGE ( 'NONE', *, *, #257, .F. ) ;
#947 = EDGE_LOOP ( 'NONE', ( #659, #680, #432, #253, #1592, #1351, #8, #721 ) ) ;
#948 = CARTESIAN_POINT ( 'NONE',  ( 4.020714762103677998E-16, 2.160000000000000142, 3.180000000000000160 ) ) ;
#949 = CARTESIAN_POINT ( 'NONE',  ( 1.294292459942919971, -2.160000000000000142, 1.335000000000005071 ) ) ;
#950 = FILL_AREA_STYLE ('',( #746 ) ) ;
#951 = ORIENTED_EDGE ( 'NONE', *, *, #1100, .F. ) ;
#952 = ORIENTED_EDGE ( 'NONE', *, *, #579, .T. ) ;
#953 = CARTESIAN_POINT ( 'NONE',  ( -0.005095276585523205587, -0.6199906611760089836, 3.179994174604107826 ) ) ;
#954 = EDGE_CURVE ( 'NONE', #1451, #528, #1498, .T. ) ;
#955 = ORIENTED_EDGE ( 'NONE', *, *, #749, .F. ) ;
#956 = FILL_AREA_STYLE_COLOUR ( '', #1471 ) ;
#957 = CARTESIAN_POINT ( 'NONE',  ( -0.1932404080713134020, -0.6095786391307971286, 3.173465005345680989 ) ) ;
#958 =( GEOMETRIC_REPRESENTATION_CONTEXT ( 3 ) GLOBAL_UNCERTAINTY_ASSIGNED_CONTEXT ( ( #1109 ) ) GLOBAL_UNIT_ASSIGNED_CONTEXT ( ( #478, #854, #1021 ) ) REPRESENTATION_CONTEXT ( 'NONE', 'WORKASPACE' ) );
#959 = STYLED_ITEM ( 'NONE', ( #1196 ), #48 ) ;
#960 = FACE_OUTER_BOUND ( 'NONE', #840, .T. ) ;
#961 = ADVANCED_FACE ( 'NONE', ( #1225 ), #916, .F. ) ;
#962 = COLOUR_RGB ( '',0.7529411764705882248, 0.7529411764705882248, 0.7529411764705882248 ) ;
#963 =( NAMED_UNIT ( * ) SI_UNIT ( $, .STERADIAN. ) SOLID_ANGLE_UNIT ( ) );
#964 = PRESENTATION_STYLE_ASSIGNMENT (( #1353 ) ) ;
#965 =( GEOMETRIC_REPRESENTATION_CONTEXT ( 3 ) GLOBAL_UNCERTAINTY_ASSIGNED_CONTEXT ( ( #757 ) ) GLOBAL_UNIT_ASSIGNED_CONTEXT ( ( #600, #1203, #636 ) ) REPRESENTATION_CONTEXT ( 'NONE', 'WORKASPACE' ) );
#966 = EDGE_LOOP ( 'NONE', ( #252, #1154, #799, #842 ) ) ;
#967 = PRODUCT_DEFINITION_FORMATION_WITH_SPECIFIED_SOURCE ( 'ANY', '', #1062, .NOT_KNOWN. ) ;
#968 =( LENGTH_UNIT ( ) NAMED_UNIT ( * ) SI_UNIT ( .MILLI., .METRE. ) );
#969 = VERTEX_POINT ( 'NONE', #953 ) ;
#970 = SURFACE_STYLE_FILL_AREA ( #168 ) ;
#971 = LINE ( 'NONE', #1332, #618 ) ;
#972 = FILL_AREA_STYLE_COLOUR ( '', #306 ) ;
#973 =( NAMED_UNIT ( * ) SI_UNIT ( $, .STERADIAN. ) SOLID_ANGLE_UNIT ( ) );
#974 = CARTESIAN_POINT ( 'NONE',  ( -1.294292459942929074, -14.85999999999999943, 1.335000000000006182 ) ) ;
#975 = STYLED_ITEM ( 'NONE', ( #1053 ), #183 ) ;
#976 = DIRECTION ( 'NONE',  ( 0.7071067811865497932, 0.0000000000000000000, 0.7071067811865452413 ) ) ;
#977 = STYLED_ITEM ( 'NONE', ( #631 ), #1229 ) ;
#978 = DIRECTION ( 'NONE',  ( 0.0000000000000000000, -0.0000000000000000000, -1.000000000000000000 ) ) ;
#979 = CARTESIAN_POINT ( 'NONE',  ( 1.110551294253182997, 1.624540333704723727, 2.888571544213553555 ) ) ;
#980 =( LENGTH_UNIT ( ) NAMED_UNIT ( * ) SI_UNIT ( .MILLI., .METRE. ) );
#981 = UNCERTAINTY_MEASURE_WITH_UNIT (LENGTH_MEASURE( 1.000000000000000082E-05 ), #1141, 'distance_accuracy_value', 'NONE');
#982 = LINE ( 'NONE', #75, #821 ) ;
#983 = CARTESIAN_POINT ( 'NONE',  ( 0.1827196950914948825, -0.6206791328717735645, 3.180423630385948996 ) ) ;
#984 = CARTESIAN_POINT ( 'NONE',  ( 1.006499999999995509, -14.85999999999999943, 1.064207540057080736 ) ) ;
#985 = CARTESIAN_POINT ( 'NONE',  ( 1.413499999999995316, -14.85999999999999943, 1.064207540057080736 ) ) ;
#986 = ORIENTED_EDGE ( 'NONE', *, *, #137, .T. ) ;
#987 = VERTEX_POINT ( 'NONE', #727 ) ;
#988 = MECHANICAL_DESIGN_GEOMETRIC_PRESENTATION_REPRESENTATION (  '', ( #812 ), #1080 ) ;
#989 = ORIENTED_EDGE ( 'NONE', *, *, #1527, .F. ) ;
#990 = VERTEX_POINT ( 'NONE', #227 ) ;
#991 = VECTOR ( 'NONE', #66, 1000.000000000000000 ) ;
#992 = FILL_AREA_STYLE ('',( #1363 ) ) ;
#993 = ORIENTED_EDGE ( 'NONE', *, *, #641, .T. ) ;
#994 = COLOUR_RGB ( '',0.7529411764705882248, 0.7529411764705882248, 0.7529411764705882248 ) ;
#995 = LINE ( 'NONE', #1541, #666 ) ;
#996 = EDGE_CURVE ( 'NONE', #905, #118, #392, .T. ) ;
#997 = CARTESIAN_POINT ( 'NONE',  ( -2.220362674755354870, 2.160000000000000142, 1.139999999999999458 ) ) ;
#998 = EDGE_CURVE ( 'NONE', #1169, #563, #1642, .T. ) ;
#999 = PLANE ( 'NONE',  #417 ) ;
#1000 = FILL_AREA_STYLE_COLOUR ( '', #362 ) ;
#1001 = SHAPE_DEFINITION_REPRESENTATION ( #106, #1553 ) ;
#1002 = MECHANICAL_DESIGN_GEOMETRIC_PRESENTATION_REPRESENTATION (  '', ( #736 ), #1089 ) ;
#1003 = CARTESIAN_POINT ( 'NONE',  ( -1.294292459942928630, -14.85999999999999943, 0.9450000000000061684 ) ) ;
#1004 = PRESENTATION_LAYER_ASSIGNMENT (  '', '', ( #826 ) ) ;
#1005 = COLOUR_RGB ( '',0.7529411764705882248, 0.7529411764705882248, 0.7529411764705882248 ) ;
#1006 = SURFACE_STYLE_FILL_AREA ( #467 ) ;
#1007 = UNCERTAINTY_MEASURE_WITH_UNIT (LENGTH_MEASURE( 1.000000000000000082E-05 ), #201, 'distance_accuracy_value', 'NONE');
#1008 = CARTESIAN_POINT ( 'NONE',  ( -0.08429245994292892952, -14.85999999999999943, 0.9450000000000063904 ) ) ;
#1009 = VECTOR ( 'NONE', #268, 1000.000000000000000 ) ;
#1010 = VECTOR ( 'NONE', #1623, 1000.000000000000114 ) ;
#1011 = VECTOR ( 'NONE', #1448, 1000.000000000000000 ) ;
#1012 = EDGE_CURVE ( 'NONE', #1221, #1018, #1658, .T. ) ;
#1013 = EDGE_CURVE ( 'NONE', #1675, #1392, #103, .T. ) ;
#1014 = CARTESIAN_POINT ( 'NONE',  ( -1.294292459942928630, -2.160000000000000142, 0.9450000000000061684 ) ) ;
#1015 = STYLED_ITEM ( 'NONE', ( #551 ), #1086 ) ;
#1016 =( LENGTH_UNIT ( ) NAMED_UNIT ( * ) SI_UNIT ( .MILLI., .METRE. ) );
#1017 = DIRECTION ( 'NONE',  ( 0.0000000000000000000, 1.000000000000000000, -0.0000000000000000000 ) ) ;
#1018 = VERTEX_POINT ( 'NONE', #1224 ) ;
#1019 = COLOUR_RGB ( '',0.7529411764705882248, 0.7529411764705882248, 0.7529411764705882248 ) ;
#1020 = FILL_AREA_STYLE ('',( #701 ) ) ;
#1021 =( NAMED_UNIT ( * ) SI_UNIT ( $, .STERADIAN. ) SOLID_ANGLE_UNIT ( ) );
#1022 = VECTOR ( 'NONE', #1143, 1000.000000000000000 ) ;
#1023 = MECHANICAL_DESIGN_GEOMETRIC_PRESENTATION_REPRESENTATION (  '', ( #761 ), #1108 ) ;
#1024 = VECTOR ( 'NONE', #218, 1000.000000000000000 ) ;
#1025 = CARTESIAN_POINT ( 'NONE',  ( 1.715000000000000302, -2.160000000000000142, 0.0000000000000000000 ) ) ;
#1026 = CYLINDRICAL_SURFACE ( 'NONE', #1236, 1.296029954980999488 ) ;
#1027 = LINE ( 'NONE', #1025, #1367 ) ;
#1028 = PLANE ( 'NONE',  #188 ) ;
#1029 = ORIENTED_EDGE ( 'NONE', *, *, #1200, .T. ) ;
#1030 = FILL_AREA_STYLE ('',( #145 ) ) ;
#1031 = ORIENTED_EDGE ( 'NONE', *, *, #187, .T. ) ;
#1032 = STYLED_ITEM ( 'NONE', ( #515 ), #291 ) ;
#1033 = ORIENTED_EDGE ( 'NONE', *, *, #1318, .F. ) ;
#1034 = COLOUR_RGB ( '',0.7921568627450980005, 0.8196078431372548767, 0.9333333333333333481 ) ;
#1035 = VERTEX_POINT ( 'NONE', #1096 ) ;
#1036 = CARTESIAN_POINT ( 'NONE',  ( 2.330904826609259177E-16, 2.160000000000000142, 0.9516641158218747121 ) ) ;
#1037 =( GEOMETRIC_REPRESENTATION_CONTEXT ( 3 ) GLOBAL_UNCERTAINTY_ASSIGNED_CONTEXT ( ( #1627 ) ) GLOBAL_UNIT_ASSIGNED_CONTEXT ( ( #968, #465, #712 ) ) REPRESENTATION_CONTEXT ( 'NONE', 'WORKASPACE' ) );
#1038 =( NAMED_UNIT ( * ) PLANE_ANGLE_UNIT ( ) SI_UNIT ( $, .RADIAN. ) );
#1039 = EDGE_CURVE ( 'NONE', #477, #118, #78, .T. ) ;
#1040 = SURFACE_STYLE_USAGE ( .BOTH. , #804 ) ;
#1041 = PLANE ( 'NONE',  #411 ) ;
#1042 = EDGE_CURVE ( 'NONE', #313, #409, #1287, .T. ) ;
#1043 =( NAMED_UNIT ( * ) PLANE_ANGLE_UNIT ( ) SI_UNIT ( $, .RADIAN. ) );
#1044 = UNCERTAINTY_MEASURE_WITH_UNIT (LENGTH_MEASURE( 1.000000000000000082E-05 ), #676, 'distance_accuracy_value', 'NONE');
#1045 = EDGE_LOOP ( 'NONE', ( #1168, #745, #310, #1575 ) ) ;
#1046 = COLOUR_RGB ( '',0.2509803921568627416, 0.2509803921568627416, 0.2509803921568627416 ) ;
#1047 = VERTEX_POINT ( 'NONE', #1621 ) ;
#1048 = SURFACE_SIDE_STYLE ('',( #1112 ) ) ;
#1049 = PLANE ( 'NONE',  #320 ) ;
#1050 = DIRECTION ( 'NONE',  ( 6.431193093781047711E-16, 0.0000000000000000000, 1.000000000000000000 ) ) ;
#1051 = VERTEX_POINT ( 'NONE', #755 ) ;
#1052 = DIRECTION ( 'NONE',  ( 0.0000000000000000000, 1.000000000000000000, 0.0000000000000000000 ) ) ;
#1053 = PRESENTATION_STYLE_ASSIGNMENT (( #879 ) ) ;
#1054 = PRESENTATION_LAYER_ASSIGNMENT (  '', '', ( #1140 ) ) ;
#1055 = SURFACE_STYLE_FILL_AREA ( #802 ) ;
#1056 = SURFACE_STYLE_USAGE ( .BOTH. , #614 ) ;
#1057 = PRODUCT_RELATED_PRODUCT_CATEGORY ( 'part', '', ( #1062 ) ) ;
#1058 = DIRECTION ( 'NONE',  ( 0.0000000000000000000, 0.0000000000000000000, 1.000000000000000000 ) ) ;
#1059 = DIRECTION ( 'NONE',  ( 0.0000000000000000000, 0.0000000000000000000, -1.000000000000000000 ) ) ;
#1060 = DIRECTION ( 'NONE',  ( 0.0000000000000000000, 0.0000000000000000000, 1.000000000000000000 ) ) ;
#1061 = LINE ( 'NONE', #669, #573 ) ;
#1062 = PRODUCT ( '2N3906BU', '2N3906BU', '', ( #1065 ) ) ;
#1063 = CARTESIAN_POINT ( 'NONE',  ( -1.413500000000004420, -14.85999999999999943, 1.215792459942931503 ) ) ;
#1064 = AXIS2_PLACEMENT_3D ( 'NONE', #239, #500, #773 ) ;
#1065 = PRODUCT_CONTEXT ( 'NONE', #4, 'mechanical' ) ;
#1066 = AXIS2_PLACEMENT_3D ( 'NONE', #702, #649, #85 ) ;
#1067 = LINE ( 'NONE', #1137, #1612 ) ;
#1068 =( NAMED_UNIT ( * ) SI_UNIT ( $, .STERADIAN. ) SOLID_ANGLE_UNIT ( ) );
#1069 = CARTESIAN_POINT ( 'NONE',  ( 0.9289700450190006009, 2.160000000000000142, 1.030461330706115675 ) ) ;
#1070 = ORIENTED_EDGE ( 'NONE', *, *, #996, .F. ) ;
#1071 = DIRECTION ( 'NONE',  ( 0.7071067811866581510, 0.0000000000000000000, -0.7071067811864368835 ) ) ;
#1072 = CARTESIAN_POINT ( 'NONE',  ( -1.413500000000004420, -2.160000000000000142, 1.064207540057080736 ) ) ;
#1073 = CLOSED_SHELL ( 'NONE', ( #752, #807, #361, #449, #27, #586, #1354 ) ) ;
#1074 = VERTEX_POINT ( 'NONE', #207 ) ;
#1075 = FILL_AREA_STYLE ('',( #185 ) ) ;
#1076 =( NAMED_UNIT ( * ) PLANE_ANGLE_UNIT ( ) SI_UNIT ( $, .RADIAN. ) );
#1077 = COLOUR_RGB ( '',0.7529411764705882248, 0.7529411764705882248, 0.7529411764705882248 ) ;
#1078 = ORIENTED_EDGE ( 'NONE', *, *, #264, .F. ) ;
#1079 = COLOUR_RGB ( '',0.7529411764705882248, 0.7529411764705882248, 0.7529411764705882248 ) ;
#1080 =( GEOMETRIC_REPRESENTATION_CONTEXT ( 3 ) GLOBAL_UNCERTAINTY_ASSIGNED_CONTEXT ( ( #898 ) ) GLOBAL_UNIT_ASSIGNED_CONTEXT ( ( #200, #933, #874 ) ) REPRESENTATION_CONTEXT ( 'NONE', 'WORKASPACE' ) );
#1081 = UNCERTAINTY_MEASURE_WITH_UNIT (LENGTH_MEASURE( 1.000000000000000082E-05 ), #1681, 'distance_accuracy_value', 'NONE');
#1082 =( NAMED_UNIT ( * ) SI_UNIT ( $, .STERADIAN. ) SOLID_ANGLE_UNIT ( ) );
#1083 = CARTESIAN_POINT ( 'NONE',  ( -1.294292459942929074, -2.160000000000000142, 1.335000000000006182 ) ) ;
#1084 = CARTESIAN_POINT ( 'NONE',  ( 1.006499999999995509, -14.85999999999999943, 1.215792459942931503 ) ) ;
#1085 = LINE ( 'NONE', #561, #1022 ) ;
#1086 = ADVANCED_FACE ( 'NONE', ( #847 ), #589, .F. ) ;
#1087 = COLOUR_RGB ( '',0.2509803921568627416, 0.2509803921568627416, 0.2509803921568627416 ) ;
#1088 = EDGE_CURVE ( 'NONE', #1616, #510, #1634, .T. ) ;
#1089 =( GEOMETRIC_REPRESENTATION_CONTEXT ( 3 ) GLOBAL_UNCERTAINTY_ASSIGNED_CONTEXT ( ( #931 ) ) GLOBAL_UNIT_ASSIGNED_CONTEXT ( ( #830, #1145, #1485 ) ) REPRESENTATION_CONTEXT ( 'NONE', 'WORKASPACE' ) );
#1090 = VECTOR ( 'NONE', #1591, 1000.000000000000000 ) ;
#1091 = FACE_OUTER_BOUND ( 'NONE', #947, .T. ) ;
#1092 = MECHANICAL_DESIGN_GEOMETRIC_PRESENTATION_REPRESENTATION (  '', ( #826 ), #1172 ) ;
#1093 = CARTESIAN_POINT ( 'NONE',  ( -0.2035000000000161680, -2.160000000000000142, 1.215792459942900194 ) ) ;
#1094 = DIRECTION ( 'NONE',  ( -0.7071067811866498243, 0.0000000000000000000, 0.7071067811864452102 ) ) ;
#1095 = EDGE_LOOP ( 'NONE', ( #748, #683, #1129, #887 ) ) ;
#1096 = CARTESIAN_POINT ( 'NONE',  ( -1.006500000000004613, -2.160000000000000142, 1.215792459942931725 ) ) ;
#1097 = SURFACE_STYLE_FILL_AREA ( #407 ) ;
#1098 = CARTESIAN_POINT ( 'NONE',  ( 0.9289700450190006009, -2.160000000000000142, 1.030461330706115675 ) ) ;
#1099 = CARTESIAN_POINT ( 'NONE',  ( 1.125707540057071299, -2.160000000000000142, 0.9450000000000061684 ) ) ;
#1100 = EDGE_CURVE ( 'NONE', #232, #1146, #1423, .T. ) ;
#1101 = AXIS2_PLACEMENT_3D ( 'NONE', #897, #697, #1266 ) ;
#1102 = CARTESIAN_POINT ( 'NONE',  ( -0.2035000000000161680, -14.85999999999999943, 1.215792459942900194 ) ) ;
#1103 = CARTESIAN_POINT ( 'NONE',  ( -1.351815459755884019, 0.3994384048964841893, 2.725179634285296082 ) ) ;
#1104 = CARTESIAN_POINT ( 'NONE',  ( -1.294292459942928630, -14.85999999999999943, 0.9450000000000061684 ) ) ;
#1105 = SURFACE_SIDE_STYLE ('',( #19 ) ) ;
#1106 =( LENGTH_UNIT ( ) NAMED_UNIT ( * ) SI_UNIT ( .MILLI., .METRE. ) );
#1107 = CARTESIAN_POINT ( 'NONE',  ( -1.125707540057079514, -2.160000000000000142, 0.9450000000000060574 ) ) ;
#1108 =( GEOMETRIC_REPRESENTATION_CONTEXT ( 3 ) GLOBAL_UNCERTAINTY_ASSIGNED_CONTEXT ( ( #1081 ) ) GLOBAL_UNIT_ASSIGNED_CONTEXT ( ( #1681, #937, #357 ) ) REPRESENTATION_CONTEXT ( 'NONE', 'WORKASPACE' ) );
#1109 = UNCERTAINTY_MEASURE_WITH_UNIT (LENGTH_MEASURE( 1.000000000000000082E-05 ), #478, 'distance_accuracy_value', 'NONE');
#1110 = ORIENTED_EDGE ( 'NONE', *, *, #293, .F. ) ;
#1111 = DIRECTION ( 'NONE',  ( -1.000000000000000000, 0.0000000000000000000, 0.0000000000000000000 ) ) ;
#1112 = SURFACE_STYLE_FILL_AREA ( #1680 ) ;
#1113 = DIRECTION ( 'NONE',  ( 6.431193093781047711E-16, 0.0000000000000000000, 1.000000000000000000 ) ) ;
#1114 = EDGE_LOOP ( 'NONE', ( #612, #1321, #886, #329 ) ) ;
#1115 = FACE_OUTER_BOUND ( 'NONE', #474, .T. ) ;
#1116 = ORIENTED_EDGE ( 'NONE', *, *, #566, .F. ) ;
#1117 = CARTESIAN_POINT ( 'NONE',  ( 1.314841057903445964, 0.3100112863857046874, 2.751266270848158779 ) ) ;
#1118 = SURFACE_STYLE_USAGE ( .BOTH. , #405 ) ;
#1119 = DIRECTION ( 'NONE',  ( 0.7071067811864916175, 0.0000000000000000000, 0.7071067811866035280 ) ) ;
#1120 = CARTESIAN_POINT ( 'NONE',  ( -1.294292459942928630, -14.85999999999999943, 0.9450000000000061684 ) ) ;
#1121 = PRESENTATION_LAYER_ASSIGNMENT (  '', '', ( #1032 ) ) ;
#1122 = DIRECTION ( 'NONE',  ( -0.7071067811864368835, 0.0000000000000000000, -0.7071067811866581510 ) ) ;
#1123 = DIRECTION ( 'NONE',  ( -0.0000000000000000000, 1.000000000000000000, -0.0000000000000000000 ) ) ;
#1124 = VECTOR ( 'NONE', #682, 1000.000000000000000 ) ;
#1125 = CARTESIAN_POINT ( 'NONE',  ( 0.9289700450190006009, 2.160000000000000142, 1.030461330706115675 ) ) ;
#1126 = EDGE_CURVE ( 'NONE', #1555, #429, #1345, .T. ) ;
#1127 = FACE_OUTER_BOUND ( 'NONE', #1095, .T. ) ;
#1128 = SURFACE_STYLE_USAGE ( .BOTH. , #1178 ) ;
#1129 = ORIENTED_EDGE ( 'NONE', *, *, #1188, .F. ) ;
#1130 = UNCERTAINTY_MEASURE_WITH_UNIT (LENGTH_MEASURE( 1.000000000000000082E-05 ), #1359, 'distance_accuracy_value', 'NONE');
#1131 = STYLED_ITEM ( 'NONE', ( #354 ), #885 ) ;
#1132 = ORIENTED_EDGE ( 'NONE', *, *, #1042, .T. ) ;
#1133 = ORIENTED_EDGE ( 'NONE', *, *, #1176, .T. ) ;
#1134 = CARTESIAN_POINT ( 'NONE',  ( 1.294292459942920415, -14.85999999999999943, 0.9450000000000060574 ) ) ;
#1135 = ORIENTED_EDGE ( 'NONE', *, *, #996, .T. ) ;
#1136 = VECTOR ( 'NONE', #401, 1000.000000000000000 ) ;
#1137 = CARTESIAN_POINT ( 'NONE',  ( -1.006500000000004613, -14.85999999999999943, 1.215792459942931725 ) ) ;
#1138 = SURFACE_STYLE_USAGE ( .BOTH. , #835 ) ;
#1139 = SURFACE_STYLE_FILL_AREA ( #169 ) ;
#1140 = STYLED_ITEM ( 'NONE', ( #964 ), #487 ) ;
#1141 =( LENGTH_UNIT ( ) NAMED_UNIT ( * ) SI_UNIT ( .MILLI., .METRE. ) );
#1142 = CARTESIAN_POINT ( 'NONE',  ( 1.413499999999995316, -2.160000000000000142, 1.064207540057080736 ) ) ;
#1143 = DIRECTION ( 'NONE',  ( -1.000000000000000000, 0.0000000000000000000, 1.264375711353357966E-16 ) ) ;
#1144 = FILL_AREA_STYLE_COLOUR ( '', #36 ) ;
#1145 =( NAMED_UNIT ( * ) PLANE_ANGLE_UNIT ( ) SI_UNIT ( $, .RADIAN. ) );
#1146 = VERTEX_POINT ( 'NONE', #1401 ) ;
#1147 = PRESENTATION_LAYER_ASSIGNMENT (  '', '', ( #975 ) ) ;
#1148 = ORIENTED_EDGE ( 'NONE', *, *, #1644, .T. ) ;
#1149 = ORIENTED_EDGE ( 'NONE', *, *, #1338, .F. ) ;
#1150 = PLANE ( 'NONE',  #1064 ) ;
#1151 = PRESENTATION_LAYER_ASSIGNMENT (  '', '', ( #977 ) ) ;
#1152 = CARTESIAN_POINT ( 'NONE',  ( 0.08429245994291678645, -14.85999999999999943, 0.9450000000000065015 ) ) ;
#1153 = CARTESIAN_POINT ( 'NONE',  ( 0.2034999999999675957, -14.85999999999999943, 1.064207540057056534 ) ) ;
#1154 = ORIENTED_EDGE ( 'NONE', *, *, #317, .F. ) ;
#1155 = FILL_AREA_STYLE ('',( #1501 ) ) ;
#1156 = SURFACE_STYLE_USAGE ( .BOTH. , #1105 ) ;
#1157 = DIRECTION ( 'NONE',  ( 0.0000000000000000000, -0.0000000000000000000, -1.000000000000000000 ) ) ;
#1158 = SURFACE_SIDE_STYLE ('',( #864 ) ) ;
#1159 = PRESENTATION_LAYER_ASSIGNMENT (  '', '', ( #1256 ) ) ;
#1160 = EDGE_CURVE ( 'NONE', #434, #987, #1649, .T. ) ;
#1161 = SURFACE_STYLE_USAGE ( .BOTH. , #1158 ) ;
#1162 = CARTESIAN_POINT ( 'NONE',  ( -1.413500000000004420, -14.85999999999999943, 1.064207540057080736 ) ) ;
#1163 = SURFACE_STYLE_FILL_AREA ( #950 ) ;
#1164 = FILL_AREA_STYLE ('',( #1420 ) ) ;
#1165 = VERTEX_POINT ( 'NONE', #1626 ) ;
#1166 = PLANE ( 'NONE',  #198 ) ;
#1167 = ORIENTED_EDGE ( 'NONE', *, *, #1013, .F. ) ;
#1168 = ORIENTED_EDGE ( 'NONE', *, *, #293, .T. ) ;
#1169 = VERTEX_POINT ( 'NONE', #1173 ) ;
#1170 = ORIENTED_EDGE ( 'NONE', *, *, #1526, .F. ) ;
#1171 = FACE_OUTER_BOUND ( 'NONE', #473, .T. ) ;
#1172 =( GEOMETRIC_REPRESENTATION_CONTEXT ( 3 ) GLOBAL_UNCERTAINTY_ASSIGNED_CONTEXT ( ( #558 ) ) GLOBAL_UNIT_ASSIGNED_CONTEXT ( ( #397, #1576, #810 ) ) REPRESENTATION_CONTEXT ( 'NONE', 'WORKASPACE' ) );
#1173 = CARTESIAN_POINT ( 'NONE',  ( 1.294292459942919971, -14.85999999999999943, 1.335000000000005071 ) ) ;
#1174 = FACE_OUTER_BOUND ( 'NONE', #1114, .T. ) ;
#1175 = DIRECTION ( 'NONE',  ( 0.0000000000000000000, -0.0000000000000000000, -1.000000000000000000 ) ) ;
#1176 = EDGE_CURVE ( 'NONE', #1259, #1261, #1297, .T. ) ;
#1177 = CARTESIAN_POINT ( 'NONE',  ( 1.125707540057070855, -14.85999999999999943, 1.335000000000005071 ) ) ;
#1178 = SURFACE_SIDE_STYLE ('',( #1386 ) ) ;
#1179 =( LENGTH_UNIT ( ) NAMED_UNIT ( * ) SI_UNIT ( .MILLI., .METRE. ) );
#1180 = CARTESIAN_POINT ( 'NONE',  ( 0.08429245994287862254, -14.85999999999999943, 1.335000000000006182 ) ) ;
#1181 = SURFACE_STYLE_FILL_AREA ( #775 ) ;
#1182 = PRESENTATION_LAYER_ASSIGNMENT (  '', '', ( #1015 ) ) ;
#1183 = LINE ( 'NONE', #1652, #302 ) ;
#1184 = FILL_AREA_STYLE_COLOUR ( '', #414 ) ;
#1185 = SURFACE_STYLE_USAGE ( .BOTH. , #1441 ) ;
#1186 = SURFACE_STYLE_FILL_AREA ( #1598 ) ;
#1187 = FILL_AREA_STYLE ('',( #1205 ) ) ;
#1188 = EDGE_CURVE ( 'NONE', #1673, #1169, #5, .T. ) ;
#1189 = LINE ( 'NONE', #314, #427 ) ;
#1190 = VERTEX_POINT ( 'NONE', #1410 ) ;
#1191 = ORIENTED_EDGE ( 'NONE', *, *, #1674, .F. ) ;
#1192 = DIRECTION ( 'NONE',  ( -0.0000000000000000000, 1.000000000000000000, -0.0000000000000000000 ) ) ;
#1193 = CARTESIAN_POINT ( 'NONE',  ( -0.2035000000000196374, -14.85999999999999943, 1.064207540057078294 ) ) ;
#1194 = SURFACE_SIDE_STYLE ('',( #785 ) ) ;
#1195 = PRESENTATION_STYLE_ASSIGNMENT (( #525 ) ) ;
#1196 = PRESENTATION_STYLE_ASSIGNMENT (( #1161 ) ) ;
#1197 = CARTESIAN_POINT ( 'NONE',  ( 1.294292459942920415, -2.160000000000000142, 0.9450000000000060574 ) ) ;
#1198 = VECTOR ( 'NONE', #485, 1000.000000000000000 ) ;
#1199 = VECTOR ( 'NONE', #1239, 1000.000000000000000 ) ;
#1200 = EDGE_CURVE ( 'NONE', #1074, #990, #1027, .T. ) ;
#1201 = CARTESIAN_POINT ( 'NONE',  ( -1.294292459942929074, -14.85999999999999943, 1.335000000000006182 ) ) ;
#1202 = DIRECTION ( 'NONE',  ( 1.000000000000000000, 0.0000000000000000000, -6.431193093781047711E-16 ) ) ;
#1203 =( NAMED_UNIT ( * ) PLANE_ANGLE_UNIT ( ) SI_UNIT ( $, .RADIAN. ) );
#1204 = DIRECTION ( 'NONE',  ( -0.7071067811865532349, 0.0000000000000000000, 0.7071067811865416886 ) ) ;
#1205 = FILL_AREA_STYLE_COLOUR ( '', #1267 ) ;
#1206 = UNCERTAINTY_MEASURE_WITH_UNIT (LENGTH_MEASURE( 1.000000000000000082E-05 ), #902, 'distance_accuracy_value', 'NONE');
#1207 = CARTESIAN_POINT ( 'NONE',  ( -1.413500000000004420, -14.85999999999999943, 1.064207540057080736 ) ) ;
#1208 =( NAMED_UNIT ( * ) SI_UNIT ( $, .STERADIAN. ) SOLID_ANGLE_UNIT ( ) );
#1209 = ADVANCED_FACE ( 'NONE', ( #544 ), #99, .F. ) ;
#1210 = FACE_OUTER_BOUND ( 'NONE', #1045, .T. ) ;
#1211 = MECHANICAL_DESIGN_GEOMETRIC_PRESENTATION_REPRESENTATION (  '', ( #1032 ), #1301 ) ;
#1212 = CARTESIAN_POINT ( 'NONE',  ( 1.006499999999995509, -14.85999999999999943, 1.064207540057080736 ) ) ;
#1213 = AXIS2_PLACEMENT_3D ( 'NONE', #1098, #718, #674 ) ;
#1214 = ADVANCED_FACE ( 'NONE', ( #26 ), #671, .F. ) ;
#1215 = PLANE ( 'NONE',  #368 ) ;
#1216 =( NAMED_UNIT ( * ) PLANE_ANGLE_UNIT ( ) SI_UNIT ( $, .RADIAN. ) );
#1217 = VECTOR ( 'NONE', #1123, 1000.000000000000000 ) ;
#1218 = ORIENTED_EDGE ( 'NONE', *, *, #282, .T. ) ;
#1219 = ORIENTED_EDGE ( 'NONE', *, *, #3, .T. ) ;
#1220 = ORIENTED_EDGE ( 'NONE', *, *, #179, .F. ) ;
#1221 = VERTEX_POINT ( 'NONE', #499 ) ;
#1222 = PRESENTATION_STYLE_ASSIGNMENT (( #1056 ) ) ;
#1223 = CARTESIAN_POINT ( 'NONE',  ( 1.125707540057071299, -14.85999999999999943, 0.9450000000000061684 ) ) ;
#1224 = CARTESIAN_POINT ( 'NONE',  ( 0.2034999999999693165, -14.85999999999999943, 1.215792459942949932 ) ) ;
#1225 = FACE_OUTER_BOUND ( 'NONE', #1596, .T. ) ;
#1226 = VERTEX_POINT ( 'NONE', #462 ) ;
#1227 = COLOUR_RGB ( '',0.7529411764705882248, 0.7529411764705882248, 0.7529411764705882248 ) ;
#1228 = AXIS2_PLACEMENT_3D ( 'NONE', #64, #664, #1425 ) ;
#1229 = ADVANCED_FACE ( 'NONE', ( #1091 ), #451, .T. ) ;
#1230 = DIRECTION ( 'NONE',  ( -0.0000000000000000000, -1.000000000000000000, -0.0000000000000000000 ) ) ;
#1231 = CARTESIAN_POINT ( 'NONE',  ( 1.379840685286824353, 0.5784688505732378250, 2.701544584142720584 ) ) ;
#1232 = CARTESIAN_POINT ( 'NONE',  ( 0.6264546062559662731, 2.014156924273987403, 3.091871657641823923 ) ) ;
#1233 = CARTESIAN_POINT ( 'NONE',  ( 1.413499999999995316, -14.85999999999999943, 1.215792459942931725 ) ) ;
#1234 = PRESENTATION_STYLE_ASSIGNMENT (( #597 ) ) ;
#1235 = EDGE_CURVE ( 'NONE', #926, #434, #287, .T. ) ;
#1236 = AXIS2_PLACEMENT_3D ( 'NONE', #732, #1280, #334 ) ;
#1237 = CARTESIAN_POINT ( 'NONE',  ( 0.08429245994287862254, -2.160000000000000142, 1.335000000000006182 ) ) ;
#1238 = PRESENTATION_STYLE_ASSIGNMENT (( #325 ) ) ;
#1239 = DIRECTION ( 'NONE',  ( -0.0000000000000000000, 1.000000000000000000, -0.0000000000000000000 ) ) ;
#1240 = CARTESIAN_POINT ( 'NONE',  ( -1.714999999999999858, 2.160000000000000142, 4.336808689942017736E-16 ) ) ;
#1241 = ORIENTED_EDGE ( 'NONE', *, *, #665, .F. ) ;
#1242 = ORIENTED_EDGE ( 'NONE', *, *, #1597, .T. ) ;
#1243 = CLOSED_SHELL ( 'NONE', ( #885, #1086, #1554, #260, #942, #48, #691, #399, #1559, #1617 ) ) ;
#1244 = VERTEX_POINT ( 'NONE', #363 ) ;
#1245 = DIRECTION ( 'NONE',  ( 0.0000000000000000000, -0.0000000000000000000, -1.000000000000000000 ) ) ;
#1246 = PRESENTATION_STYLE_ASSIGNMENT (( #42 ) ) ;
#1247 = LINE ( 'NONE', #44, #376 ) ;
#1248 = DIRECTION ( 'NONE',  ( 1.000000000000000000, 0.0000000000000000000, -1.264375711353357966E-16 ) ) ;
#1249 = MECHANICAL_DESIGN_GEOMETRIC_PRESENTATION_REPRESENTATION (  '', ( #975 ), #1328 ) ;
#1250 = EDGE_CURVE ( 'NONE', #494, #1672, #134, .T. ) ;
#1251 = MECHANICAL_DESIGN_GEOMETRIC_PRESENTATION_REPRESENTATION (  '', ( #977 ), #1329 ) ;
#1252 = CARTESIAN_POINT ( 'NONE',  ( 1.389778962876611734, 0.6734360424960000868, 2.693500883241728427 ) ) ;
#1253 = CARTESIAN_POINT ( 'NONE',  ( 4.020714762103677998E-16, 2.160000000000000142, 3.180000000000000160 ) ) ;
#1254 = COLOUR_RGB ( '',0.2509803921568627416, 0.2509803921568627416, 0.2509803921568627416 ) ;
#1255 = SURFACE_SIDE_STYLE ('',( #1482 ) ) ;
#1256 = STYLED_ITEM ( 'NONE', ( #538 ), #814 ) ;
#1257 =( NAMED_UNIT ( * ) SI_UNIT ( $, .STERADIAN. ) SOLID_ANGLE_UNIT ( ) );
#1258 = EDGE_CURVE ( 'NONE', #1472, #707, #1299, .T. ) ;
#1259 = VERTEX_POINT ( 'NONE', #1546 ) ;
#1260 =( NAMED_UNIT ( * ) PLANE_ANGLE_UNIT ( ) SI_UNIT ( $, .RADIAN. ) );
#1261 = VERTEX_POINT ( 'NONE', #1093 ) ;
#1262 = ORIENTED_EDGE ( 'NONE', *, *, #1012, .F. ) ;
#1263 = DIRECTION ( 'NONE',  ( 0.7071067811865507924, 0.0000000000000000000, -0.7071067811865442421 ) ) ;
#1264 = DIRECTION ( 'NONE',  ( 0.7071067811865497932, 0.0000000000000000000, 0.7071067811865452413 ) ) ;
#1265 = LINE ( 'NONE', #1207, #279 ) ;
#1266 = DIRECTION ( 'NONE',  ( 0.7071067811865479058, 0.0000000000000000000, 0.7071067811865472397 ) ) ;
#1267 = COLOUR_RGB ( '',0.7529411764705882248, 0.7529411764705882248, 0.7529411764705882248 ) ;
#1268 = VECTOR ( 'NONE', #340, 1000.000000000000114 ) ;
#1269 = EDGE_CURVE ( 'NONE', #750, #1035, #1067, .T. ) ;
#1270 =( LENGTH_UNIT ( ) NAMED_UNIT ( * ) SI_UNIT ( .MILLI., .METRE. ) );
#1271 = STYLED_ITEM ( 'NONE', ( #266 ), #421 ) ;
#1272 = CARTESIAN_POINT ( 'NONE',  ( -0.005095276585523205587, -0.6199906611760089836, 3.179994174604107826 ) ) ;
#1273 = VECTOR ( 'NONE', #1289, 1000.000000000000114 ) ;
#1274 = CARTESIAN_POINT ( 'NONE',  ( 1.125707540057070855, -14.85999999999999943, 1.335000000000005071 ) ) ;
#1275 = COLOUR_RGB ( '',0.7529411764705882248, 0.7529411764705882248, 0.7529411764705882248 ) ;
#1276 =( NAMED_UNIT ( * ) SI_UNIT ( $, .STERADIAN. ) SOLID_ANGLE_UNIT ( ) );
#1277 = SURFACE_STYLE_FILL_AREA ( #318 ) ;
#1278 = MECHANICAL_DESIGN_GEOMETRIC_PRESENTATION_REPRESENTATION (  '', ( #1015 ), #1362 ) ;
#1279 = ORIENTED_EDGE ( 'NONE', *, *, #554, .T. ) ;
#1280 = DIRECTION ( 'NONE',  ( -0.0000000000000000000, -1.000000000000000000, -0.0000000000000000000 ) ) ;
#1281 = DIRECTION ( 'NONE',  ( -0.0000000000000000000, 1.000000000000000000, -0.0000000000000000000 ) ) ;
#1282 = COLOUR_RGB ( '',0.7529411764705882248, 0.7529411764705882248, 0.7529411764705882248 ) ;
#1283 = ORIENTED_EDGE ( 'NONE', *, *, #1604, .T. ) ;
#1284 = UNCERTAINTY_MEASURE_WITH_UNIT (LENGTH_MEASURE( 1.000000000000000082E-05 ), #542, 'distance_accuracy_value', 'NONE');
#1285 = VECTOR ( 'NONE', #356, 1000.000000000000000 ) ;
#1286 = ADVANCED_FACE ( 'NONE', ( #1127 ), #999, .F. ) ;
#1287 = LINE ( 'NONE', #1107, #1579 ) ;
#1288 = DIRECTION ( 'NONE',  ( -2.288781070417096056E-14, 0.0000000000000000000, -1.000000000000000000 ) ) ;
#1289 = DIRECTION ( 'NONE',  ( 0.7071067811865507924, 0.0000000000000000000, -0.7071067811865442421 ) ) ;
#1290 = SURFACE_SIDE_STYLE ('',( #853 ) ) ;
#1291 = STYLED_ITEM ( 'NONE', ( #574 ), #691 ) ;
#1292 = FILL_AREA_STYLE ('',( #1184 ) ) ;
#1293 = FILL_AREA_STYLE_COLOUR ( '', #1419 ) ;
#1294 = UNCERTAINTY_MEASURE_WITH_UNIT (LENGTH_MEASURE( 1.000000000000000082E-05 ), #803, 'distance_accuracy_value', 'NONE');
#1295 = CARTESIAN_POINT ( 'NONE',  ( -1.413500000000004420, -2.160000000000000142, 1.064207540057080736 ) ) ;
#1296 = SURFACE_STYLE_USAGE ( .BOTH. , #492 ) ;
#1297 = LINE ( 'NONE', #120, #469 ) ;
#1298 = DIRECTION ( 'NONE',  ( -0.7071067811865501263, 0.0000000000000000000, 0.7071067811865450192 ) ) ;
#1299 = LINE ( 'NONE', #1274, #560 ) ;
#1300 = ORIENTED_EDGE ( 'NONE', *, *, #920, .F. ) ;
#1301 =( GEOMETRIC_REPRESENTATION_CONTEXT ( 3 ) GLOBAL_UNCERTAINTY_ASSIGNED_CONTEXT ( ( #102 ) ) GLOBAL_UNIT_ASSIGNED_CONTEXT ( ( #880, #304, #656 ) ) REPRESENTATION_CONTEXT ( 'NONE', 'WORKASPACE' ) );
#1302 = ORIENTED_EDGE ( 'NONE', *, *, #396, .F. ) ;
#1303 = ORIENTED_EDGE ( 'NONE', *, *, #1013, .T. ) ;
#1304 = AXIS2_PLACEMENT_3D ( 'NONE', #1508, #1643, #978 ) ;
#1305 = DIRECTION ( 'NONE',  ( 0.0000000000000000000, 0.0000000000000000000, -1.000000000000000000 ) ) ;
#1306 = VECTOR ( 'NONE', #1440, 1000.000000000000114 ) ;
#1307 = DIRECTION ( 'NONE',  ( 1.000000000000000000, 0.0000000000000000000, 6.431193093781179845E-16 ) ) ;
#1308 = EDGE_CURVE ( 'NONE', #409, #1035, #982, .T. ) ;
#1309 = PRESENTATION_LAYER_ASSIGNMENT (  '', '', ( #1131 ) ) ;
#1310 =( LENGTH_UNIT ( ) NAMED_UNIT ( * ) SI_UNIT ( .MILLI., .METRE. ) );
#1311 = SURFACE_STYLE_USAGE ( .BOTH. , #1544 ) ;
#1312 = EDGE_CURVE ( 'NONE', #862, #563, #489, .T. ) ;
#1313 = DIRECTION ( 'NONE',  ( 0.7071067811865507924, 0.0000000000000000000, -0.7071067811865442421 ) ) ;
#1314 = VECTOR ( 'NONE', #513, 1000.000000000000000 ) ;
#1315 = CARTESIAN_POINT ( 'NONE',  ( -0.08429245994292892952, -14.85999999999999943, 0.9450000000000063904 ) ) ;
#1316 = SURFACE_STYLE_USAGE ( .BOTH. , #688 ) ;
#1317 = FILL_AREA_STYLE ('',( #204 ) ) ;
#1318 = EDGE_CURVE ( 'NONE', #1555, #153, #228, .T. ) ;
#1319 = MECHANICAL_DESIGN_GEOMETRIC_PRESENTATION_REPRESENTATION (  '', ( #1140 ), #1396 ) ;
#1320 = VECTOR ( 'NONE', #1565, 1000.000000000000000 ) ;
#1321 = ORIENTED_EDGE ( 'NONE', *, *, #1126, .F. ) ;
#1322 =( LENGTH_UNIT ( ) NAMED_UNIT ( * ) SI_UNIT ( .MILLI., .METRE. ) );
#1323 =( NAMED_UNIT ( * ) SI_UNIT ( $, .STERADIAN. ) SOLID_ANGLE_UNIT ( ) );
#1324 = VECTOR ( 'NONE', #263, 1000.000000000000000 ) ;
#1325 =( NAMED_UNIT ( * ) SI_UNIT ( $, .STERADIAN. ) SOLID_ANGLE_UNIT ( ) );
#1326 = DIRECTION ( 'NONE',  ( -0.0000000000000000000, 1.000000000000000000, -0.0000000000000000000 ) ) ;
#1327 = VECTOR ( 'NONE', #482, 1000.000000000000000 ) ;
#1328 =( GEOMETRIC_REPRESENTATION_CONTEXT ( 3 ) GLOBAL_UNCERTAINTY_ASSIGNED_CONTEXT ( ( #372 ) ) GLOBAL_UNIT_ASSIGNED_CONTEXT ( ( #1661, #352, #540 ) ) REPRESENTATION_CONTEXT ( 'NONE', 'WORKASPACE' ) );
#1329 =( GEOMETRIC_REPRESENTATION_CONTEXT ( 3 ) GLOBAL_UNCERTAINTY_ASSIGNED_CONTEXT ( ( #14 ) ) GLOBAL_UNIT_ASSIGNED_CONTEXT ( ( #67, #1399, #281 ) ) REPRESENTATION_CONTEXT ( 'NONE', 'WORKASPACE' ) );
#1330 = MANIFOLD_SOLID_BREP ( 'Boss-Extrude2[2]', #231 ) ;
#1331 = ORIENTED_EDGE ( 'NONE', *, *, #733, .T. ) ;
#1332 = CARTESIAN_POINT ( 'NONE',  ( -1.714999999999999858, 2.160000000000000142, 4.336808689942017736E-16 ) ) ;
#1333 =( NAMED_UNIT ( * ) SI_UNIT ( $, .STERADIAN. ) SOLID_ANGLE_UNIT ( ) );
#1334 = ORIENTED_EDGE ( 'NONE', *, *, #1666, .F. ) ;
#1335 = ORIENTED_EDGE ( 'NONE', *, *, #1668, .T. ) ;
#1336 = AXIS2_PLACEMENT_3D ( 'NONE', #1125, #1486, #111 ) ;
#1337 = CARTESIAN_POINT ( 'NONE',  ( -0.09452517100840447661, 2.160000000000000142, 3.180000000000000604 ) ) ;
#1338 = EDGE_CURVE ( 'NONE', #1051, #1259, #608, .T. ) ;
#1339 = EDGE_CURVE ( 'NONE', #860, #1408, #1189, .T. ) ;
#1340 = DIRECTION ( 'NONE',  ( -0.0000000000000000000, -1.000000000000000000, -0.0000000000000000000 ) ) ;
#1341 = EDGE_CURVE ( 'NONE', #52, #313, #794, .T. ) ;
#1342 = AXIS2_PLACEMENT_3D ( 'NONE', #648, #1572, #1307 ) ;
#1343 = UNCERTAINTY_MEASURE_WITH_UNIT (LENGTH_MEASURE( 1.000000000000000082E-05 ), #675, 'distance_accuracy_value', 'NONE');
#1344 = AXIS2_PLACEMENT_3D ( 'NONE', #290, #384, #673 ) ;
#1345 = LINE ( 'NONE', #873, #230 ) ;
#1346 = PLANE ( 'NONE',  #212 ) ;
#1347 =( NAMED_UNIT ( * ) PLANE_ANGLE_UNIT ( ) SI_UNIT ( $, .RADIAN. ) );
#1348 = PRESENTATION_STYLE_ASSIGNMENT (( #1539 ) ) ;
#1349 = VERTEX_POINT ( 'NONE', #1104 ) ;
#1350 = ORIENTED_EDGE ( 'NONE', *, *, #1250, .F. ) ;
#1351 = ORIENTED_EDGE ( 'NONE', *, *, #1421, .T. ) ;
#1352 = CARTESIAN_POINT ( 'NONE',  ( -0.2035000000000196374, -14.85999999999999943, 1.064207540057078294 ) ) ;
#1353 = SURFACE_STYLE_USAGE ( .BOTH. , #15 ) ;
#1354 = ADVANCED_FACE ( 'NONE', ( #203 ), #827, .T. ) ;
#1355 =( NAMED_UNIT ( * ) SI_UNIT ( $, .STERADIAN. ) SOLID_ANGLE_UNIT ( ) );
#1356 = EDGE_CURVE ( 'NONE', #153, #1190, #740, .T. ) ;
#1357 = AXIS2_PLACEMENT_3D ( 'NONE', #918, #929, #936 ) ;
#1358 = ORIENTED_EDGE ( 'NONE', *, *, #95, .T. ) ;
#1359 =( LENGTH_UNIT ( ) NAMED_UNIT ( * ) SI_UNIT ( .MILLI., .METRE. ) );
#1360 = UNCERTAINTY_MEASURE_WITH_UNIT (LENGTH_MEASURE( 1.000000000000000082E-05 ), #1654, 'distance_accuracy_value', 'NONE');
#1361 = PRESENTATION_STYLE_ASSIGNMENT (( #1439 ) ) ;
#1362 =( GEOMETRIC_REPRESENTATION_CONTEXT ( 3 ) GLOBAL_UNCERTAINTY_ASSIGNED_CONTEXT ( ( #1284 ) ) GLOBAL_UNIT_ASSIGNED_CONTEXT ( ( #542, #1216, #1355 ) ) REPRESENTATION_CONTEXT ( 'NONE', 'WORKASPACE' ) );
#1363 = FILL_AREA_STYLE_COLOUR ( '', #1569 ) ;
#1364 = DIRECTION ( 'NONE',  ( -0.7071067811865493491, 0.0000000000000000000, -0.7071067811865456854 ) ) ;
#1365 = PRESENTATION_STYLE_ASSIGNMENT (( #1128 ) ) ;
#1366 = AXIS2_PLACEMENT_3D ( 'NONE', #1657, #1402, #1305 ) ;
#1367 = VECTOR ( 'NONE', #896, 1000.000000000000000 ) ;
#1368 = CARTESIAN_POINT ( 'NONE',  ( 0.3695399653392412165, -0.5823239827733285301, 3.155963303598197101 ) ) ;
#1369 =( NAMED_UNIT ( * ) PLANE_ANGLE_UNIT ( ) SI_UNIT ( $, .RADIAN. ) );
#1370 = CARTESIAN_POINT ( 'NONE',  ( 0.08429245994287862254, -14.85999999999999943, 1.335000000000006182 ) ) ;
#1371 = CARTESIAN_POINT ( 'NONE',  ( 1.006499999999995509, -2.160000000000000142, 1.064207540057080736 ) ) ;
#1372 = SURFACE_STYLE_FILL_AREA ( #1164 ) ;
#1373 = ORIENTED_EDGE ( 'NONE', *, *, #1341, .F. ) ;
#1374 = LINE ( 'NONE', #128, #1635 ) ;
#1375 = EDGE_LOOP ( 'NONE', ( #173, #1070, #1434, #889, #135, #1552, #1300, #1167 ) ) ;
#1376 = ORIENTED_EDGE ( 'NONE', *, *, #749, .T. ) ;
#1377 = ORIENTED_EDGE ( 'NONE', *, *, #221, .T. ) ;
#1378 = PRESENTATION_STYLE_ASSIGNMENT (( #1118 ) ) ;
#1379 =( LENGTH_UNIT ( ) NAMED_UNIT ( * ) SI_UNIT ( .MILLI., .METRE. ) );
#1380 = STYLED_ITEM ( 'NONE', ( #493 ), #361 ) ;
#1381 =( NAMED_UNIT ( * ) PLANE_ANGLE_UNIT ( ) SI_UNIT ( $, .RADIAN. ) );
#1382 = STYLED_ITEM ( 'NONE', ( #1378 ), #1554 ) ;
#1383 = SURFACE_SIDE_STYLE ('',( #645 ) ) ;
#1384 = CARTESIAN_POINT ( 'NONE',  ( 1.390430774165062999, 0.9534200545950335393, 2.692980682120825531 ) ) ;
#1385 = CARTESIAN_POINT ( 'NONE',  ( -1.349760852356254315, 1.147552986061069147, 2.726764239040826876 ) ) ;
#1386 = SURFACE_STYLE_FILL_AREA ( #428 ) ;
#1387 = MECHANICAL_DESIGN_GEOMETRIC_PRESENTATION_REPRESENTATION (  '', ( #1131 ), #1475 ) ;
#1388 = DIRECTION ( 'NONE',  ( 0.7071067811865507924, 0.0000000000000000000, -0.7071067811865442421 ) ) ;
#1389 = ORIENTED_EDGE ( 'NONE', *, *, #1496, .F. ) ;
#1390 = DIRECTION ( 'NONE',  ( 0.7071067811865497932, 0.0000000000000000000, 0.7071067811865452413 ) ) ;
#1391 = ORIENTED_EDGE ( 'NONE', *, *, #317, .T. ) ;
#1392 = VERTEX_POINT ( 'NONE', #861 ) ;
#1393 = DIRECTION ( 'NONE',  ( -0.7071067811865501263, 0.0000000000000000000, 0.7071067811865450192 ) ) ;
#1394 = CARTESIAN_POINT ( 'NONE',  ( -0.2035000000000196374, -2.160000000000000142, 1.064207540057078294 ) ) ;
#1395 = CARTESIAN_POINT ( 'NONE',  ( -1.209344613590304540, 1.478439285625260169, 2.825249024916079765 ) ) ;
#1396 =( GEOMETRIC_REPRESENTATION_CONTEXT ( 3 ) GLOBAL_UNCERTAINTY_ASSIGNED_CONTEXT ( ( #582 ) ) GLOBAL_UNIT_ASSIGNED_CONTEXT ( ( #1379, #1524, #868 ) ) REPRESENTATION_CONTEXT ( 'NONE', 'WORKASPACE' ) );
#1397 = DIRECTION ( 'NONE',  ( -0.0000000000000000000, 1.000000000000000000, -0.0000000000000000000 ) ) ;
#1398 = CARTESIAN_POINT ( 'NONE',  ( -1.212225597711317215, 0.06627417749942390857, 2.823366931901133636 ) ) ;
#1399 =( NAMED_UNIT ( * ) PLANE_ANGLE_UNIT ( ) SI_UNIT ( $, .RADIAN. ) );
#1400 = VECTOR ( 'NONE', #1313, 1000.000000000000114 ) ;
#1401 = CARTESIAN_POINT ( 'NONE',  ( 4.020714762103677998E-16, 2.160000000000000142, 3.180000000000000160 ) ) ;
#1402 = DIRECTION ( 'NONE',  ( 1.000000000000000000, 0.0000000000000000000, 0.0000000000000000000 ) ) ;
#1403 = UNCERTAINTY_MEASURE_WITH_UNIT (LENGTH_MEASURE( 1.000000000000000082E-05 ), #980, 'distance_accuracy_value', 'NONE');
#1404 = SURFACE_STYLE_USAGE ( .BOTH. , #607 ) ;
#1405 = CARTESIAN_POINT ( 'NONE',  ( -0.2035000000000161680, -2.160000000000000142, 1.215792459942900194 ) ) ;
#1406 = EDGE_LOOP ( 'NONE', ( #386, #453, #1078, #700 ) ) ;
#1407 = DIRECTION ( 'NONE',  ( -0.7071067811864368835, 0.0000000000000000000, -0.7071067811866581510 ) ) ;
#1408 = VERTEX_POINT ( 'NONE', #43 ) ;
#1409 = ORIENTED_EDGE ( 'NONE', *, *, #566, .T. ) ;
#1410 = CARTESIAN_POINT ( 'NONE',  ( -1.413500000000004420, -14.85999999999999943, 1.064207540057080736 ) ) ;
#1411 = EDGE_LOOP ( 'NONE', ( #1135, #531, #1220, #1279 ) ) ;
#1412 = LINE ( 'NONE', #1443, #165 ) ;
#1413 = DIRECTION ( 'NONE',  ( -0.0000000000000000000, 1.000000000000000000, -0.0000000000000000000 ) ) ;
#1414 = MECHANICAL_DESIGN_GEOMETRIC_PRESENTATION_REPRESENTATION (  '', ( #1256 ), #1506 ) ;
#1415 = FILL_AREA_STYLE ('',( #791 ) ) ;
#1416 =( NAMED_UNIT ( * ) SI_UNIT ( $, .STERADIAN. ) SOLID_ANGLE_UNIT ( ) );
#1417 = SURFACE_STYLE_USAGE ( .BOTH. , #1255 ) ;
#1418 = FACE_OUTER_BOUND ( 'NONE', #209, .T. ) ;
#1419 = COLOUR_RGB ( '',0.7529411764705882248, 0.7529411764705882248, 0.7529411764705882248 ) ;
#1420 = FILL_AREA_STYLE_COLOUR ( '', #1455 ) ;
#1421 = EDGE_CURVE ( 'NONE', #707, #1651, #151, .T. ) ;
#1422 = CARTESIAN_POINT ( 'NONE',  ( -1.112055451908071868, -0.08264326896886485530, 2.887713327681097564 ) ) ;
#1423 = CIRCLE ( 'NONE', #1531, 2.228335884178125337 ) ;
#1424 = UNCERTAINTY_MEASURE_WITH_UNIT (LENGTH_MEASURE( 1.000000000000000082E-05 ), #1568, 'distance_accuracy_value', 'NONE');
#1425 = DIRECTION ( 'NONE',  ( -1.000000000000000000, 0.0000000000000000000, 0.0000000000000000000 ) ) ;
#1426 = EDGE_CURVE ( 'NONE', #969, #1146, #12, .T. ) ;
#1427 = PRESENTATION_LAYER_ASSIGNMENT (  '', '', ( #1271 ) ) ;
#1428 = ORIENTED_EDGE ( 'NONE', *, *, #72, .T. ) ;
#1429 = ORIENTED_EDGE ( 'NONE', *, *, #1426, .T. ) ;
#1430 = DIRECTION ( 'NONE',  ( 0.0000000000000000000, 0.0000000000000000000, -1.000000000000000000 ) ) ;
#1431 = AXIS2_PLACEMENT_3D ( 'NONE', #258, #278, #1175 ) ;
#1432 = DIRECTION ( 'NONE',  ( 1.000000000000000000, 0.0000000000000000000, -6.431193093781047711E-16 ) ) ;
#1433 = SURFACE_STYLE_FILL_AREA ( #1677 ) ;
#1434 = ORIENTED_EDGE ( 'NONE', *, *, #579, .F. ) ;
#1435 = DIRECTION ( 'NONE',  ( -0.0000000000000000000, 1.000000000000000000, -0.0000000000000000000 ) ) ;
#1436 = CARTESIAN_POINT ( 'NONE',  ( -1.125707540057079514, -14.85999999999999943, 0.9450000000000060574 ) ) ;
#1437 = EDGE_CURVE ( 'NONE', #1165, #1261, #903, .T. ) ;
#1438 = PRESENTATION_LAYER_ASSIGNMENT (  '', '', ( #959 ) ) ;
#1439 = SURFACE_STYLE_USAGE ( .BOTH. , #534 ) ;
#1440 = DIRECTION ( 'NONE',  ( -0.7071067811865501263, 0.0000000000000000000, 0.7071067811865450192 ) ) ;
#1441 = SURFACE_SIDE_STYLE ('',( #1097 ) ) ;
#1442 = COLOUR_RGB ( '',0.7529411764705882248, 0.7529411764705882248, 0.7529411764705882248 ) ;
#1443 = CARTESIAN_POINT ( 'NONE',  ( 1.715000000000000302, 2.160000000000000142, 0.0000000000000000000 ) ) ;
#1444 = PLANE ( 'NONE',  #7 ) ;
#1445 = SURFACE_STYLE_FILL_AREA ( #547 ) ;
#1446 = UNCERTAINTY_MEASURE_WITH_UNIT (LENGTH_MEASURE( 1.000000000000000082E-05 ), #224, 'distance_accuracy_value', 'NONE');
#1447 = CARTESIAN_POINT ( 'NONE',  ( 0.4589937787698483707, 2.085179279402165520, 3.133924046905447458 ) ) ;
#1448 = DIRECTION ( 'NONE',  ( -0.0000000000000000000, 1.000000000000000000, -0.0000000000000000000 ) ) ;
#1449 = CARTESIAN_POINT ( 'NONE',  ( -0.08429245994292892952, -2.160000000000000142, 0.9450000000000063904 ) ) ;
#1450 = PRESENTATION_LAYER_ASSIGNMENT (  '', '', ( #1291 ) ) ;
#1451 = VERTEX_POINT ( 'NONE', #1352 ) ;
#1452 = ORIENTED_EDGE ( 'NONE', *, *, #772, .F. ) ;
#1453 = LINE ( 'NONE', #1405, #751 ) ;
#1454 = EDGE_CURVE ( 'NONE', #1651, #926, #995, .T. ) ;
#1455 = COLOUR_RGB ( '',0.2509803921568627416, 0.2509803921568627416, 0.2509803921568627416 ) ;
#1456 = ORIENTED_EDGE ( 'NONE', *, *, #815, .T. ) ;
#1457 = FACE_OUTER_BOUND ( 'NONE', #404, .T. ) ;
#1458 = CARTESIAN_POINT ( 'NONE',  ( 0.0000000000000000000, 0.0000000000000000000, 0.0000000000000000000 ) ) ;
#1459 = DIRECTION ( 'NONE',  ( 0.0000000000000000000, -0.0000000000000000000, -1.000000000000000000 ) ) ;
#1460 = DIRECTION ( 'NONE',  ( -0.0000000000000000000, -1.000000000000000000, -0.0000000000000000000 ) ) ;
#1461 = VECTOR ( 'NONE', #1435, 1000.000000000000000 ) ;
#1462 = PRESENTATION_LAYER_ASSIGNMENT (  '', '', ( #1380 ) ) ;
#1463 = PRESENTATION_LAYER_ASSIGNMENT (  '', '', ( #1382 ) ) ;
#1464 = CARTESIAN_POINT ( 'NONE',  ( 0.2034999999999693165, -14.85999999999999943, 1.215792459942949932 ) ) ;
#1465 = PLANE ( 'NONE',  #1581 ) ;
#1466 = PLANE ( 'NONE',  #824 ) ;
#1467 = LINE ( 'NONE', #25, #546 ) ;
#1468 = ORIENTED_EDGE ( 'NONE', *, *, #998, .T. ) ;
#1469 = CARTESIAN_POINT ( 'NONE',  ( -1.125707540057079958, -14.85999999999999943, 1.335000000000006182 ) ) ;
#1470 = DIRECTION ( 'NONE',  ( -1.000000000000000000, 0.0000000000000000000, 0.0000000000000000000 ) ) ;
#1471 = COLOUR_RGB ( '',0.7529411764705882248, 0.7529411764705882248, 0.7529411764705882248 ) ;
#1472 = VERTEX_POINT ( 'NONE', #723 ) ;
#1473 = EDGE_CURVE ( 'NONE', #1651, #289, #497, .T. ) ;
#1474 = SURFACE_STYLE_FILL_AREA ( #108 ) ;
#1475 =( GEOMETRIC_REPRESENTATION_CONTEXT ( 3 ) GLOBAL_UNCERTAINTY_ASSIGNED_CONTEXT ( ( #1446 ) ) GLOBAL_UNIT_ASSIGNED_CONTEXT ( ( #224, #626, #1257 ) ) REPRESENTATION_CONTEXT ( 'NONE', 'WORKASPACE' ) );
#1476 = VECTOR ( 'NONE', #83, 1000.000000000000000 ) ;
#1477 =( NAMED_UNIT ( * ) PLANE_ANGLE_UNIT ( ) SI_UNIT ( $, .RADIAN. ) );
#1478 = CARTESIAN_POINT ( 'NONE',  ( 1.715000000000000302, 2.160000000000000142, 0.0000000000000000000 ) ) ;
#1479 = UNCERTAINTY_MEASURE_WITH_UNIT (LENGTH_MEASURE( 1.000000000000000082E-05 ), #502, 'distance_accuracy_value', 'NONE');
#1480 = CARTESIAN_POINT ( 'NONE',  ( -0.1870273439684243533, 2.150461978423220177, 3.174015186817221945 ) ) ;
#1481 = STYLED_ITEM ( 'NONE', ( #1348 ), #541 ) ;
#1482 = SURFACE_STYLE_FILL_AREA ( #756 ) ;
#1483 = SURFACE_SIDE_STYLE ('',( #1186 ) ) ;
#1484 = PLANE ( 'NONE',  #738 ) ;
#1485 =( NAMED_UNIT ( * ) SI_UNIT ( $, .STERADIAN. ) SOLID_ANGLE_UNIT ( ) );
#1486 = DIRECTION ( 'NONE',  ( -0.0000000000000000000, -1.000000000000000000, -0.0000000000000000000 ) ) ;
#1487 = PRESENTATION_STYLE_ASSIGNMENT (( #1138 ) ) ;
#1488 = VERTEX_POINT ( 'NONE', #828 ) ;
#1489 = ORIENTED_EDGE ( 'NONE', *, *, #1668, .F. ) ;
#1490 = CARTESIAN_POINT ( 'NONE',  ( 1.207933670225397771, 0.05853478992976302031, 2.826218331064341172 ) ) ;
#1491 = ORIENTED_EDGE ( 'NONE', *, *, #554, .F. ) ;
#1492 = PRESENTATION_STYLE_ASSIGNMENT (( #61 ) ) ;
#1493 = STYLED_ITEM ( 'NONE', ( #1492 ), #260 ) ;
#1494 = ORIENTED_EDGE ( 'NONE', *, *, #703, .F. ) ;
#1495 = LINE ( 'NONE', #343, #569 ) ;
#1496 = EDGE_CURVE ( 'NONE', #1169, #1472, #438, .T. ) ;
#1497 = STYLED_ITEM ( 'NONE', ( #605 ), #1286 ) ;
#1498 = LINE ( 'NONE', #711, #913 ) ;
#1499 = SURFACE_SIDE_STYLE ('',( #1445 ) ) ;
#1500 = FILL_AREA_STYLE_COLOUR ( '', #1087 ) ;
#1501 = FILL_AREA_STYLE_COLOUR ( '', #1663 ) ;
#1502 = VECTOR ( 'NONE', #141, 1000.000000000000000 ) ;
#1503 = CARTESIAN_POINT ( 'NONE',  ( 0.8565844041545316312, -0.3390006197357070539, 3.013539600599945079 ) ) ;
#1504 = FILL_AREA_STYLE_COLOUR ( '', #1034 ) ;
#1505 = CARTESIAN_POINT ( 'NONE',  ( -1.125707540057079958, -14.85999999999999943, 1.335000000000006182 ) ) ;
#1506 =( GEOMETRIC_REPRESENTATION_CONTEXT ( 3 ) GLOBAL_UNCERTAINTY_ASSIGNED_CONTEXT ( ( #150 ) ) GLOBAL_UNIT_ASSIGNED_CONTEXT ( ( #1522, #858, #211 ) ) REPRESENTATION_CONTEXT ( 'NONE', 'WORKASPACE' ) );
#1507 = SURFACE_SIDE_STYLE ('',( #1628 ) ) ;
#1508 = CARTESIAN_POINT ( 'NONE',  ( 0.9289700450190006009, -2.160000000000000142, 1.030461330706115675 ) ) ;
#1509 = VECTOR ( 'NONE', #1388, 1000.000000000000114 ) ;
#1510 =( NAMED_UNIT ( * ) PLANE_ANGLE_UNIT ( ) SI_UNIT ( $, .RADIAN. ) );
#1511 = ORIENTED_EDGE ( 'NONE', *, *, #1200, .F. ) ;
#1512 = ORIENTED_EDGE ( 'NONE', *, *, #733, .F. ) ;
#1513 = ORIENTED_EDGE ( 'NONE', *, *, #815, .F. ) ;
#1514 = ORIENTED_EDGE ( 'NONE', *, *, #920, .T. ) ;
#1515 = EDGE_LOOP ( 'NONE', ( #1303, #766, #1262, #491 ) ) ;
#1516 = ORIENTED_EDGE ( 'NONE', *, *, #954, .T. ) ;
#1517 =( NAMED_UNIT ( * ) SI_UNIT ( $, .STERADIAN. ) SOLID_ANGLE_UNIT ( ) );
#1518 = EDGE_LOOP ( 'NONE', ( #1358, #743, #1639, #1653 ) ) ;
#1519 = EDGE_CURVE ( 'NONE', #1672, #1074, #805, .T. ) ;
#1520 = PRESENTATION_STYLE_ASSIGNMENT (( #1296 ) ) ;
#1521 = MECHANICAL_DESIGN_GEOMETRIC_PRESENTATION_REPRESENTATION (  '', ( #1271 ), #1606 ) ;
#1522 =( LENGTH_UNIT ( ) NAMED_UNIT ( * ) SI_UNIT ( .MILLI., .METRE. ) );
#1523 = LINE ( 'NONE', #1072, #1400 ) ;
#1524 =( NAMED_UNIT ( * ) PLANE_ANGLE_UNIT ( ) SI_UNIT ( $, .RADIAN. ) );
#1525 = DIRECTION ( 'NONE',  ( 0.7071067811866034170, 0.0000000000000000000, -0.7071067811864915065 ) ) ;
#1526 = EDGE_CURVE ( 'NONE', #1221, #1675, #1247, .T. ) ;
#1527 = EDGE_CURVE ( 'NONE', #593, #990, #971, .T. ) ;
#1528 = LINE ( 'NONE', #662, #1549 ) ;
#1529 = MECHANICAL_DESIGN_GEOMETRIC_PRESENTATION_REPRESENTATION (  '', ( #959 ), #1615 ) ;
#1530 = SURFACE_STYLE_USAGE ( .BOTH. , #175 ) ;
#1531 = AXIS2_PLACEMENT_3D ( 'NONE', #496, #1017, #1059 ) ;
#1532 = PRESENTATION_STYLE_ASSIGNMENT (( #53 ) ) ;
#1533 = UNCERTAINTY_MEASURE_WITH_UNIT (LENGTH_MEASURE( 1.000000000000000082E-05 ), #365, 'distance_accuracy_value', 'NONE');
#1534 = CARTESIAN_POINT ( 'NONE',  ( 1.125707540057070855, -2.160000000000000142, 1.335000000000005071 ) ) ;
#1535 = ORIENTED_EDGE ( 'NONE', *, *, #1437, .F. ) ;
#1536 = ORIENTED_EDGE ( 'NONE', *, *, #932, .F. ) ;
#1537 = EDGE_LOOP ( 'NONE', ( #1219, #10, #904, #1456 ) ) ;
#1538 = DIRECTION ( 'NONE',  ( 1.000000000000000000, 0.0000000000000000000, 6.431193093781179845E-16 ) ) ;
#1539 = SURFACE_STYLE_USAGE ( .BOTH. , #56 ) ;
#1540 = ORIENTED_EDGE ( 'NONE', *, *, #88, .T. ) ;
#1541 = CARTESIAN_POINT ( 'NONE',  ( 1.006499999999995509, -14.85999999999999943, 1.064207540057080736 ) ) ;
#1542 = MECHANICAL_DESIGN_GEOMETRIC_PRESENTATION_REPRESENTATION (  '', ( #1291 ), #1629 ) ;
#1543 = SURFACE_SIDE_STYLE ('',( #160 ) ) ;
#1544 = SURFACE_SIDE_STYLE ('',( #610 ) ) ;
#1545 = CARTESIAN_POINT ( 'NONE',  ( 0.0000000000000000000, -14.85999999999999943, 0.0000000000000000000 ) ) ;
#1546 = CARTESIAN_POINT ( 'NONE',  ( -0.08429245994297056288, -2.160000000000000142, 1.334999999999983089 ) ) ;
#1547 = CARTESIAN_POINT ( 'NONE',  ( 0.08429245994287862254, -14.85999999999999943, 1.335000000000006182 ) ) ;
#1548 = MECHANICAL_DESIGN_GEOMETRIC_PRESENTATION_REPRESENTATION (  '', ( #1380 ), #1638 ) ;
#1549 = VECTOR ( 'NONE', #420, 1000.000000000000114 ) ;
#1550 = CARTESIAN_POINT ( 'NONE',  ( -0.2035000000000161680, -14.85999999999999943, 1.215792459942900194 ) ) ;
#1551 = MECHANICAL_DESIGN_GEOMETRIC_PRESENTATION_REPRESENTATION (  '', ( #1382 ), #1641 ) ;
#1552 = ORIENTED_EDGE ( 'NONE', *, *, #877, .F. ) ;
#1553 = ADVANCED_BREP_SHAPE_REPRESENTATION ( '2N3906BU', ( #63, #1330, #487, #291, #787 ), #101 ) ;
#1554 = ADVANCED_FACE ( 'NONE', ( #729 ), #1346, .F. ) ;
#1555 = VERTEX_POINT ( 'NONE', #1201 ) ;
#1556 = ORIENTED_EDGE ( 'NONE', *, *, #379, .T. ) ;
#1557 = DIRECTION ( 'NONE',  ( 0.7071067811865442421, 0.0000000000000000000, 0.7071067811865507924 ) ) ;
#1558 = ORIENTED_EDGE ( 'NONE', *, *, #1258, .F. ) ;
#1559 = ADVANCED_FACE ( 'NONE', ( #1560 ), #1484, .T. ) ;
#1560 = FACE_OUTER_BOUND ( 'NONE', #831, .T. ) ;
#1561 = PLANE ( 'NONE',  #1431 ) ;
#1562 =( NAMED_UNIT ( * ) PLANE_ANGLE_UNIT ( ) SI_UNIT ( $, .RADIAN. ) );
#1563 = CARTESIAN_POINT ( 'NONE',  ( 0.08429245994287862254, -14.85999999999999943, 1.335000000000006182 ) ) ;
#1564 = FILL_AREA_STYLE_COLOUR ( '', #1659 ) ;
#1565 = DIRECTION ( 'NONE',  ( 0.7071067811865479058, 0.0000000000000000000, 0.7071067811865472397 ) ) ;
#1566 = LINE ( 'NONE', #296, #1011 ) ;
#1567 = FILL_AREA_STYLE ('',( #307 ) ) ;
#1568 =( LENGTH_UNIT ( ) NAMED_UNIT ( * ) SI_UNIT ( .MILLI., .METRE. ) );
#1569 = COLOUR_RGB ( '',0.7921568627450980005, 0.8196078431372548767, 0.9333333333333333481 ) ;
#1570 = PRESENTATION_LAYER_ASSIGNMENT (  '', '', ( #1481 ) ) ;
#1571 = ORIENTED_EDGE ( 'NONE', *, *, #77, .F. ) ;
#1572 = DIRECTION ( 'NONE',  ( -6.431193093781179845E-16, 0.0000000000000000000, 1.000000000000000000 ) ) ;
#1573 = ADVANCED_FACE ( 'NONE', ( #1457 ), #627, .F. ) ;
#1574 = VECTOR ( 'NONE', #1202, 1000.000000000000000 ) ;
#1575 = ORIENTED_EDGE ( 'NONE', *, *, #396, .T. ) ;
#1576 =( NAMED_UNIT ( * ) PLANE_ANGLE_UNIT ( ) SI_UNIT ( $, .RADIAN. ) );
#1577 = CARTESIAN_POINT ( 'NONE',  ( 0.0000000000000000000, -2.160000000000000142, 0.0000000000000000000 ) ) ;
#1578 = CARTESIAN_POINT ( 'NONE',  ( -1.006500000000004613, -2.160000000000000142, 1.215792459942931725 ) ) ;
#1579 = VECTOR ( 'NONE', #16, 1000.000000000000000 ) ;
#1580 = CARTESIAN_POINT ( 'NONE',  ( 2.220362674755354870, 2.160000000000000142, 1.139999999999999236 ) ) ;
#1581 = AXIS2_PLACEMENT_3D ( 'NONE', #628, #41, #24 ) ;
#1582 = DIRECTION ( 'NONE',  ( 1.000000000000000000, 0.0000000000000000000, 0.0000000000000000000 ) ) ;
#1583 = UNCERTAINTY_MEASURE_WITH_UNIT (LENGTH_MEASURE( 1.000000000000000082E-05 ), #809, 'distance_accuracy_value', 'NONE');
#1584 = EDGE_CURVE ( 'NONE', #510, #429, #621, .T. ) ;
#1585 = AXIS2_PLACEMENT_3D ( 'NONE', #1545, #677, #1157 ) ;
#1586 = FACE_OUTER_BOUND ( 'NONE', #1537, .T. ) ;
#1587 =( NAMED_UNIT ( * ) PLANE_ANGLE_UNIT ( ) SI_UNIT ( $, .RADIAN. ) );
#1588 = COLOUR_RGB ( '',0.7529411764705882248, 0.7529411764705882248, 0.7529411764705882248 ) ;
#1589 = VECTOR ( 'NONE', #613, 1000.000000000000000 ) ;
#1590 =( NAMED_UNIT ( * ) PLANE_ANGLE_UNIT ( ) SI_UNIT ( $, .RADIAN. ) );
#1591 = DIRECTION ( 'NONE',  ( -0.0000000000000000000, 1.000000000000000000, -0.0000000000000000000 ) ) ;
#1592 = ORIENTED_EDGE ( 'NONE', *, *, #1258, .T. ) ;
#1593 = ORIENTED_EDGE ( 'NONE', *, *, #262, .F. ) ;
#1594 = ORIENTED_EDGE ( 'NONE', *, *, #1039, .T. ) ;
#1595 = ORIENTED_EDGE ( 'NONE', *, *, #1614, .F. ) ;
#1596 = EDGE_LOOP ( 'NONE', ( #684, #1191, #928, #1391 ) ) ;
#1597 = EDGE_CURVE ( 'NONE', #1018, #1392, #195, .T. ) ;
#1598 = FILL_AREA_STYLE ('',( #972 ) ) ;
#1599 = ORIENTED_EDGE ( 'NONE', *, *, #1339, .F. ) ;
#1600 =( LENGTH_UNIT ( ) NAMED_UNIT ( * ) SI_UNIT ( .MILLI., .METRE. ) );
#1601 = FACE_OUTER_BOUND ( 'NONE', #29, .T. ) ;
#1602 = DIRECTION ( 'NONE',  ( 1.000000000000000000, 0.0000000000000000000, -6.431193093781047711E-16 ) ) ;
#1603 = LINE ( 'NONE', #1237, #620 ) ;
#1604 = EDGE_CURVE ( 'NONE', #1616, #1555, #668, .T. ) ;
#1605 = CARTESIAN_POINT ( 'NONE',  ( -1.006500000000004613, -14.85999999999999943, 1.215792459942931725 ) ) ;
#1606 =( GEOMETRIC_REPRESENTATION_CONTEXT ( 3 ) GLOBAL_UNCERTAINTY_ASSIGNED_CONTEXT ( ( #1360 ) ) GLOBAL_UNIT_ASSIGNED_CONTEXT ( ( #1654, #875, #1416 ) ) REPRESENTATION_CONTEXT ( 'NONE', 'WORKASPACE' ) );
#1607 = UNCERTAINTY_MEASURE_WITH_UNIT (LENGTH_MEASURE( 1.000000000000000082E-05 ), #1179, 'distance_accuracy_value', 'NONE');
#1608 = AXIS2_PLACEMENT_3D ( 'NONE', #917, #1052, #1060 ) ;
#1609 = DIRECTION ( 'NONE',  ( -0.0000000000000000000, 1.000000000000000000, -0.0000000000000000000 ) ) ;
#1610 = ADVANCED_FACE ( 'NONE', ( #299 ), #1561, .T. ) ;
#1611 = SURFACE_STYLE_USAGE ( .BOTH. , #1194 ) ;
#1612 = VECTOR ( 'NONE', #1619, 1000.000000000000000 ) ;
#1613 = ORIENTED_EDGE ( 'NONE', *, *, #375, .T. ) ;
#1614 = EDGE_CURVE ( 'NONE', #593, #232, #322, .T. ) ;
#1615 =( GEOMETRIC_REPRESENTATION_CONTEXT ( 3 ) GLOBAL_UNCERTAINTY_ASSIGNED_CONTEXT ( ( #125 ) ) GLOBAL_UNIT_ASSIGNED_CONTEXT ( ( #1310, #1562, #1082 ) ) REPRESENTATION_CONTEXT ( 'NONE', 'WORKASPACE' ) );
#1616 = VERTEX_POINT ( 'NONE', #781 ) ;
#1617 = ADVANCED_FACE ( 'NONE', ( #297 ), #1444, .F. ) ;
#1618 = AXIS2_PLACEMENT_3D ( 'NONE', #305, #625, #901 ) ;
#1619 = DIRECTION ( 'NONE',  ( -0.0000000000000000000, 1.000000000000000000, -0.0000000000000000000 ) ) ;
#1620 = CARTESIAN_POINT ( 'NONE',  ( -0.7150698926098326691, -0.4361071655179610818, 3.069369971441618272 ) ) ;
#1621 = CARTESIAN_POINT ( 'NONE',  ( -1.125707540057079514, -14.85999999999999943, 0.9450000000000060574 ) ) ;
#1622 = PRESENTATION_STYLE_ASSIGNMENT (( #1664 ) ) ;
#1623 = DIRECTION ( 'NONE',  ( -0.7071067811865493491, 0.0000000000000000000, -0.7071067811865456854 ) ) ;
#1624 = CARTESIAN_POINT ( 'NONE',  ( 0.1898559320578338261, 2.150102792501551452, 3.173790548551171042 ) ) ;
#1625 = FILL_AREA_STYLE_COLOUR ( '', #698 ) ;
#1626 = CARTESIAN_POINT ( 'NONE',  ( -0.2035000000000161680, -14.85999999999999943, 1.215792459942900194 ) ) ;
#1627 = UNCERTAINTY_MEASURE_WITH_UNIT (LENGTH_MEASURE( 1.000000000000000082E-05 ), #968, 'distance_accuracy_value', 'NONE');
#1628 = SURFACE_STYLE_FILL_AREA ( #567 ) ;
#1629 =( GEOMETRIC_REPRESENTATION_CONTEXT ( 3 ) GLOBAL_UNCERTAINTY_ASSIGNED_CONTEXT ( ( #1479 ) ) GLOBAL_UNIT_ASSIGNED_CONTEXT ( ( #502, #572, #1276 ) ) REPRESENTATION_CONTEXT ( 'NONE', 'WORKASPACE' ) );
#1630 = DIRECTION ( 'NONE',  ( 1.000000000000000000, 0.0000000000000000000, -6.431193093781047711E-16 ) ) ;
#1631 =( NAMED_UNIT ( * ) SI_UNIT ( $, .STERADIAN. ) SOLID_ANGLE_UNIT ( ) );
#1632 = SURFACE_STYLE_FILL_AREA ( #1662 ) ;
#1633 = STYLED_ITEM ( 'NONE', ( #335 ), #37 ) ;
#1634 = LINE ( 'NONE', #1505, #250 ) ;
#1635 = VECTOR ( 'NONE', #1430, 1000.000000000000000 ) ;
#1636 = CARTESIAN_POINT ( 'NONE',  ( -0.005095276585523205587, -0.6199906611760089836, 3.179994174604107826 ) ) ;
#1637 = ORIENTED_EDGE ( 'NONE', *, *, #932, .T. ) ;
#1638 =( GEOMETRIC_REPRESENTATION_CONTEXT ( 3 ) GLOBAL_UNCERTAINTY_ASSIGNED_CONTEXT ( ( #1678 ) ) GLOBAL_UNIT_ASSIGNED_CONTEXT ( ( #603, #1347, #629 ) ) REPRESENTATION_CONTEXT ( 'NONE', 'WORKASPACE' ) );
#1639 = ORIENTED_EDGE ( 'NONE', *, *, #187, .F. ) ;
#1640 = LINE ( 'NONE', #123, #1320 ) ;
#1641 =( GEOMETRIC_REPRESENTATION_CONTEXT ( 3 ) GLOBAL_UNCERTAINTY_ASSIGNED_CONTEXT ( ( #747 ) ) GLOBAL_UNIT_ASSIGNED_CONTEXT ( ( #817, #303, #849 ) ) REPRESENTATION_CONTEXT ( 'NONE', 'WORKASPACE' ) );
#1642 = LINE ( 'NONE', #910, #1327 ) ;
#1643 = DIRECTION ( 'NONE',  ( 0.0000000000000000000, -1.000000000000000000, 0.0000000000000000000 ) ) ;
#1644 = EDGE_CURVE ( 'NONE', #822, #52, #1523, .T. ) ;
#1645 = UNCERTAINTY_MEASURE_WITH_UNIT (LENGTH_MEASURE( 1.000000000000000082E-05 ), #1600, 'distance_accuracy_value', 'NONE');
#1646 = CARTESIAN_POINT ( 'NONE',  ( -1.294292459942929074, -2.160000000000000142, 1.335000000000006182 ) ) ;
#1647 = STYLED_ITEM ( 'NONE', ( #594 ), #942 ) ;
#1648 = LINE ( 'NONE', #129, #1273 ) ;
#1649 = LINE ( 'NONE', #1099, #1314 ) ;
#1650 = SURFACE_STYLE_USAGE ( .BOTH. , #939 ) ;
#1651 = VERTEX_POINT ( 'NONE', #1212 ) ;
#1652 = CARTESIAN_POINT ( 'NONE',  ( 0.08429245994291678645, -14.85999999999999943, 0.9450000000000065015 ) ) ;
#1653 = ORIENTED_EDGE ( 'NONE', *, *, #1437, .T. ) ;
#1654 =( LENGTH_UNIT ( ) NAMED_UNIT ( * ) SI_UNIT ( .MILLI., .METRE. ) );
#1655 = MECHANICAL_DESIGN_GEOMETRIC_PRESENTATION_REPRESENTATION (  '', ( #1481 ), #58 ) ;
#1656 = VECTOR ( 'NONE', #940, 1000.000000000000000 ) ;
#1657 = CARTESIAN_POINT ( 'NONE',  ( -1.413500000000004420, -14.85999999999999943, 1.215792459942931503 ) ) ;
#1658 = LINE ( 'NONE', #1153, #617 ) ;
#1659 = COLOUR_RGB ( '',0.7529411764705882248, 0.7529411764705882248, 0.7529411764705882248 ) ;
#1660 = DIRECTION ( 'NONE',  ( -0.7071067811865452413, 0.0000000000000000000, 0.7071067811865497932 ) ) ;
#1661 =( LENGTH_UNIT ( ) NAMED_UNIT ( * ) SI_UNIT ( .MILLI., .METRE. ) );
#1662 = FILL_AREA_STYLE ('',( #1293 ) ) ;
#1663 = COLOUR_RGB ( '',0.2509803921568627416, 0.2509803921568627416, 0.2509803921568627416 ) ;
#1664 = SURFACE_STYLE_USAGE ( .BOTH. , #1383 ) ;
#1666 = EDGE_CURVE ( 'NONE', #687, #1672, #521, .T. ) ;
#1665 = PRESENTATION_LAYER_ASSIGNMENT (  '', '', ( #1493 ) ) ;
#1667 = CARTESIAN_POINT ( 'NONE',  ( 1.294292459942919971, -14.85999999999999943, 1.335000000000005071 ) ) ;
#1668 = EDGE_CURVE ( 'NONE', #588, #1488, #395, .T. ) ;
#1669 = PRESENTATION_LAYER_ASSIGNMENT (  '', '', ( #1497 ) ) ;
#1670 = CARTESIAN_POINT ( 'NONE',  ( -0.8595711841486364246, 1.876488773990414805, 3.012216486856899689 ) ) ;
#1671 = COLOUR_RGB ( '',0.7529411764705882248, 0.7529411764705882248, 0.7529411764705882248 ) ;
#1672 = VERTEX_POINT ( 'NONE', #789 ) ;
#1673 = VERTEX_POINT ( 'NONE', #35 ) ;
#1674 = EDGE_CURVE ( 'NONE', #136, #1226, #1061, .T. ) ;
#1675 = VERTEX_POINT ( 'NONE', #535 ) ;
#1676 = DIRECTION ( 'NONE',  ( -0.0000000000000000000, 1.000000000000000000, -0.0000000000000000000 ) ) ;
#1677 = FILL_AREA_STYLE ('',( #338 ) ) ;
#1678 = UNCERTAINTY_MEASURE_WITH_UNIT (LENGTH_MEASURE( 1.000000000000000082E-05 ), #603, 'distance_accuracy_value', 'NONE');
#1679 = STYLED_ITEM ( 'NONE', ( #694 ), #816 ) ;
#1680 = FILL_AREA_STYLE ('',( #1144 ) ) ;
#1681 =( LENGTH_UNIT ( ) NAMED_UNIT ( * ) SI_UNIT ( .MILLI., .METRE. ) );
#1682 = LINE ( 'NONE', #1197, #1502 ) ;
#1683 = EDGE_CURVE ( 'NONE', #987, #1226, #1682, .T. ) ;
ENDSEC;
END-ISO-10303-21;
