

Microchip MPLAB XC8 Assembler V3.10 build 20250813170317 
                                                                                               Sat May 23 16:30:02 2026

Microchip MPLAB XC8 C Compiler v3.10 (Free license) build 20250813170317 Og1 
     1                           	processor	18LF25K22
     2                           	fnconf	rparam,??,?,0
     3                           	pagewidth 120
     4                           	opt	flic
     5                           	psect	idataBANK0,global,class=CODE,space=0,delta=1,noexec
     6                           	psect	smallconst,global,reloc=2,class=SMALLCONST,space=0,delta=1,noexec
     7                           	psect	cinit,global,reloc=2,class=CODE,space=0,delta=1
     8                           	psect	bssCOMRAM,global,class=COMRAM,space=1,delta=1,lowdata,noexec
     9                           	psect	bssBANK0,global,class=BANK0,space=1,delta=1,lowdata,noexec
    10                           	psect	dataBANK0,global,class=BANK0,space=1,delta=1,lowdata,noexec
    11                           	psect	cstackBANK0,global,class=BANK0,space=1,delta=1,lowdata,noexec
    12                           	psect	cstackCOMRAM,global,class=COMRAM,space=1,delta=1,lowdata,noexec
    13                           	psect	text0,global,reloc=2,class=CODE,space=0,delta=1
    14                           	psect	text1,global,reloc=2,class=CODE,space=0,delta=1
    15                           	psect	text2,global,reloc=2,class=CODE,space=0,delta=1
    16                           	psect	text3,global,reloc=2,class=CODE,space=0,delta=1
    17                           	psect	text4,global,reloc=2,class=CODE,space=0,delta=1
    18                           	psect	text5,global,reloc=2,class=CODE,space=0,delta=1
    19                           	psect	text6,global,reloc=2,class=CODE,space=0,delta=1
    20                           	psect	text7,global,reloc=2,class=CODE,space=0,delta=1
    21                           	psect	text8,global,reloc=2,class=CODE,space=0,delta=1
    22                           	psect	text9,global,reloc=2,class=CODE,space=0,delta=1
    23                           	psect	text10,global,reloc=2,class=CODE,space=0,delta=1
    24                           	psect	text11,global,reloc=2,class=CODE,space=0,delta=1
    25                           	psect	text12,global,reloc=2,class=CODE,space=0,delta=1
    26                           	psect	text13,global,reloc=2,class=CODE,space=0,delta=1,group=1
    27                           	psect	text14,global,reloc=2,class=CODE,space=0,delta=1
    28                           	psect	text15,global,reloc=2,class=CODE,space=0,delta=1,group=1
    29                           	psect	text16,global,reloc=2,class=CODE,space=0,delta=1,group=1
    30                           	psect	text17,global,reloc=2,class=CODE,space=0,delta=1
    31                           	psect	text18,global,reloc=2,class=CODE,space=0,delta=1
    32                           	psect	text19,global,reloc=2,class=CODE,space=0,delta=1
    33                           	psect	text20,global,reloc=2,class=CODE,space=0,delta=1
    34                           	psect	text21,global,reloc=2,class=CODE,space=0,delta=1
    35                           	psect	text22,global,reloc=2,class=CODE,space=0,delta=1
    36                           	psect	text23,global,reloc=2,class=CODE,space=0,delta=1
    37                           	psect	text24,global,reloc=2,class=CODE,space=0,delta=1,group=1
    38                           	psect	text25,global,reloc=2,class=CODE,space=0,delta=1,group=1
    39                           	psect	text26,global,reloc=2,class=CODE,space=0,delta=1
    40                           	psect	text27,global,reloc=2,class=CODE,space=0,delta=1,group=1
    41                           	psect	text28,global,reloc=2,class=CODE,space=0,delta=1,group=1
    42                           	psect	text29,global,reloc=2,class=CODE,space=0,delta=1
    43                           	psect	text30,global,reloc=2,class=CODE,space=0,delta=1
    44                           	psect	text31,global,reloc=2,class=CODE,space=0,delta=1
    45                           	psect	text32,global,reloc=2,class=CODE,space=0,delta=1
    46                           	psect	text33,global,reloc=2,class=CODE,space=0,delta=1
    47                           	psect	text34,global,reloc=2,class=CODE,space=0,delta=1
    48                           	psect	text35,global,reloc=2,class=CODE,space=0,delta=1
    49                           	psect	text36,global,reloc=2,class=CODE,space=0,delta=1
    50                           	psect	text37,global,reloc=2,class=CODE,space=0,delta=1
    51                           	psect	text38,global,reloc=2,class=CODE,space=0,delta=1
    52                           	psect	text39,global,reloc=2,class=CODE,space=0,delta=1
    53                           	psect	text40,global,reloc=2,class=CODE,space=0,delta=1,group=1
    54                           	psect	text41,global,reloc=2,class=CODE,space=0,delta=1,group=1
    55                           	psect	text42,global,reloc=2,class=CODE,space=0,delta=1,group=1
    56                           	psect	text43,global,reloc=2,class=CODE,space=0,delta=1,group=1
    57                           	psect	text44,global,reloc=2,class=CODE,space=0,delta=1,group=1
    58                           	psect	text45,global,reloc=2,class=CODE,space=0,delta=1
    59                           	psect	text46,global,reloc=2,class=CODE,space=0,delta=1
    60                           	psect	text47,global,reloc=2,class=CODE,space=0,delta=1
    61                           	psect	text48,global,reloc=2,class=CODE,space=0,delta=1
    62                           	psect	text49,global,reloc=2,class=CODE,space=0,delta=1
    63                           	psect	text50,global,reloc=2,class=CODE,space=0,delta=1
    64                           	psect	text51,global,reloc=2,class=CODE,space=0,delta=1
    65                           	psect	text52,global,reloc=2,class=CODE,space=0,delta=1
    66                           	psect	text53,global,reloc=2,class=CODE,space=0,delta=1
    67                           	psect	text54,global,reloc=2,class=CODE,space=0,delta=1
    68                           	psect	text55,global,reloc=2,class=CODE,space=0,delta=1
    69                           	psect	text56,global,reloc=2,class=CODE,space=0,delta=1
    70                           	psect	text57,global,reloc=2,class=CODE,space=0,delta=1
    71                           	psect	text58,global,reloc=2,class=CODE,space=0,delta=1
    72                           	psect	text59,global,reloc=2,class=CODE,space=0,delta=1
    73                           	psect	text60,global,reloc=2,class=CODE,space=0,delta=1
    74                           	psect	text61,global,reloc=2,class=CODE,space=0,delta=1
    75                           	psect	text62,global,reloc=2,class=CODE,space=0,delta=1
    76                           	psect	text63,global,reloc=2,class=CODE,space=0,delta=1
    77                           	psect	text64,global,reloc=2,class=CODE,space=0,delta=1
    78                           	psect	text65,global,reloc=2,class=CODE,space=0,delta=1
    79                           	psect	text66,global,reloc=2,class=CODE,space=0,delta=1
    80                           	psect	text67,global,reloc=2,class=CODE,space=0,delta=1
    81                           	psect	intcode,global,reloc=2,class=CODE,space=0,delta=1
    82                           	psect	text69,global,reloc=2,class=CODE,space=0,delta=1
    83                           	psect	intsave_regs,global,class=BIGRAM,space=1,delta=1,noexec
    84                           	psect	rparam,global,class=COMRAM,space=1,delta=1,noexec
    85                           	psect	config,global,abs,ovrld,class=CONFIG,space=4,delta=1,noexec
    86                           	dabs	1,0x1,1
    87   000000                     
    88                           ; Generated 24/03/2025 GMT
    89                           ; 
    90                           ; Copyright © 2025, Microchip Technology Inc. and its subsidiaries ("Microchip")
    91                           ; All rights reserved.
    92                           ; 
    93                           ; This software is developed by Microchip Technology Inc. and its subsidiaries ("Microch
      +                          ip").
    94                           ; 
    95                           ; Redistribution and use in source and binary forms, with or without modification, are
    96                           ; permitted provided that the following conditions are met:
    97                           ; 
    98                           ;     1. Redistributions of source code must retain the above copyright notice, this lis
      +                          t of
    99                           ;        conditions and the following disclaimer.
   100                           ; 
   101                           ;     2. Redistributions in binary form must reproduce the above copyright notice, this 
      +                          list
   102                           ;        of conditions and the following disclaimer in the documentation and/or other
   103                           ;        materials provided with the distribution. Publication is not required when
   104                           ;        this file is used in an embedded application.
   105                           ; 
   106                           ;     3. Microchip's name may not be used to endorse or promote products derived from th
      +                          is
   107                           ;        software without specific prior written permission.
   108                           ; 
   109                           ; THIS SOFTWARE IS PROVIDED BY MICROCHIP "AS IS" AND ANY EXPRESS OR IMPLIED WARRANTIES,
   110                           ; INCLUDING, BUT NOT LIMITED TO, THE IMPLIED WARRANTIES OF MERCHANTABILITY AND FITNESS F
      +                          OR
   111                           ; PURPOSE ARE DISCLAIMED.  IN NO EVENT SHALL MICROCHIP BE LIABLE FOR ANY DIRECT, INDIREC
      +                          T,
   112                           ; INCIDENTAL, SPECIAL, EXEMPLARY, OR CONSEQUENTIAL DAMAGES (INCLUDING BUT NOT LIMITED TO
   113                           ; PROCUREMENT OF SUBSTITUTE GOODS OR SERVICES; LOSS OF USE, DATA OR PROFITS; OR BUSINESS
   114                           ; INTERRUPTION) HOWSOEVER CAUSED AND ON ANY THEORY OF LIABILITY, WHETHER IN CONTRACT, ST
      +                          RICT
   115                           ; LIABILITY, OR TORT (INCLUDING NEGLIGENCE OR OTHERWISE) ARISING IN ANY WAY OUT OF THE U
      +                          SE OF
   116                           ; THIS SOFTWARE, EVEN IF ADVISED OF THE POSSIBILITY OF SUCH DAMAGE.
   117                           ; 
   118                           ; 
   119                           ; Code-generator required, PIC18LF25K22 Definitions
   120                           ; 
   121                           ; SFR Addresses
   122   000FE0                     bsr             equ	4064
   123   000FE9                     fsr0            equ	4073
   124   000FEA                     fsr0h           equ	4074
   125   000FE9                     fsr0l           equ	4073
   126   000FE1                     fsr1            equ	4065
   127   000FE2                     fsr1h           equ	4066
   128   000FE1                     fsr1l           equ	4065
   129   000FD9                     fsr2            equ	4057
   130   000FDA                     fsr2h           equ	4058
   131   000FD9                     fsr2l           equ	4057
   132   000FEF                     indf0           equ	4079
   133   000FE7                     indf1           equ	4071
   134   000FDF                     indf2           equ	4063
   135   000FF2                     intcon          equ	4082
   136   000000                     nvmcon          equ	0
   137   000FF9                     pcl             equ	4089
   138   000FFA                     pclath          equ	4090
   139   000FFB                     pclatu          equ	4091
   140   000FEB                     plusw0          equ	4075
   141   000FE3                     plusw1          equ	4067
   142   000FDB                     plusw2          equ	4059
   143   000FED                     postdec0        equ	4077
   144   000FE5                     postdec1        equ	4069
   145   000FDD                     postdec2        equ	4061
   146   000FEE                     postinc0        equ	4078
   147   000FE6                     postinc1        equ	4070
   148   000FDE                     postinc2        equ	4062
   149   000FEC                     preinc0         equ	4076
   150   000FE4                     preinc1         equ	4068
   151   000FDC                     preinc2         equ	4060
   152   000FF3                     prod            equ	4083
   153   000FF4                     prodh           equ	4084
   154   000FF3                     prodl           equ	4083
   155   000FD8                     status          equ	4056
   156   000FF5                     tablat          equ	4085
   157   000FF6                     tblptr          equ	4086
   158   000FF7                     tblptrh         equ	4087
   159   000FF6                     tblptrl         equ	4086
   160   000FF8                     tblptru         equ	4088
   161   000FFD                     tosl            equ	4093
   162   000FE8                     wreg            equ	4072
   163   000F38                     ANSELA          equ	3896	;# 
   164   000F39                     ANSELB          equ	3897	;# 
   165   000F3A                     ANSELC          equ	3898	;# 
   166   000F3D                     PMD2            equ	3901	;# 
   167   000F3E                     PMD1            equ	3902	;# 
   168   000F3F                     PMD0            equ	3903	;# 
   169   000F40                     VREFCON2        equ	3904	;# 
   170   000F40                     DACCON1         equ	3904	;# 
   171   000F41                     VREFCON1        equ	3905	;# 
   172   000F41                     DACCON0         equ	3905	;# 
   173   000F42                     VREFCON0        equ	3906	;# 
   174   000F42                     FVRCON          equ	3906	;# 
   175   000F43                     CTMUICON        equ	3907	;# 
   176   000F43                     CTMUICONH       equ	3907	;# 
   177   000F44                     CTMUCONL        equ	3908	;# 
   178   000F44                     CTMUCON1        equ	3908	;# 
   179   000F45                     CTMUCONH        equ	3909	;# 
   180   000F45                     CTMUCON0        equ	3909	;# 
   181   000F46                     SRCON1          equ	3910	;# 
   182   000F47                     SRCON0          equ	3911	;# 
   183   000F48                     CCPTMRS1        equ	3912	;# 
   184   000F49                     CCPTMRS0        equ	3913	;# 
   185   000F4A                     T6CON           equ	3914	;# 
   186   000F4B                     PR6             equ	3915	;# 
   187   000F4C                     TMR6            equ	3916	;# 
   188   000F4D                     T5GCON          equ	3917	;# 
   189   000F4E                     T5CON           equ	3918	;# 
   190   000F4F                     TMR5            equ	3919	;# 
   191   000F4F                     TMR5L           equ	3919	;# 
   192   000F50                     TMR5H           equ	3920	;# 
   193   000F51                     T4CON           equ	3921	;# 
   194   000F52                     PR4             equ	3922	;# 
   195   000F53                     TMR4            equ	3923	;# 
   196   000F54                     CCP5CON         equ	3924	;# 
   197   000F55                     CCPR5           equ	3925	;# 
   198   000F55                     CCPR5L          equ	3925	;# 
   199   000F56                     CCPR5H          equ	3926	;# 
   200   000F57                     CCP4CON         equ	3927	;# 
   201   000F58                     CCPR4           equ	3928	;# 
   202   000F58                     CCPR4L          equ	3928	;# 
   203   000F59                     CCPR4H          equ	3929	;# 
   204   000F5A                     PSTR3CON        equ	3930	;# 
   205   000F5B                     ECCP3AS         equ	3931	;# 
   206   000F5B                     CCP3AS          equ	3931	;# 
   207   000F5C                     PWM3CON         equ	3932	;# 
   208   000F5D                     CCP3CON         equ	3933	;# 
   209   000F5E                     CCPR3           equ	3934	;# 
   210   000F5E                     CCPR3L          equ	3934	;# 
   211   000F5F                     CCPR3H          equ	3935	;# 
   212   000F60                     SLRCON          equ	3936	;# 
   213   000F61                     WPUB            equ	3937	;# 
   214   000F62                     IOCB            equ	3938	;# 
   215   000F63                     PSTR2CON        equ	3939	;# 
   216   000F64                     ECCP2AS         equ	3940	;# 
   217   000F64                     CCP2AS          equ	3940	;# 
   218   000F65                     PWM2CON         equ	3941	;# 
   219   000F66                     CCP2CON         equ	3942	;# 
   220   000F67                     CCPR2           equ	3943	;# 
   221   000F67                     CCPR2L          equ	3943	;# 
   222   000F68                     CCPR2H          equ	3944	;# 
   223   000F69                     SSP2CON3        equ	3945	;# 
   224   000F6A                     SSP2MSK         equ	3946	;# 
   225   000F6B                     SSP2CON2        equ	3947	;# 
   226   000F6C                     SSP2CON1        equ	3948	;# 
   227   000F6D                     SSP2STAT        equ	3949	;# 
   228   000F6E                     SSP2ADD         equ	3950	;# 
   229   000F6F                     SSP2BUF         equ	3951	;# 
   230   000F70                     BAUDCON2        equ	3952	;# 
   231   000F70                     BAUD2CON        equ	3952	;# 
   232   000F71                     RCSTA2          equ	3953	;# 
   233   000F71                     RC2STA          equ	3953	;# 
   234   000F72                     TXSTA2          equ	3954	;# 
   235   000F72                     TX2STA          equ	3954	;# 
   236   000F73                     TXREG2          equ	3955	;# 
   237   000F73                     TX2REG          equ	3955	;# 
   238   000F74                     RCREG2          equ	3956	;# 
   239   000F74                     RC2REG          equ	3956	;# 
   240   000F75                     SPBRG2          equ	3957	;# 
   241   000F75                     SP2BRG          equ	3957	;# 
   242   000F76                     SPBRGH2         equ	3958	;# 
   243   000F76                     SP2BRGH         equ	3958	;# 
   244   000F77                     CM2CON1         equ	3959	;# 
   245   000F77                     CM12CON         equ	3959	;# 
   246   000F78                     CM2CON0         equ	3960	;# 
   247   000F78                     CM2CON          equ	3960	;# 
   248   000F79                     CM1CON0         equ	3961	;# 
   249   000F79                     CM1CON          equ	3961	;# 
   250   000F7A                     PIE4            equ	3962	;# 
   251   000F7B                     PIR4            equ	3963	;# 
   252   000F7C                     IPR4            equ	3964	;# 
   253   000F7D                     PIE5            equ	3965	;# 
   254   000F7E                     PIR5            equ	3966	;# 
   255   000F7F                     IPR5            equ	3967	;# 
   256   000F80                     PORTA           equ	3968	;# 
   257   000F81                     PORTB           equ	3969	;# 
   258   000F82                     PORTC           equ	3970	;# 
   259   000F84                     PORTE           equ	3972	;# 
   260   000F89                     LATA            equ	3977	;# 
   261   000F8A                     LATB            equ	3978	;# 
   262   000F8B                     LATC            equ	3979	;# 
   263   000F92                     TRISA           equ	3986	;# 
   264   000F92                     DDRA            equ	3986	;# 
   265   000F93                     TRISB           equ	3987	;# 
   266   000F93                     DDRB            equ	3987	;# 
   267   000F94                     TRISC           equ	3988	;# 
   268   000F94                     DDRC            equ	3988	;# 
   269   000F96                     TRISE           equ	3990	;# 
   270   000F9B                     OSCTUNE         equ	3995	;# 
   271   000F9C                     HLVDCON         equ	3996	;# 
   272   000F9C                     LVDCON          equ	3996	;# 
   273   000F9D                     PIE1            equ	3997	;# 
   274   000F9E                     PIR1            equ	3998	;# 
   275   000F9F                     IPR1            equ	3999	;# 
   276   000FA0                     PIE2            equ	4000	;# 
   277   000FA1                     PIR2            equ	4001	;# 
   278   000FA2                     IPR2            equ	4002	;# 
   279   000FA3                     PIE3            equ	4003	;# 
   280   000FA4                     PIR3            equ	4004	;# 
   281   000FA5                     IPR3            equ	4005	;# 
   282   000FA6                     EECON1          equ	4006	;# 
   283   000FA7                     EECON2          equ	4007	;# 
   284   000FA8                     EEDATA          equ	4008	;# 
   285   000FA9                     EEADR           equ	4009	;# 
   286   000FAB                     RCSTA1          equ	4011	;# 
   287   000FAB                     RCSTA           equ	4011	;# 
   288   000FAB                     RC1STA          equ	4011	;# 
   289   000FAC                     TXSTA1          equ	4012	;# 
   290   000FAC                     TXSTA           equ	4012	;# 
   291   000FAC                     TX1STA          equ	4012	;# 
   292   000FAD                     TXREG1          equ	4013	;# 
   293   000FAD                     TXREG           equ	4013	;# 
   294   000FAD                     TX1REG          equ	4013	;# 
   295   000FAE                     RCREG1          equ	4014	;# 
   296   000FAE                     RCREG           equ	4014	;# 
   297   000FAE                     RC1REG          equ	4014	;# 
   298   000FAF                     SPBRG1          equ	4015	;# 
   299   000FAF                     SPBRG           equ	4015	;# 
   300   000FAF                     SP1BRG          equ	4015	;# 
   301   000FB0                     SPBRGH1         equ	4016	;# 
   302   000FB0                     SPBRGH          equ	4016	;# 
   303   000FB0                     SP1BRGH         equ	4016	;# 
   304   000FB1                     T3CON           equ	4017	;# 
   305   000FB2                     TMR3            equ	4018	;# 
   306   000FB2                     TMR3L           equ	4018	;# 
   307   000FB3                     TMR3H           equ	4019	;# 
   308   000FB4                     T3GCON          equ	4020	;# 
   309   000FB6                     ECCP1AS         equ	4022	;# 
   310   000FB6                     ECCPAS          equ	4022	;# 
   311   000FB7                     PWM1CON         equ	4023	;# 
   312   000FB7                     PWMCON          equ	4023	;# 
   313   000FB8                     BAUDCON1        equ	4024	;# 
   314   000FB8                     BAUDCON         equ	4024	;# 
   315   000FB8                     BAUDCTL         equ	4024	;# 
   316   000FB8                     BAUD1CON        equ	4024	;# 
   317   000FB9                     PSTR1CON        equ	4025	;# 
   318   000FB9                     PSTRCON         equ	4025	;# 
   319   000FBA                     T2CON           equ	4026	;# 
   320   000FBB                     PR2             equ	4027	;# 
   321   000FBC                     TMR2            equ	4028	;# 
   322   000FBD                     CCP1CON         equ	4029	;# 
   323   000FBE                     CCPR1           equ	4030	;# 
   324   000FBE                     CCPR1L          equ	4030	;# 
   325   000FBF                     CCPR1H          equ	4031	;# 
   326   000FC0                     ADCON2          equ	4032	;# 
   327   000FC1                     ADCON1          equ	4033	;# 
   328   000FC2                     ADCON0          equ	4034	;# 
   329   000FC3                     ADRES           equ	4035	;# 
   330   000FC3                     ADRESL          equ	4035	;# 
   331   000FC4                     ADRESH          equ	4036	;# 
   332   000FC5                     SSP1CON2        equ	4037	;# 
   333   000FC5                     SSPCON2         equ	4037	;# 
   334   000FC6                     SSP1CON1        equ	4038	;# 
   335   000FC6                     SSPCON1         equ	4038	;# 
   336   000FC7                     SSP1STAT        equ	4039	;# 
   337   000FC7                     SSPSTAT         equ	4039	;# 
   338   000FC8                     SSP1ADD         equ	4040	;# 
   339   000FC8                     SSPADD          equ	4040	;# 
   340   000FC9                     SSP1BUF         equ	4041	;# 
   341   000FC9                     SSPBUF          equ	4041	;# 
   342   000FCA                     SSP1MSK         equ	4042	;# 
   343   000FCA                     SSPMSK          equ	4042	;# 
   344   000FCB                     SSP1CON3        equ	4043	;# 
   345   000FCB                     SSPCON3         equ	4043	;# 
   346   000FCC                     T1GCON          equ	4044	;# 
   347   000FCD                     T1CON           equ	4045	;# 
   348   000FCE                     TMR1            equ	4046	;# 
   349   000FCE                     TMR1L           equ	4046	;# 
   350   000FCF                     TMR1H           equ	4047	;# 
   351   000FD0                     RCON            equ	4048	;# 
   352   000FD1                     WDTCON          equ	4049	;# 
   353   000FD2                     OSCCON2         equ	4050	;# 
   354   000FD3                     OSCCON          equ	4051	;# 
   355   000FD5                     T0CON           equ	4053	;# 
   356   000FD6                     TMR0            equ	4054	;# 
   357   000FD6                     TMR0L           equ	4054	;# 
   358   000FD7                     TMR0H           equ	4055	;# 
   359   000FD8                     STATUS          equ	4056	;# 
   360   000FD9                     FSR2            equ	4057	;# 
   361   000FD9                     FSR2L           equ	4057	;# 
   362   000FDA                     FSR2H           equ	4058	;# 
   363   000FDB                     PLUSW2          equ	4059	;# 
   364   000FDC                     PREINC2         equ	4060	;# 
   365   000FDD                     POSTDEC2        equ	4061	;# 
   366   000FDE                     POSTINC2        equ	4062	;# 
   367   000FDF                     INDF2           equ	4063	;# 
   368   000FE0                     BSR             equ	4064	;# 
   369   000FE1                     FSR1            equ	4065	;# 
   370   000FE1                     FSR1L           equ	4065	;# 
   371   000FE2                     FSR1H           equ	4066	;# 
   372   000FE3                     PLUSW1          equ	4067	;# 
   373   000FE4                     PREINC1         equ	4068	;# 
   374   000FE5                     POSTDEC1        equ	4069	;# 
   375   000FE6                     POSTINC1        equ	4070	;# 
   376   000FE7                     INDF1           equ	4071	;# 
   377   000FE8                     WREG            equ	4072	;# 
   378   000FE9                     FSR0            equ	4073	;# 
   379   000FE9                     FSR0L           equ	4073	;# 
   380   000FEA                     FSR0H           equ	4074	;# 
   381   000FEB                     PLUSW0          equ	4075	;# 
   382   000FEC                     PREINC0         equ	4076	;# 
   383   000FED                     POSTDEC0        equ	4077	;# 
   384   000FEE                     POSTINC0        equ	4078	;# 
   385   000FEF                     INDF0           equ	4079	;# 
   386   000FF0                     INTCON3         equ	4080	;# 
   387   000FF1                     INTCON2         equ	4081	;# 
   388   000FF2                     INTCON          equ	4082	;# 
   389   000FF3                     PROD            equ	4083	;# 
   390   000FF3                     PRODL           equ	4083	;# 
   391   000FF4                     PRODH           equ	4084	;# 
   392   000FF5                     TABLAT          equ	4085	;# 
   393   000FF6                     TBLPTR          equ	4086	;# 
   394   000FF6                     TBLPTRL         equ	4086	;# 
   395   000FF7                     TBLPTRH         equ	4087	;# 
   396   000FF8                     TBLPTRU         equ	4088	;# 
   397   000FF9                     PCLAT           equ	4089	;# 
   398   000FF9                     PC              equ	4089	;# 
   399   000FF9                     PCL             equ	4089	;# 
   400   000FFA                     PCLATH          equ	4090	;# 
   401   000FFB                     PCLATU          equ	4091	;# 
   402   000FFC                     STKPTR          equ	4092	;# 
   403   000FFD                     TOS             equ	4093	;# 
   404   000FFD                     TOSL            equ	4093	;# 
   405   000FFE                     TOSH            equ	4094	;# 
   406   000FFF                     TOSU            equ	4095	;# 
   407                           
   408                           	psect	idataBANK0
   409   002DF4                     __pidataBANK0:
   410                           	callstack 0
   411                           
   412                           ;initializer for _corriente_texto
   413   002DF4  30                 	db	48
   414   002DF5  00                 	db	0
   415   002DF6  00                 	db	0
   416   002DF7  00                 	db	0
   417   002DF8  00                 	db	0
   418   002DF9  00                 	db	0
   419   002DFA  00                 	db	0
   420   002DFB  00                 	db	0
   421   002DFC  00                 	db	0
   422   002DFD  00                 	db	0
   423   002DFE  00                 	db	0
   424   002DFF  00                 	db	0
   425   002E00  00                 	db	0
   426   002E01  00                 	db	0
   427   002E02  00                 	db	0
   428   002E03  00                 	db	0
   429                           
   430                           ;initializer for _voltaje_texto
   431   002E04  30                 	db	48
   432   002E05  00                 	db	0
   433   002E06  00                 	db	0
   434   002E07  00                 	db	0
   435   002E08  00                 	db	0
   436   002E09  00                 	db	0
   437   002E0A  00                 	db	0
   438   002E0B  00                 	db	0
   439   002E0C  00                 	db	0
   440   002E0D  00                 	db	0
   441   002E0E  00                 	db	0
   442   002E0F  00                 	db	0
   443   002E10  00                 	db	0
   444   002E11  00                 	db	0
   445   002E12  00                 	db	0
   446   002E13  00                 	db	0
   447                           
   448                           	psect	smallconst
   449   000600                     __psmallconst:
   450                           	callstack 0
   451   000600  00                 	db	0
   452   000601                     LCD_SetCursor@row_offsets:
   453                           	callstack 0
   454   000601  00                 	db	0
   455   000602  40                 	db	64
   456   000603  14                 	db	20
   457   000604  54                 	db	84
   458   000605                     __end_ofLCD_SetCursor@row_offsets:
   459                           	callstack 0
   460   000F38                     _ANSELAbits     set	3896
   461   000F3A                     _ANSELC         set	3898
   462   000F38                     _ANSELA         set	3896
   463   000F3A                     _ANSELCbits     set	3898
   464   000F39                     _ANSELBbits     set	3897
   465   000F39                     _ANSELB         set	3897
   466   000FC3                     _ADRESL         set	4035
   467   000FC4                     _ADRESH         set	4036
   468   000FC2                     _ADCON0bits     set	4034
   469   000FC2                     _ADCON0         set	4034
   470   000FC0                     _ADCON2         set	4032
   471   000FC1                     _ADCON1         set	4033
   472   000F92                     _TRISAbits      set	3986
   473   000F78                     _CM2CON0        set	3960
   474   000F79                     _CM1CON0        set	3961
   475   000FD3                     _OSCCONbits     set	4051
   476   000FC9                     _SSP1BUF        set	4041
   477   000FC5                     _SSP1CON2bits   set	4037
   478   000FC8                     _SSP1ADD        set	4040
   479   000FC7                     _SSP1STAT       set	4039
   480   000FC5                     _SSP1CON2       set	4037
   481   000FC6                     _SSP1CON1       set	4038
   482   000FC6                     _SSP1CON1bits   set	4038
   483   000F81                     _PORTBbits      set	3969
   484   000FF2                     _INTCONbits     set	4082
   485   000F81                     _PORTB          set	3969
   486   000F62                     _IOCB           set	3938
   487   000FF1                     _INTCON2bits    set	4081
   488   000F94                     _TRISCbits      set	3988
   489   000F8B                     _LATCbits       set	3979
   490   000F6F                     _SSP2BUF        set	3951
   491   000F6E                     _SSP2ADD        set	3950
   492   000F6D                     _SSP2STAT       set	3949
   493   000F6B                     _SSP2CON2       set	3947
   494   000F6C                     _SSP2CON1       set	3948
   495   000F93                     _TRISBbits      set	3987
   496   000605                     STR_15:
   497   000605  45                 	db	69	;'E'
   498   000606  64                 	db	100	;'d'
   499   000607  69                 	db	105	;'i'
   500   000608  74                 	db	116	;'t'
   501   000609  61                 	db	97	;'a'
   502   00060A  6E                 	db	110	;'n'
   503   00060B  64                 	db	100	;'d'
   504   00060C  6F                 	db	111	;'o'
   505   00060D  3A                 	db	58	;':'
   506   00060E  20                 	db	32
   507   00060F  43                 	db	67	;'C'
   508   000610  6F                 	db	111	;'o'
   509   000611  72                 	db	114	;'r'
   510   000612  72                 	db	114	;'r'
   511   000613  69                 	db	105	;'i'
   512   000614  65                 	db	101	;'e'
   513   000615  6E                 	db	110	;'n'
   514   000616  74                 	db	116	;'t'
   515   000617  65                 	db	101	;'e'
   516   000618  00                 	db	0
   517   000619                     STR_14:
   518   000619  45                 	db	69	;'E'
   519   00061A  64                 	db	100	;'d'
   520   00061B  69                 	db	105	;'i'
   521   00061C  74                 	db	116	;'t'
   522   00061D  61                 	db	97	;'a'
   523   00061E  6E                 	db	110	;'n'
   524   00061F  64                 	db	100	;'d'
   525   000620  6F                 	db	111	;'o'
   526   000621  3A                 	db	58	;':'
   527   000622  20                 	db	32
   528   000623  56                 	db	86	;'V'
   529   000624  6F                 	db	111	;'o'
   530   000625  6C                 	db	108	;'l'
   531   000626  74                 	db	116	;'t'
   532   000627  61                 	db	97	;'a'
   533   000628  6A                 	db	106	;'j'
   534   000629  65                 	db	101	;'e'
   535   00062A  00                 	db	0
   536   00062B                     STR_18:
   537   00062B  23                 	db	35
   538   00062C  20                 	db	32
   539   00062D  3D                 	db	61	;'='
   540   00062E  20                 	db	32
   541   00062F  70                 	db	112	;'p'
   542   000630  75                 	db	117	;'u'
   543   000631  6E                 	db	110	;'n'
   544   000632  74                 	db	116	;'t'
   545   000633  6F                 	db	111	;'o'
   546   000634  20                 	db	32
   547   000635  64                 	db	100	;'d'
   548   000636  65                 	db	101	;'e'
   549   000637  63                 	db	99	;'c'
   550   000638  69                 	db	105	;'i'
   551   000639  6D                 	db	109	;'m'
   552   00063A  61                 	db	97	;'a'
   553   00063B  6C                 	db	108	;'l'
   554   00063C  00                 	db	0
   555   00063D                     STR_4:
   556   00063D  49                 	db	73	;'I'
   557   00063E  6E                 	db	110	;'n'
   558   00063F  67                 	db	103	;'g'
   559   000640  72                 	db	114	;'r'
   560   000641  65                 	db	101	;'e'
   561   000642  73                 	db	115	;'s'
   562   000643  65                 	db	101	;'e'
   563   000644  20                 	db	32
   564   000645  75                 	db	117	;'u'
   565   000646  6E                 	db	110	;'n'
   566   000647  20                 	db	32
   567   000648  76                 	db	118	;'v'
   568   000649  61                 	db	97	;'a'
   569   00064A  6C                 	db	108	;'l'
   570   00064B  6F                 	db	111	;'o'
   571   00064C  72                 	db	114	;'r'
   572   00064D  00                 	db	0
   573   00064E                     STR_20:
   574   00064E  56                 	db	86	;'V'
   575   00064F  61                 	db	97	;'a'
   576   000650  6C                 	db	108	;'l'
   577   000651  6F                 	db	111	;'o'
   578   000652  72                 	db	114	;'r'
   579   000653  20                 	db	32
   580   000654  67                 	db	103	;'g'
   581   000655  75                 	db	117	;'u'
   582   000656  61                 	db	97	;'a'
   583   000657  72                 	db	114	;'r'
   584   000658  64                 	db	100	;'d'
   585   000659  61                 	db	97	;'a'
   586   00065A  64                 	db	100	;'d'
   587   00065B  6F                 	db	111	;'o'
   588   00065C  00                 	db	0
   589   00065D                     STR_2:
   590   00065D  59                 	db	89	;'Y'
   591   00065E  61                 	db	97	;'a'
   592   00065F  20                 	db	32
   593   000660  74                 	db	116	;'t'
   594   000661  69                 	db	105	;'i'
   595   000662  65                 	db	101	;'e'
   596   000663  6E                 	db	110	;'n'
   597   000664  65                 	db	101	;'e'
   598   000665  20                 	db	32
   599   000666  70                 	db	112	;'p'
   600   000667  75                 	db	117	;'u'
   601   000668  6E                 	db	110	;'n'
   602   000669  74                 	db	116	;'t'
   603   00066A  6F                 	db	111	;'o'
   604   00066B  00                 	db	0
   605   00066C                     STR_9:
   606   00066C  52                 	db	82	;'R'
   607   00066D  42                 	db	66	;'B'
   608   00066E  30                 	db	48	;'0'
   609   00066F  3D                 	db	61	;'='
   610   000670  56                 	db	86	;'V'
   611   000671  20                 	db	32
   612   000672  20                 	db	32
   613   000673  52                 	db	82	;'R'
   614   000674  42                 	db	66	;'B'
   615   000675  37                 	db	55	;'7'
   616   000676  3D                 	db	61	;'='
   617   000677  49                 	db	73	;'I'
   618   000678  00                 	db	0
   619   000679                     STR_1:
   620   000679  42                 	db	66	;'B'
   621   00067A  75                 	db	117	;'u'
   622   00067B  66                 	db	102	;'f'
   623   00067C  66                 	db	102	;'f'
   624   00067D  65                 	db	101	;'e'
   625   00067E  72                 	db	114	;'r'
   626   00067F  20                 	db	32
   627   000680  6C                 	db	108	;'l'
   628   000681  6C                 	db	108	;'l'
   629   000682  65                 	db	101	;'e'
   630   000683  6E                 	db	110	;'n'
   631   000684  6F                 	db	111	;'o'
   632   000685  00                 	db	0
   633   000686                     STR_28:
   634   000686  43                 	db	67	;'C'
   635   000687  6F                 	db	111	;'o'
   636   000688  72                 	db	114	;'r'
   637   000689  72                 	db	114	;'r'
   638   00068A  69                 	db	105	;'i'
   639   00068B  65                 	db	101	;'e'
   640   00068C  6E                 	db	110	;'n'
   641   00068D  74                 	db	116	;'t'
   642   00068E  65                 	db	101	;'e'
   643   00068F  3A                 	db	58	;':'
   644   000690  20                 	db	32
   645   000691  00                 	db	0
   646   000692                     STR_5:
   647   000692  4D                 	db	77	;'M'
   648   000693  61                 	db	97	;'a'
   649   000694  78                 	db	120	;'x'
   650   000695  69                 	db	105	;'i'
   651   000696  6D                 	db	109	;'m'
   652   000697  6F                 	db	111	;'o'
   653   000698  20                 	db	32
   654   000699  33                 	db	51	;'3'
   655   00069A  30                 	db	48	;'0'
   656   00069B  20                 	db	32
   657   00069C  56                 	db	86	;'V'
   658   00069D  00                 	db	0
   659   00069E                     STR_19:
   660   00069E  2A                 	db	42
   661   00069F  20                 	db	32
   662   0006A0  3D                 	db	61	;'='
   663   0006A1  20                 	db	32
   664   0006A2  67                 	db	103	;'g'
   665   0006A3  75                 	db	117	;'u'
   666   0006A4  61                 	db	97	;'a'
   667   0006A5  72                 	db	114	;'r'
   668   0006A6  64                 	db	100	;'d'
   669   0006A7  61                 	db	97	;'a'
   670   0006A8  72                 	db	114	;'r'
   671   0006A9  00                 	db	0
   672   0006AA                     STR_6:
   673   0006AA  4D                 	db	77	;'M'
   674   0006AB  61                 	db	97	;'a'
   675   0006AC  78                 	db	120	;'x'
   676   0006AD  69                 	db	105	;'i'
   677   0006AE  6D                 	db	109	;'m'
   678   0006AF  6F                 	db	111	;'o'
   679   0006B0  20                 	db	32
   680   0006B1  33                 	db	51	;'3'
   681   0006B2  20                 	db	32
   682   0006B3  41                 	db	65	;'A'
   683   0006B4  00                 	db	0
   684   0006B5                     STR_21:
   685   0006B5  56                 	db	86	;'V'
   686   0006B6  6F                 	db	111	;'o'
   687   0006B7  6C                 	db	108	;'l'
   688   0006B8  74                 	db	116	;'t'
   689   0006B9  61                 	db	97	;'a'
   690   0006BA  6A                 	db	106	;'j'
   691   0006BB  65                 	db	101	;'e'
   692   0006BC  3A                 	db	58	;':'
   693   0006BD  20                 	db	32
   694   0006BE  00                 	db	0
   695   0006BF                     STR_30:
   696   0006BF  44                 	db	68	;'D'
   697   0006C0  41                 	db	65	;'A'
   698   0006C1  43                 	db	67	;'C'
   699   0006C2  20                 	db	32
   700   0006C3  49                 	db	73	;'I'
   701   0006C4  3A                 	db	58	;':'
   702   0006C5  20                 	db	32
   703   0006C6  00                 	db	0
   704   0006C7                     STR_23:
   705   0006C7  44                 	db	68	;'D'
   706   0006C8  41                 	db	65	;'A'
   707   0006C9  43                 	db	67	;'C'
   708   0006CA  20                 	db	32
   709   0006CB  56                 	db	86	;'V'
   710   0006CC  3A                 	db	58	;':'
   711   0006CD  20                 	db	32
   712   0006CE  00                 	db	0
   713   0006CF                     STR_16:
   714   0006CF  56                 	db	86	;'V'
   715   0006D0  61                 	db	97	;'a'
   716   0006D1  6C                 	db	108	;'l'
   717   0006D2  6F                 	db	111	;'o'
   718   0006D3  72                 	db	114	;'r'
   719   0006D4  3A                 	db	58	;':'
   720   0006D5  20                 	db	32
   721   0006D6  00                 	db	0
   722   0006D7                     STR_12:
   723   0006D7  49                 	db	73	;'I'
   724   0006D8  6D                 	db	109	;'m'
   725   0006D9  65                 	db	101	;'e'
   726   0006DA  64                 	db	100	;'d'
   727   0006DB  3A                 	db	58	;':'
   728   0006DC  20                 	db	32
   729   0006DD  00                 	db	0
   730   0006DE                     STR_10:
   731   0006DE  56                 	db	86	;'V'
   732   0006DF  6D                 	db	109	;'m'
   733   0006E0  65                 	db	101	;'e'
   734   0006E1  64                 	db	100	;'d'
   735   0006E2  3A                 	db	58	;':'
   736   0006E3  20                 	db	32
   737   0006E4  00                 	db	0
   738   0006E5                     STR_7:
   739   0006E5  53                 	db	83	;'S'
   740   0006E6  65                 	db	101	;'e'
   741   0006E7  74                 	db	116	;'t'
   742   0006E8  20                 	db	32
   743   0006E9  56                 	db	86	;'V'
   744   0006EA  3A                 	db	58	;':'
   745   0006EB  00                 	db	0
   746   0006EC                     STR_25:
   747   0006EC  45                 	db	69	;'E'
   748   0006ED  52                 	db	82	;'R'
   749   0006EE  52                 	db	82	;'R'
   750   0006EF  4F                 	db	79	;'O'
   751   0006F0  52                 	db	82	;'R'
   752   0006F1  00                 	db	0
   753   0006F2                     STR_8:
   754   0006F2  20                 	db	32
   755   0006F3  49                 	db	73	;'I'
   756   0006F4  3A                 	db	58	;':'
   757   0006F5  00                 	db	0
   758   0006F6                     STR_24:
   759   0006F6  4F                 	db	79	;'O'
   760   0006F7  4B                 	db	75	;'K'
   761   0006F8  00                 	db	0
   762   0006F9                     STR_17:
   763   0006F9  2D                 	db	45
   764   0006FA  00                 	db	0
   765   000679                     STR_3           equ	STR_1
   766   00069B                     STR_11          equ	STR_5+9
   767   00069B                     STR_22          equ	STR_5+9
   768   00069B                     STR_27          equ	STR_5+9
   769   0006EC                     STR_32          equ	STR_25
   770   0006F6                     STR_31          equ	STR_24
   771   0006B2                     STR_13          equ	STR_6+8
   772   0006B2                     STR_29          equ	STR_6+8
   773   0006B2                     STR_34          equ	STR_6+8
   774   0006DE                     STR_26          equ	STR_10
   775   0006D7                     STR_33          equ	STR_12
   776   0006FB  00                 	db	0	; dummy byte at the end
   777   000600                     __smallconst    set	__psmallconst
   778   000600                     __mediumconst   set	__psmallconst
   779   000002                     __activetblptr  equ	2
   780                           
   781                           ; #config settings
   782                           
   783                           	psect	cinit
   784   002AEC                     __pcinit:
   785                           	callstack 0
   786   002AEC                     start_initialization:
   787                           	callstack 0
   788   002AEC                     __initialization:
   789                           	callstack 0
   790                           
   791                           ; Initialize objects allocated to BANK0 (32 bytes)
   792                           ; load TBLPTR registers with __pidataBANK0
   793   002AEC  0EF4               	movlw	low __pidataBANK0
   794   002AEE  6EF6               	movwf	tblptrl,c
   795   002AF0  0E2D               	movlw	high __pidataBANK0
   796   002AF2  6EF7               	movwf	tblptrh,c
   797   002AF4  0E00               	movlw	low (__pidataBANK0 shr (0+16))
   798   002AF6  6EF8               	movwf	tblptru,c
   799   002AF8  EE00  F090         	lfsr	0,__pdataBANK0
   800   002AFC  EE10 F020          	lfsr	1,32
   801   002B00                     copy_data0:
   802   002B00  0009               	tblrd		*+
   803   002B02  CFF5 FFEE          	movff	tablat,postinc0
   804   002B06  50E5               	movf	postdec1,w,c
   805   002B08  50E1               	movf	fsr1l,w,c
   806   002B0A  E1FA               	bnz	copy_data0
   807                           
   808                           ; Clear objects allocated to BANK0 (48 bytes)
   809   002B0C  EE00  F060         	lfsr	0,__pbssBANK0
   810   002B10  0E30               	movlw	48
   811   002B12                     clear_0:
   812   002B12  6AEE               	clrf	postinc0,c
   813   002B14  06E8               	decf	wreg,f,c
   814   002B16  E1FD               	bnz	clear_0
   815                           
   816                           ; Clear objects allocated to COMRAM (4 bytes)
   817   002B18  6A5B               	clrf	(__pbssCOMRAM+3)& (0+255),c
   818   002B1A  6A5A               	clrf	(__pbssCOMRAM+2)& (0+255),c
   819   002B1C  6A59               	clrf	(__pbssCOMRAM+1)& (0+255),c
   820   002B1E  6A58               	clrf	__pbssCOMRAM& (0+255),c
   821   002B20                     end_of_initialization:
   822                           	callstack 0
   823   002B20                     __end_of__initialization:
   824                           	callstack 0
   825   002B20  9001               	bcf	int$flags,0,c	;clear compiler interrupt flag (level 1)
   826   002B22  9201               	bcf	int$flags,1,c	;clear compiler interrupt flag (level 2)
   827   002B24  0E00               	movlw	low (__Lmediumconst shr (0+16))
   828   002B26  6EF8               	movwf	tblptru,c
   829   002B28  0100               	movlb	0
   830   002B2A  EFAE  F012         	goto	_main	;jump to C main() function
   831                           
   832                           	psect	bssCOMRAM
   833   000058                     __pbssCOMRAM:
   834                           	callstack 0
   835   000058                     _entrada_habilitada:
   836                           	callstack 0
   837   000058                     	ds	1
   838   000059                     _teclado_tecla_evento:
   839                           	callstack 0
   840   000059                     	ds	1
   841   00005A                     _teclado_evento_disponible:
   842                           	callstack 0
   843   00005A                     	ds	1
   844   00005B                     _teclado_irq_pendiente:
   845                           	callstack 0
   846   00005B                     	ds	1
   847                           
   848                           	psect	bssBANK0
   849   000060                     __pbssBANK0:
   850                           	callstack 0
   851   000060                     _corriente:
   852                           	callstack 0
   853   000060                     	ds	4
   854   000064                     _voltaje:
   855                           	callstack 0
   856   000064                     	ds	4
   857   000068                     _corriente_medida_x100:
   858                           	callstack 0
   859   000068                     	ds	2
   860   00006A                     _voltaje_medido_x100:
   861                           	callstack 0
   862   00006A                     	ds	2
   863   00006C                     _corriente_adc_mv:
   864                           	callstack 0
   865   00006C                     	ds	2
   866   00006E                     _voltaje_adc_mv:
   867                           	callstack 0
   868   00006E                     	ds	2
   869   000070                     _adc_corriente_raw:
   870                           	callstack 0
   871   000070                     	ds	2
   872   000072                     _adc_voltaje_raw:
   873                           	callstack 0
   874   000072                     	ds	2
   875   000074                     _dac_corriente_code:
   876                           	callstack 0
   877   000074                     	ds	2
   878   000076                     _dac_voltaje_code:
   879                           	callstack 0
   880   000076                     	ds	2
   881   000078                     _dac_corriente_ok:
   882                           	callstack 0
   883   000078                     	ds	1
   884   000079                     _dac_voltaje_ok:
   885                           	callstack 0
   886   000079                     	ds	1
   887   00007A                     _numero_tiene_punto:
   888                           	callstack 0
   889   00007A                     	ds	1
   890   00007B                     _numero_len:
   891                           	callstack 0
   892   00007B                     	ds	1
   893   00007C                     _variable_actual:
   894                           	callstack 0
   895   00007C                     	ds	1
   896   00007D                     _rb7_anterior:
   897                           	callstack 0
   898   00007D                     	ds	1
   899   00007E                     _boton_corriente_evento:
   900                           	callstack 0
   901   00007E                     	ds	1
   902   00007F                     _boton_voltaje_evento:
   903                           	callstack 0
   904   00007F                     	ds	1
   905   000080                     _numero_buffer:
   906                           	callstack 0
   907   000080                     	ds	16
   908                           
   909                           	psect	dataBANK0
   910   000090                     __pdataBANK0:
   911                           	callstack 0
   912   000090                     _corriente_texto:
   913                           	callstack 0
   914   000090                     	ds	16
   915   0000A0                     _voltaje_texto:
   916                           	callstack 0
   917   0000A0                     	ds	16
   918                           
   919                           	psect	cstackBANK0
   920   0000B0                     __pcstackBANK0:
   921                           	callstack 0
   922   0000B0                     ??_Entrada_Guardar:
   923                           
   924                           ; 1 bytes @ 0x0
   925   0000B0                     	ds	2
   926   0000B2                     Entrada_Guardar@valor_ingresado:
   927                           	callstack 0
   928                           
   929                           ; 4 bytes @ 0x2
   930   0000B2                     	ds	4
   931   0000B6                     ??_main:
   932                           
   933                           ; 1 bytes @ 0x6
   934   0000B6                     	ds	1
   935   0000B7                     main@tecla:
   936                           	callstack 0
   937                           
   938                           ; 1 bytes @ 0x7
   939   0000B7                     	ds	1
   940                           
   941                           	psect	cstackCOMRAM
   942   000002                     __pcstackCOMRAM:
   943                           	callstack 0
   944   000002                     ??_Teclado_ISR:
   945                           
   946                           ; 1 bytes @ 0x0
   947   000002                     	ds	1
   948   000003                     Teclado_ISR@lectura:
   949                           	callstack 0
   950                           
   951                           ; 1 bytes @ 0x1
   952   000003                     	ds	1
   953   000004                     ISR@lectura:
   954                           	callstack 0
   955   000004                     
   956                           ; 1 bytes @ 0x2
   957   000004                     	ds	1
   958   000005                     ISR@rb7_actual:
   959                           	callstack 0
   960                           
   961                           ; 1 bytes @ 0x3
   962   000005                     	ds	1
   963   000006                     ?___awdiv:
   964                           	callstack 0
   965   000006                     ?___awmod:
   966                           	callstack 0
   967   000006                     ?___lwdiv:
   968                           	callstack 0
   969   000006                     ?___lwmod:
   970                           	callstack 0
   971   000006                     ?_ADC_Read:
   972                           	callstack 0
   973   000006                     ?___lmul:
   974                           	callstack 0
   975   000006                     ?___xxtofl:
   976                           	callstack 0
   977   000006                     Teclado_LeerEvento@tecla:
   978                           	callstack 0
   979   000006                     Botones_Init@lectura:
   980                           	callstack 0
   981   000006                     Boton_EstaPresionado@estado:
   982                           	callstack 0
   983   000006                     Numero_ResetBuffer@i:
   984                           	callstack 0
   985   000006                     Texto_Copiar@destino:
   986                           	callstack 0
   987   000006                     ___awdiv@dividend:
   988                           	callstack 0
   989   000006                     ___awmod@dividend:
   990                           	callstack 0
   991   000006                     ___lwdiv@dividend:
   992                           	callstack 0
   993   000006                     ___lwmod@dividend:
   994                           	callstack 0
   995   000006                     ___lmul@multiplier:
   996                           	callstack 0
   997   000006                     ___flge@ff1:
   998                           	callstack 0
   999   000006                     ___xxtofl@val:
  1000                           	callstack 0
  1001   000006                     ??_LCD_I2C2_Wait:
  1002   000006                     ??_Teclado_Init:
  1003   000006                     ??_Teclado_Actualizar:
  1004   000006                     ??_MCP4725_I2C1_Wait:
  1005   000006                     
  1006                           ; 1 bytes @ 0x4
  1007   000006                     	ds	1
  1008   000007                     LCD_I2C2_Write@data:
  1009                           	callstack 0
  1010   000007                     Teclado_Actualizar@tecla:
  1011                           	callstack 0
  1012   000007                     MCP4725_I2C1_Write@data:
  1013                           	callstack 0
  1014   000007                     Texto_Copiar@origen:
  1015                           	callstack 0
  1016   000007                     
  1017                           ; 1 bytes @ 0x5
  1018   000007                     	ds	1
  1019   000008                     LCD_PCF8574_Write@data:
  1020                           	callstack 0
  1021   000008                     MCP4725_CheckAddress@address_7bit:
  1022                           	callstack 0
  1023   000008                     Texto_Copiar@i:
  1024                           	callstack 0
  1025   000008                     MCP4725_WriteRaw_Fast@value_12bit:
  1026                           	callstack 0
  1027   000008                     ___awdiv@divisor:
  1028                           	callstack 0
  1029   000008                     ___awmod@divisor:
  1030                           	callstack 0
  1031   000008                     ___lwdiv@divisor:
  1032                           	callstack 0
  1033   000008                     ___lwmod@divisor:
  1034                           	callstack 0
  1035   000008                     ??_ADC_Read:
  1036                           
  1037                           ; 1 bytes @ 0x6
  1038   000008                     	ds	1
  1039   000009                     LCD_Pulse@data:
  1040                           	callstack 0
  1041   000009                     MCP4725_CheckAddress@ack:
  1042                           	callstack 0
  1043   000009                     
  1044                           ; 1 bytes @ 0x7
  1045   000009                     	ds	1
  1046   00000A                     LCD_SendNibble@rs:
  1047                           	callstack 0
  1048   00000A                     ADC_Read@channel:
  1049                           	callstack 0
  1050   00000A                     ___awdiv@counter:
  1051                           	callstack 0
  1052   00000A                     ___awmod@counter:
  1053                           	callstack 0
  1054   00000A                     ___lwdiv@counter:
  1055                           	callstack 0
  1056   00000A                     ___lwmod@counter:
  1057                           	callstack 0
  1058   00000A                     ___lmul@multiplicand:
  1059                           	callstack 0
  1060   00000A                     ___flge@ff2:
  1061                           	callstack 0
  1062   00000A                     ??_MCP4725_WriteRaw_Fast:
  1063   00000A                     ??___xxtofl:
  1064                           
  1065                           ; 1 bytes @ 0x8
  1066   00000A                     	ds	1
  1067   00000B                     LCD_SendNibble@nibble:
  1068                           	callstack 0
  1069   00000B                     ___awdiv@sign:
  1070                           	callstack 0
  1071   00000B                     ___awmod@sign:
  1072                           	callstack 0
  1073   00000B                     ADC_Read@result:
  1074                           	callstack 0
  1075   00000B                     ___lwdiv@quotient:
  1076                           	callstack 0
  1077   00000B                     
  1078                           ; 1 bytes @ 0x9
  1079   00000B                     	ds	1
  1080   00000C                     LCD_SendNibble@data:
  1081                           	callstack 0
  1082   00000C                     MCP4725_WriteRaw_Fast@address_7bit:
  1083                           	callstack 0
  1084   00000C                     ___awdiv@quotient:
  1085                           	callstack 0
  1086                           
  1087                           ; 2 bytes @ 0xA
  1088   00000C                     	ds	1
  1089   00000D                     LCD_SendByte@rs:
  1090                           	callstack 0
  1091   00000D                     MCP4725_WriteRaw_Fast@data_high:
  1092                           	callstack 0
  1093                           
  1094                           ; 1 bytes @ 0xB
  1095   00000D                     	ds	1
  1096   00000E                     LCD_SendByte@value:
  1097                           	callstack 0
  1098   00000E                     MCP4725_WriteRaw_Fast@data_low:
  1099                           	callstack 0
  1100   00000E                     ___xxtofl@sign:
  1101                           	callstack 0
  1102   00000E                     ___lmul@product:
  1103                           	callstack 0
  1104   00000E                     ??___flge:
  1105                           
  1106                           ; 1 bytes @ 0xC
  1107   00000E                     	ds	1
  1108   00000F                     LCD_Cmd@cmd:
  1109                           	callstack 0
  1110   00000F                     LCD_Char@character:
  1111                           	callstack 0
  1112   00000F                     MCP4725_WriteRaw_Fast@ok:
  1113                           	callstack 0
  1114   00000F                     ___xxtofl@exp:
  1115                           	callstack 0
  1116   00000F                     
  1117                           ; 1 bytes @ 0xD
  1118   00000F                     	ds	1
  1119   000010                     LCD_SetCursor@col:
  1120                           	callstack 0
  1121   000010                     LCD_Print@text:
  1122                           	callstack 0
  1123   000010                     LCD_PrintUInt@value:
  1124                           	callstack 0
  1125   000010                     ___xxtofl@arg:
  1126                           	callstack 0
  1127   000010                     ??_LCD_Init:
  1128                           
  1129                           ; 1 bytes @ 0xE
  1130   000010                     	ds	1
  1131   000011                     ??_LCD_SetCursor:
  1132                           
  1133                           ; 1 bytes @ 0xF
  1134   000011                     	ds	1
  1135   000012                     ?___lldiv:
  1136                           	callstack 0
  1137   000012                     LCD_SetCursor@row:
  1138                           	callstack 0
  1139   000012                     ___lldiv@dividend:
  1140                           	callstack 0
  1141   000012                     ??_LCD_PrintUInt:
  1142                           
  1143                           ; 1 bytes @ 0x10
  1144   000012                     	ds	1
  1145   000013                     LCD_ClearLine@row:
  1146                           	callstack 0
  1147   000013                     Entrada_Iniciar@variable:
  1148                           	callstack 0
  1149   000013                     LCD_PrintUInt@buffer:
  1150                           	callstack 0
  1151   000013                     
  1152                           ; 1 bytes @ 0x11
  1153   000013                     	ds	1
  1154   000014                     ?___flmul:
  1155                           	callstack 0
  1156   000014                     LCD_ClearLine@i:
  1157                           	callstack 0
  1158   000014                     ___flmul@b:
  1159                           	callstack 0
  1160   000014                     ??_Botones_Actualizar:
  1161                           
  1162                           ; 1 bytes @ 0x12
  1163   000014                     	ds	1
  1164   000015                     LCD_MostrarMensajeTemporal@mensaje:
  1165                           	callstack 0
  1166                           
  1167                           ; 1 bytes @ 0x13
  1168   000015                     	ds	1
  1169   000016                     ___lldiv@divisor:
  1170                           	callstack 0
  1171   000016                     ??_LCD_MostrarMensajeTemporal:
  1172                           
  1173                           ; 1 bytes @ 0x14
  1174   000016                     	ds	2
  1175   000018                     ___flmul@a:
  1176                           	callstack 0
  1177                           
  1178                           ; 4 bytes @ 0x16
  1179   000018                     	ds	1
  1180   000019                     LCD_PrintUInt@i:
  1181                           	callstack 0
  1182                           
  1183                           ; 1 bytes @ 0x17
  1184   000019                     	ds	1
  1185   00001A                     LCD_PrintUInt@j:
  1186                           	callstack 0
  1187   00001A                     ___lldiv@quotient:
  1188                           	callstack 0
  1189   00001A                     
  1190                           ; 1 bytes @ 0x18
  1191   00001A                     	ds	1
  1192   00001B                     LCD_PrintFixed2@value_x100:
  1193                           	callstack 0
  1194                           
  1195                           ; 2 bytes @ 0x19
  1196   00001B                     	ds	1
  1197   00001C                     ??___flmul:
  1198                           
  1199                           ; 1 bytes @ 0x1A
  1200   00001C                     	ds	1
  1201   00001D                     LCD_PrintFixed2@entero:
  1202                           	callstack 0
  1203   00001D                     
  1204                           ; 1 bytes @ 0x1B
  1205   00001D                     	ds	1
  1206   00001E                     ___lldiv@counter:
  1207                           	callstack 0
  1208                           
  1209                           ; 1 bytes @ 0x1C
  1210   00001E                     	ds	1
  1211   00001F                     LCD_PrintFixed2@decimal:
  1212                           	callstack 0
  1213   00001F                     
  1214                           ; 1 bytes @ 0x1D
  1215   00001F                     	ds	1
  1216   000020                     ___flmul@sign:
  1217                           	callstack 0
  1218   000020                     
  1219                           ; 1 bytes @ 0x1E
  1220   000020                     	ds	1
  1221   000021                     ___flmul@aexp:
  1222                           	callstack 0
  1223                           
  1224                           ; 1 bytes @ 0x1F
  1225   000021                     	ds	1
  1226   000022                     ___flmul@grs:
  1227                           	callstack 0
  1228                           
  1229                           ; 4 bytes @ 0x20
  1230   000022                     	ds	4
  1231   000026                     ___flmul@bexp:
  1232                           	callstack 0
  1233                           
  1234                           ; 1 bytes @ 0x24
  1235   000026                     	ds	1
  1236   000027                     ___flmul@prod:
  1237                           	callstack 0
  1238                           
  1239                           ; 4 bytes @ 0x25
  1240   000027                     	ds	4
  1241   00002B                     ___flmul@temp:
  1242                           	callstack 0
  1243                           
  1244                           ; 2 bytes @ 0x29
  1245   00002B                     	ds	2
  1246   00002D                     ?___fladd:
  1247                           	callstack 0
  1248   00002D                     ?___fldiv:
  1249                           	callstack 0
  1250   00002D                     ___fladd@b:
  1251                           	callstack 0
  1252   00002D                     ___fldiv@b:
  1253                           	callstack 0
  1254                           
  1255                           ; 4 bytes @ 0x2B
  1256   00002D                     	ds	4
  1257   000031                     ___fladd@a:
  1258                           	callstack 0
  1259   000031                     ___fldiv@a:
  1260                           	callstack 0
  1261                           
  1262                           ; 4 bytes @ 0x2F
  1263   000031                     	ds	4
  1264   000035                     ??___fladd:
  1265   000035                     ??___fldiv:
  1266                           
  1267                           ; 1 bytes @ 0x33
  1268   000035                     	ds	4
  1269   000039                     ___fladd@signs:
  1270                           	callstack 0
  1271   000039                     ___fldiv@rem:
  1272                           	callstack 0
  1273                           
  1274                           ; 4 bytes @ 0x37
  1275   000039                     	ds	1
  1276   00003A                     ___fladd@aexp:
  1277                           	callstack 0
  1278                           
  1279                           ; 1 bytes @ 0x38
  1280   00003A                     	ds	1
  1281   00003B                     ___fladd@bexp:
  1282                           	callstack 0
  1283                           
  1284                           ; 1 bytes @ 0x39
  1285   00003B                     	ds	1
  1286   00003C                     ___fladd@grs:
  1287                           	callstack 0
  1288                           
  1289                           ; 1 bytes @ 0x3A
  1290   00003C                     	ds	1
  1291   00003D                     ?_Numero_ConvertirAFloat:
  1292                           	callstack 0
  1293   00003D                     ?___fltol:
  1294                           	callstack 0
  1295   00003D                     Numero_ConvertirAFloat@texto:
  1296                           	callstack 0
  1297   00003D                     ___fldiv@sign:
  1298                           	callstack 0
  1299   00003D                     ___fltol@f1:
  1300                           	callstack 0
  1301                           
  1302                           ; 4 bytes @ 0x3B
  1303   00003D                     	ds	1
  1304   00003E                     ___fldiv@new_exp:
  1305                           	callstack 0
  1306                           
  1307                           ; 2 bytes @ 0x3C
  1308   00003E                     	ds	2
  1309   000040                     ___fldiv@grs:
  1310                           	callstack 0
  1311                           
  1312                           ; 4 bytes @ 0x3E
  1313   000040                     	ds	1
  1314   000041                     ??_Numero_ConvertirAFloat:
  1315   000041                     ??___fltol:
  1316                           
  1317                           ; 1 bytes @ 0x3F
  1318   000041                     	ds	3
  1319   000044                     Numero_ConvertirAFloat@despues_punto:
  1320                           	callstack 0
  1321   000044                     ___fldiv@bexp:
  1322                           	callstack 0
  1323                           
  1324                           ; 1 bytes @ 0x42
  1325   000044                     	ds	1
  1326   000045                     ___fltol@sign1:
  1327                           	callstack 0
  1328   000045                     ___fldiv@aexp:
  1329                           	callstack 0
  1330   000045                     Numero_ConvertirAFloat@factor_decimal:
  1331                           	callstack 0
  1332                           
  1333                           ; 4 bytes @ 0x43
  1334   000045                     	ds	1
  1335   000046                     ___fltol@exp1:
  1336                           	callstack 0
  1337                           
  1338                           ; 1 bytes @ 0x44
  1339   000046                     	ds	1
  1340   000047                     ?_DAC_NormalizarSetpoint:
  1341                           	callstack 0
  1342   000047                     DAC_NormalizarSetpoint@valor:
  1343                           	callstack 0
  1344                           
  1345                           ; 4 bytes @ 0x45
  1346   000047                     	ds	2
  1347   000049                     Numero_ConvertirAFloat@valor:
  1348                           	callstack 0
  1349                           
  1350                           ; 4 bytes @ 0x47
  1351   000049                     	ds	2
  1352   00004B                     DAC_NormalizarSetpoint@valor_maximo:
  1353                           	callstack 0
  1354                           
  1355                           ; 4 bytes @ 0x49
  1356   00004B                     	ds	4
  1357   00004F                     DAC_NormalizarSetpoint@resultado:
  1358                           	callstack 0
  1359   00004F                     
  1360                           ; 1 bytes @ 0x4D
  1361   00004F                     	ds	4
  1362   000053                     DAC_ActualizarVoltaje@valor:
  1363                           	callstack 0
  1364   000053                     DAC_ActualizarCorriente@valor:
  1365                           	callstack 0
  1366                           
  1367                           ; 4 bytes @ 0x51
  1368   000053                     	ds	4
  1369   000057                     Entrada_ProcesarTecla@tecla:
  1370                           	callstack 0
  1371   000057                     ??_DAC_Init:
  1372   000057                     
  1373                           ; 1 bytes @ 0x55
  1374   000057                     	ds	1
  1375                           
  1376 ;;
  1377 ;;Main: autosize = 0, tempsize = 1, incstack = 0, save=0
  1378 ;;
  1379 ;; *************** function _main *****************
  1380 ;; Defined at:
  1381 ;;		line 225 in file "main.c"
  1382 ;; Parameters:    Size  Location     Type
  1383 ;;		None
  1384 ;; Auto vars:     Size  Location     Type
  1385 ;;  tecla           1    7[BANK0 ] unsigned char 
  1386 ;; Return value:  Size  Location     Type
  1387 ;;                  1    wreg      void 
  1388 ;; Registers used:
  1389 ;;		wreg, fsr1l, fsr1h, fsr2l, fsr2h, status,2, status,0, tblptrl, tblptrh, tblptru, prodl, prodh, cstack
  1390 ;; Tracked objects:
  1391 ;;		On entry : 0/0
  1392 ;;		On exit  : 0/0
  1393 ;;		Unchanged: 0/0
  1394 ;; Data sizes:     COMRAM   BANK0   BANK1   BANK2   BANK3   BANK4   BANK5
  1395 ;;      Params:         0       0       0       0       0       0       0
  1396 ;;      Locals:         0       1       0       0       0       0       0
  1397 ;;      Temps:          0       1       0       0       0       0       0
  1398 ;;      Totals:         0       2       0       0       0       0       0
  1399 ;;Total ram usage:        2 bytes
  1400 ;; Hardware stack levels required when called: 13
  1401 ;; This function calls:
  1402 ;;		_ADC_Init
  1403 ;;		_Botones_Actualizar
  1404 ;;		_Botones_Init
  1405 ;;		_DAC_Init
  1406 ;;		_Entrada_ProcesarTecla
  1407 ;;		_LCD_ActualizarMediciones
  1408 ;;		_LCD_Init
  1409 ;;		_LCD_MostrarReposo
  1410 ;;		_MCU_Init
  1411 ;;		_Mediciones_Actualizar
  1412 ;;		_Numero_ResetBuffer
  1413 ;;		_Teclado_Actualizar
  1414 ;;		_Teclado_Deshabilitar
  1415 ;;		_Teclado_Init
  1416 ;;		_Teclado_LeerEvento
  1417 ;; This function is called by:
  1418 ;;		Startup code after reset
  1419 ;; This function uses a non-reentrant model
  1420 ;;
  1421                           
  1422                           	psect	text0
  1423   00255C                     __ptext0:
  1424                           	callstack 0
  1425   00255C                     _main:
  1426                           	callstack 18
  1427   00255C                     
  1428                           ;main.c: 227:     char tecla;;main.c: 229:     MCU_Init();
  1429   00255C  ECE9  F016         	call	_MCU_Init	;wreg free
  1430   002560                     
  1431                           ;main.c: 231:     LCD_Init();
  1432   002560  EC38  F013         	call	_LCD_Init	;wreg free
  1433   002564                     
  1434                           ;main.c: 234:     DAC_Init();
  1435   002564  EC05  F015         	call	_DAC_Init	;wreg free
  1436   002568                     
  1437                           ;main.c: 237:     Teclado_Init();
  1438   002568  EC0F  F016         	call	_Teclado_Init	;wreg free
  1439   00256C                     
  1440                           ;main.c: 238:     Teclado_Deshabilitar();
  1441   00256C  ECC7  F017         	call	_Teclado_Deshabilitar	;wreg free
  1442   002570                     
  1443                           ;main.c: 240:     Botones_Init();
  1444   002570  EC5B  F016         	call	_Botones_Init	;wreg free
  1445   002574                     
  1446                           ;main.c: 244:     ADC_Init();
  1447   002574  EC56  F017         	call	_ADC_Init	;wreg free
  1448   002578                     
  1449                           ;main.c: 246:     Numero_ResetBuffer();
  1450   002578  EC9F  F016         	call	_Numero_ResetBuffer	;wreg free
  1451   00257C                     
  1452                           ;main.c: 248:     Mediciones_Actualizar();
  1453   00257C  EC17  F00D         	call	_Mediciones_Actualizar	;wreg free
  1454   002580                     
  1455                           ;main.c: 249:     LCD_MostrarReposo();
  1456   002580  EC4C  F014         	call	_LCD_MostrarReposo	;wreg free
  1457   002584                     l6215:
  1458                           
  1459                           ;main.c: 252:     {;main.c: 253:         if (entrada_habilitada == 0)
  1460   002584  5058               	movf	_entrada_habilitada^0,w,c	;volatile
  1461   002586  A4D8               	btfss	status,2,c
  1462   002588  EFC8  F012         	goto	u6571
  1463   00258C  EFCA  F012         	goto	u6570
  1464   002590                     u6571:
  1465   002590  EFDB  F012         	goto	l6225
  1466   002594                     u6570:
  1467   002594                     
  1468                           ;main.c: 254:         {;main.c: 256:             Botones_Actualizar();
  1469   002594  EC09  F012         	call	_Botones_Actualizar	;wreg free
  1470   002598                     
  1471                           ;main.c: 258:             Mediciones_Actualizar();
  1472   002598  EC17  F00D         	call	_Mediciones_Actualizar	;wreg free
  1473   00259C                     
  1474                           ;main.c: 259:             LCD_ActualizarMediciones();
  1475   00259C  ECFB  F012         	call	_LCD_ActualizarMediciones	;wreg free
  1476   0025A0                     
  1477                           ;main.c: 261:             _delay((unsigned long)((250U)*(1000000UL/4000.0)));
  1478   0025A0  0E52               	movlw	82
  1479   0025A2  0100               	movlb	0	; () banked
  1480   0025A4  6FB6               	movwf	??_main& (0+255),b
  1481   0025A6  0E29               	movlw	41
  1482   0025A8                     u6597:
  1483   0025A8  2EE8               	decfsz	wreg,f,c
  1484   0025AA  D7FE               	bra	u6597
  1485   0025AC  2FB6               	decfsz	??_main& (0+255),f,b
  1486   0025AE  D7FC               	bra	u6597
  1487   0025B0  D000               	nop2	
  1488                           
  1489                           ;main.c: 262:         }
  1490   0025B2  EFC2  F012         	goto	l6215
  1491   0025B6                     l6225:
  1492                           
  1493                           ;main.c: 264:         {;main.c: 266:             Teclado_Actualizar();
  1494   0025B6  EC2E  F015         	call	_Teclado_Actualizar	;wreg free
  1495                           
  1496                           ;main.c: 268:             tecla = Teclado_LeerEvento();
  1497   0025BA  ECD8  F016         	call	_Teclado_LeerEvento	;wreg free
  1498   0025BE  0100               	movlb	0	; () banked
  1499   0025C0  6FB7               	movwf	main@tecla& (0+255),b
  1500   0025C2                     
  1501                           ; BSR set to: 0
  1502                           ;main.c: 270:             if (tecla != '\0')
  1503   0025C2  51B7               	movf	main@tecla& (0+255),w,b
  1504   0025C4  B4D8               	btfsc	status,2,c
  1505   0025C6  EFE7  F012         	goto	u6581
  1506   0025CA  EFE9  F012         	goto	u6580
  1507   0025CE                     u6581:
  1508   0025CE  EFC2  F012         	goto	l6215
  1509   0025D2                     u6580:
  1510   0025D2                     
  1511                           ; BSR set to: 0
  1512                           ;main.c: 271:             {;main.c: 272:                 Entrada_ProcesarTecla(tecla);
  1513   0025D2  51B7               	movf	main@tecla& (0+255),w,b
  1514   0025D4  EC77  F00E         	call	_Entrada_ProcesarTecla
  1515   0025D8                     
  1516                           ;main.c: 274:                 LATCbits.LATC0 = 1;
  1517   0025D8  808B               	bsf	139,0,c	;volatile
  1518   0025DA                     
  1519                           ;main.c: 275:                 _delay((unsigned long)((60)*(1000000UL/4000.0)));
  1520   0025DA  0E14               	movlw	20
  1521   0025DC  0100               	movlb	0	; () banked
  1522   0025DE  6FB6               	movwf	??_main& (0+255),b
  1523   0025E0  0E79               	movlw	121
  1524   0025E2                     u6607:
  1525   0025E2  2EE8               	decfsz	wreg,f,c
  1526   0025E4  D7FE               	bra	u6607
  1527   0025E6  2FB6               	decfsz	??_main& (0+255),f,b
  1528   0025E8  D7FC               	bra	u6607
  1529   0025EA  D000               	nop2	
  1530   0025EC                     
  1531                           ;main.c: 276:                 LATCbits.LATC0 = 0;
  1532   0025EC  908B               	bcf	139,0,c	;volatile
  1533   0025EE  EFC2  F012         	goto	l6215
  1534   0025F2  EF4C  F000         	goto	start
  1535   0025F6                     __end_of_main:
  1536                           	callstack 0
  1537                           
  1538 ;; *************** function _Teclado_LeerEvento *****************
  1539 ;; Defined at:
  1540 ;;		line 270 in file "./teclado_3x4_pic18lf25k22.h"
  1541 ;; Parameters:    Size  Location     Type
  1542 ;;		None
  1543 ;; Auto vars:     Size  Location     Type
  1544 ;;  tecla           1    4[COMRAM] unsigned char 
  1545 ;; Return value:  Size  Location     Type
  1546 ;;                  1    wreg      unsigned char 
  1547 ;; Registers used:
  1548 ;;		wreg, status,2
  1549 ;; Tracked objects:
  1550 ;;		On entry : 0/0
  1551 ;;		On exit  : 0/0
  1552 ;;		Unchanged: 0/0
  1553 ;; Data sizes:     COMRAM   BANK0   BANK1   BANK2   BANK3   BANK4   BANK5
  1554 ;;      Params:         0       0       0       0       0       0       0
  1555 ;;      Locals:         1       0       0       0       0       0       0
  1556 ;;      Temps:          0       0       0       0       0       0       0
  1557 ;;      Totals:         1       0       0       0       0       0       0
  1558 ;;Total ram usage:        1 bytes
  1559 ;; Hardware stack levels used: 1
  1560 ;; Hardware stack levels required when called: 2
  1561 ;; This function calls:
  1562 ;;		Nothing
  1563 ;; This function is called by:
  1564 ;;		_main
  1565 ;; This function uses a non-reentrant model
  1566 ;;
  1567                           
  1568                           	psect	text1
  1569   002DB0                     __ptext1:
  1570                           	callstack 0
  1571   002DB0                     _Teclado_LeerEvento:
  1572                           	callstack 28
  1573   002DB0                     
  1574                           ;./teclado_3x4_pic18lf25k22.h: 272:     char tecla;;./teclado_3x4_pic18lf25k22.h: 274:  
      +                             if (teclado_evento_disponible == 0)
  1575   002DB0  505A               	movf	_teclado_evento_disponible^0,w,c	;volatile
  1576   002DB2  A4D8               	btfss	status,2,c
  1577   002DB4  EFDE  F016         	goto	u6331
  1578   002DB8  EFE0  F016         	goto	u6330
  1579   002DBC                     u6331:
  1580   002DBC  EFE3  F016         	goto	l233
  1581   002DC0                     u6330:
  1582   002DC0                     
  1583                           ;./teclado_3x4_pic18lf25k22.h: 275:     {;./teclado_3x4_pic18lf25k22.h: 276:         ret
      +                          urn '\0';
  1584   002DC0  0E00               	movlw	0
  1585   002DC2  EFE8  F016         	goto	l234
  1586   002DC6                     l233:
  1587                           
  1588                           ;./teclado_3x4_pic18lf25k22.h: 279:     teclado_evento_disponible = 0;
  1589   002DC6  6A5A               	clrf	_teclado_evento_disponible^0,c	;volatile
  1590                           
  1591                           ;./teclado_3x4_pic18lf25k22.h: 280:     tecla = teclado_tecla_evento;
  1592   002DC8  C059  F006         	movff	_teclado_tecla_evento,Teclado_LeerEvento@tecla	;volatile
  1593                           
  1594                           ;./teclado_3x4_pic18lf25k22.h: 281:     teclado_tecla_evento = '\0';
  1595   002DCC  6A59               	clrf	_teclado_tecla_evento^0,c	;volatile
  1596   002DCE                     
  1597                           ;./teclado_3x4_pic18lf25k22.h: 283:     return tecla;
  1598   002DCE  5006               	movf	Teclado_LeerEvento@tecla^0,w,c
  1599   002DD0                     l234:
  1600   002DD0  0012               	return		;funcret
  1601   002DD2                     __end_of_Teclado_LeerEvento:
  1602                           	callstack 0
  1603                           
  1604 ;; *************** function _Teclado_Actualizar *****************
  1605 ;; Defined at:
  1606 ;;		line 242 in file "./teclado_3x4_pic18lf25k22.h"
  1607 ;; Parameters:    Size  Location     Type
  1608 ;;		None
  1609 ;; Auto vars:     Size  Location     Type
  1610 ;;  tecla           1    5[COMRAM] unsigned char 
  1611 ;; Return value:  Size  Location     Type
  1612 ;;                  1    wreg      void 
  1613 ;; Registers used:
  1614 ;;		wreg, status,2, cstack
  1615 ;; Tracked objects:
  1616 ;;		On entry : 0/0
  1617 ;;		On exit  : 0/0
  1618 ;;		Unchanged: 0/0
  1619 ;; Data sizes:     COMRAM   BANK0   BANK1   BANK2   BANK3   BANK4   BANK5
  1620 ;;      Params:         0       0       0       0       0       0       0
  1621 ;;      Locals:         1       0       0       0       0       0       0
  1622 ;;      Temps:          1       0       0       0       0       0       0
  1623 ;;      Totals:         2       0       0       0       0       0       0
  1624 ;;Total ram usage:        2 bytes
  1625 ;; Hardware stack levels used: 1
  1626 ;; Hardware stack levels required when called: 4
  1627 ;; This function calls:
  1628 ;;		_Teclado_Filas_Idle
  1629 ;;		_Teclado_LeerRaw
  1630 ;; This function is called by:
  1631 ;;		_main
  1632 ;; This function uses a non-reentrant model
  1633 ;;
  1634                           
  1635                           	psect	text2
  1636   002A5C                     __ptext2:
  1637                           	callstack 0
  1638   002A5C                     _Teclado_Actualizar:
  1639                           	callstack 26
  1640   002A5C                     
  1641                           ;./teclado_3x4_pic18lf25k22.h: 244:     char tecla;;./teclado_3x4_pic18lf25k22.h: 246:  
      +                             if (teclado_irq_pendiente == 0)
  1642   002A5C  505B               	movf	_teclado_irq_pendiente^0,w,c	;volatile
  1643   002A5E  A4D8               	btfss	status,2,c
  1644   002A60  EF34  F015         	goto	u6311
  1645   002A64  EF36  F015         	goto	u6310
  1646   002A68                     u6311:
  1647   002A68  EF38  F015         	goto	l228
  1648   002A6C                     u6310:
  1649   002A6C  EF52  F015         	goto	l229
  1650   002A70                     l228:
  1651                           
  1652                           ;./teclado_3x4_pic18lf25k22.h: 251:     teclado_irq_pendiente = 0;
  1653   002A70  6A5B               	clrf	_teclado_irq_pendiente^0,c	;volatile
  1654   002A72                     
  1655                           ;./teclado_3x4_pic18lf25k22.h: 253:     _delay((unsigned long)((25)*(1000000UL/4000.0)))
      +                          ;
  1656   002A72  0E09               	movlw	9
  1657   002A74  6E06               	movwf	??_Teclado_Actualizar^0,c
  1658   002A76  0E1C               	movlw	28
  1659   002A78                     u6617:
  1660   002A78  2EE8               	decfsz	wreg,f,c
  1661   002A7A  D7FE               	bra	u6617
  1662   002A7C  2E06               	decfsz	??_Teclado_Actualizar^0,f,c
  1663   002A7E  D7FC               	bra	u6617
  1664   002A80  D000               	nop2	
  1665   002A82                     
  1666                           ;./teclado_3x4_pic18lf25k22.h: 255:     tecla = Teclado_LeerRaw();
  1667   002A82  ECCE  F00D         	call	_Teclado_LeerRaw	;wreg free
  1668   002A86  6E07               	movwf	Teclado_Actualizar@tecla^0,c
  1669   002A88                     
  1670                           ;./teclado_3x4_pic18lf25k22.h: 257:     if (tecla != '\0')
  1671   002A88  5007               	movf	Teclado_Actualizar@tecla^0,w,c
  1672   002A8A  B4D8               	btfsc	status,2,c
  1673   002A8C  EF4A  F015         	goto	u6321
  1674   002A90  EF4C  F015         	goto	u6320
  1675   002A94                     u6321:
  1676   002A94  EF50  F015         	goto	l5973
  1677   002A98                     u6320:
  1678   002A98                     
  1679                           ;./teclado_3x4_pic18lf25k22.h: 258:     {;./teclado_3x4_pic18lf25k22.h: 259:         tec
      +                          lado_tecla_evento = tecla;
  1680   002A98  C007  F059         	movff	Teclado_Actualizar@tecla,_teclado_tecla_evento	;volatile
  1681   002A9C                     
  1682                           ;./teclado_3x4_pic18lf25k22.h: 260:         teclado_evento_disponible = 1;
  1683   002A9C  0E01               	movlw	1
  1684   002A9E  6E5A               	movwf	_teclado_evento_disponible^0,c	;volatile
  1685   002AA0                     l5973:
  1686                           
  1687                           ;./teclado_3x4_pic18lf25k22.h: 263:     Teclado_Filas_Idle();
  1688   002AA0  ECDA  F017         	call	_Teclado_Filas_Idle	;wreg free
  1689   002AA4                     l229:
  1690   002AA4  0012               	return		;funcret
  1691   002AA6                     __end_of_Teclado_Actualizar:
  1692                           	callstack 0
  1693                           
  1694 ;; *************** function _Teclado_LeerRaw *****************
  1695 ;; Defined at:
  1696 ;;		line 182 in file "./teclado_3x4_pic18lf25k22.h"
  1697 ;; Parameters:    Size  Location     Type
  1698 ;;		None
  1699 ;; Auto vars:     Size  Location     Type
  1700 ;;		None
  1701 ;; Return value:  Size  Location     Type
  1702 ;;                  1    wreg      unsigned char 
  1703 ;; Registers used:
  1704 ;;		wreg, cstack
  1705 ;; Tracked objects:
  1706 ;;		On entry : 0/0
  1707 ;;		On exit  : 0/0
  1708 ;;		Unchanged: 0/0
  1709 ;; Data sizes:     COMRAM   BANK0   BANK1   BANK2   BANK3   BANK4   BANK5
  1710 ;;      Params:         0       0       0       0       0       0       0
  1711 ;;      Locals:         0       0       0       0       0       0       0
  1712 ;;      Temps:          0       0       0       0       0       0       0
  1713 ;;      Totals:         0       0       0       0       0       0       0
  1714 ;;Total ram usage:        0 bytes
  1715 ;; Hardware stack levels used: 1
  1716 ;; Hardware stack levels required when called: 3
  1717 ;; This function calls:
  1718 ;;		_Teclado_Filas_Idle
  1719 ;;		_Teclado_Filas_Off
  1720 ;; This function is called by:
  1721 ;;		_Teclado_Actualizar
  1722 ;; This function uses a non-reentrant model
  1723 ;;
  1724                           
  1725                           	psect	text3
  1726   001B9C                     __ptext3:
  1727                           	callstack 0
  1728   001B9C                     _Teclado_LeerRaw:
  1729                           	callstack 26
  1730   001B9C                     
  1731                           ;./teclado_3x4_pic18lf25k22.h: 184:     Teclado_Filas_Off();
  1732   001B9C  ECD5  F017         	call	_Teclado_Filas_Off	;wreg free
  1733   001BA0                     
  1734                           ;./teclado_3x4_pic18lf25k22.h: 189:     LATCbits.LATC2 = 1;
  1735   001BA0  848B               	bsf	139,2,c	;volatile
  1736   001BA2                     
  1737                           ;./teclado_3x4_pic18lf25k22.h: 190:     _delay((unsigned long)((50)*(1000000UL/4000000.0
      +                          )));
  1738   001BA2  0E04               	movlw	4
  1739   001BA4                     u6627:
  1740   001BA4  2EE8               	decfsz	wreg,f,c
  1741   001BA6  D7FE               	bra	u6627
  1742   001BA8                     
  1743                           ;./teclado_3x4_pic18lf25k22.h: 192:     if (PORTBbits.RB4 == 1) { Teclado_Filas_Idle(); 
      +                          return '1'; }
  1744   001BA8  A881               	btfss	129,4,c	;volatile
  1745   001BAA  EFD9  F00D         	goto	u6121
  1746   001BAE  EFDB  F00D         	goto	u6120
  1747   001BB2                     u6121:
  1748   001BB2  EFE0  F00D         	goto	l213
  1749   001BB6                     u6120:
  1750   001BB6  ECDA  F017         	call	_Teclado_Filas_Idle	;wreg free
  1751   001BBA  0E31               	movlw	49
  1752   001BBC  EF76  F00E         	goto	l214
  1753   001BC0                     l213:
  1754                           
  1755                           ;./teclado_3x4_pic18lf25k22.h: 193:     if (PORTBbits.RB5 == 1) { Teclado_Filas_Idle(); 
      +                          return '2'; }
  1756   001BC0  AA81               	btfss	129,5,c	;volatile
  1757   001BC2  EFE5  F00D         	goto	u6131
  1758   001BC6  EFE7  F00D         	goto	u6130
  1759   001BCA                     u6131:
  1760   001BCA  EFEC  F00D         	goto	l215
  1761   001BCE                     u6130:
  1762   001BCE  ECDA  F017         	call	_Teclado_Filas_Idle	;wreg free
  1763   001BD2  0E32               	movlw	50
  1764   001BD4  EF76  F00E         	goto	l214
  1765   001BD8                     l215:
  1766                           
  1767                           ;./teclado_3x4_pic18lf25k22.h: 194:     if (PORTBbits.RB6 == 1) { Teclado_Filas_Idle(); 
      +                          return '3'; }
  1768   001BD8  AC81               	btfss	129,6,c	;volatile
  1769   001BDA  EFF1  F00D         	goto	u6141
  1770   001BDE  EFF3  F00D         	goto	u6140
  1771   001BE2                     u6141:
  1772   001BE2  EFF8  F00D         	goto	l216
  1773   001BE6                     u6140:
  1774   001BE6  ECDA  F017         	call	_Teclado_Filas_Idle	;wreg free
  1775   001BEA  0E33               	movlw	51
  1776   001BEC  EF76  F00E         	goto	l214
  1777   001BF0                     l216:
  1778                           
  1779                           ;./teclado_3x4_pic18lf25k22.h: 196:     LATCbits.LATC2 = 0;
  1780   001BF0  948B               	bcf	139,2,c	;volatile
  1781                           
  1782                           ;./teclado_3x4_pic18lf25k22.h: 201:     LATCbits.LATC5 = 1;
  1783   001BF2  8A8B               	bsf	139,5,c	;volatile
  1784   001BF4                     
  1785                           ;./teclado_3x4_pic18lf25k22.h: 202:     _delay((unsigned long)((50)*(1000000UL/4000000.0
      +                          )));
  1786   001BF4  0E04               	movlw	4
  1787   001BF6                     u6637:
  1788   001BF6  2EE8               	decfsz	wreg,f,c
  1789   001BF8  D7FE               	bra	u6637
  1790   001BFA                     
  1791                           ;./teclado_3x4_pic18lf25k22.h: 204:     if (PORTBbits.RB4 == 1) { Teclado_Filas_Idle(); 
      +                          return '4'; }
  1792   001BFA  A881               	btfss	129,4,c	;volatile
  1793   001BFC  EF02  F00E         	goto	u6151
  1794   001C00  EF04  F00E         	goto	u6150
  1795   001C04                     u6151:
  1796   001C04  EF09  F00E         	goto	l217
  1797   001C08                     u6150:
  1798   001C08  ECDA  F017         	call	_Teclado_Filas_Idle	;wreg free
  1799   001C0C  0E34               	movlw	52
  1800   001C0E  EF76  F00E         	goto	l214
  1801   001C12                     l217:
  1802                           
  1803                           ;./teclado_3x4_pic18lf25k22.h: 205:     if (PORTBbits.RB5 == 1) { Teclado_Filas_Idle(); 
      +                          return '5'; }
  1804   001C12  AA81               	btfss	129,5,c	;volatile
  1805   001C14  EF0E  F00E         	goto	u6161
  1806   001C18  EF10  F00E         	goto	u6160
  1807   001C1C                     u6161:
  1808   001C1C  EF15  F00E         	goto	l218
  1809   001C20                     u6160:
  1810   001C20  ECDA  F017         	call	_Teclado_Filas_Idle	;wreg free
  1811   001C24  0E35               	movlw	53
  1812   001C26  EF76  F00E         	goto	l214
  1813   001C2A                     l218:
  1814                           
  1815                           ;./teclado_3x4_pic18lf25k22.h: 206:     if (PORTBbits.RB6 == 1) { Teclado_Filas_Idle(); 
      +                          return '6'; }
  1816   001C2A  AC81               	btfss	129,6,c	;volatile
  1817   001C2C  EF1A  F00E         	goto	u6171
  1818   001C30  EF1C  F00E         	goto	u6170
  1819   001C34                     u6171:
  1820   001C34  EF21  F00E         	goto	l219
  1821   001C38                     u6170:
  1822   001C38  ECDA  F017         	call	_Teclado_Filas_Idle	;wreg free
  1823   001C3C  0E36               	movlw	54
  1824   001C3E  EF76  F00E         	goto	l214
  1825   001C42                     l219:
  1826                           
  1827                           ;./teclado_3x4_pic18lf25k22.h: 208:     LATCbits.LATC5 = 0;
  1828   001C42  9A8B               	bcf	139,5,c	;volatile
  1829                           
  1830                           ;./teclado_3x4_pic18lf25k22.h: 213:     LATCbits.LATC6 = 1;
  1831   001C44  8C8B               	bsf	139,6,c	;volatile
  1832   001C46                     
  1833                           ;./teclado_3x4_pic18lf25k22.h: 214:     _delay((unsigned long)((50)*(1000000UL/4000000.0
      +                          )));
  1834   001C46  0E04               	movlw	4
  1835   001C48                     u6647:
  1836   001C48  2EE8               	decfsz	wreg,f,c
  1837   001C4A  D7FE               	bra	u6647
  1838   001C4C                     
  1839                           ;./teclado_3x4_pic18lf25k22.h: 216:     if (PORTBbits.RB4 == 1) { Teclado_Filas_Idle(); 
      +                          return '7'; }
  1840   001C4C  A881               	btfss	129,4,c	;volatile
  1841   001C4E  EF2B  F00E         	goto	u6181
  1842   001C52  EF2D  F00E         	goto	u6180
  1843   001C56                     u6181:
  1844   001C56  EF32  F00E         	goto	l220
  1845   001C5A                     u6180:
  1846   001C5A  ECDA  F017         	call	_Teclado_Filas_Idle	;wreg free
  1847   001C5E  0E37               	movlw	55
  1848   001C60  EF76  F00E         	goto	l214
  1849   001C64                     l220:
  1850                           
  1851                           ;./teclado_3x4_pic18lf25k22.h: 217:     if (PORTBbits.RB5 == 1) { Teclado_Filas_Idle(); 
      +                          return '8'; }
  1852   001C64  AA81               	btfss	129,5,c	;volatile
  1853   001C66  EF37  F00E         	goto	u6191
  1854   001C6A  EF39  F00E         	goto	u6190
  1855   001C6E                     u6191:
  1856   001C6E  EF3E  F00E         	goto	l221
  1857   001C72                     u6190:
  1858   001C72  ECDA  F017         	call	_Teclado_Filas_Idle	;wreg free
  1859   001C76  0E38               	movlw	56
  1860   001C78  EF76  F00E         	goto	l214
  1861   001C7C                     l221:
  1862                           
  1863                           ;./teclado_3x4_pic18lf25k22.h: 218:     if (PORTBbits.RB6 == 1) { Teclado_Filas_Idle(); 
      +                          return '9'; }
  1864   001C7C  AC81               	btfss	129,6,c	;volatile
  1865   001C7E  EF43  F00E         	goto	u6201
  1866   001C82  EF45  F00E         	goto	u6200
  1867   001C86                     u6201:
  1868   001C86  EF4A  F00E         	goto	l222
  1869   001C8A                     u6200:
  1870   001C8A  ECDA  F017         	call	_Teclado_Filas_Idle	;wreg free
  1871   001C8E  0E39               	movlw	57
  1872   001C90  EF76  F00E         	goto	l214
  1873   001C94                     l222:
  1874                           
  1875                           ;./teclado_3x4_pic18lf25k22.h: 220:     LATCbits.LATC6 = 0;
  1876   001C94  9C8B               	bcf	139,6,c	;volatile
  1877                           
  1878                           ;./teclado_3x4_pic18lf25k22.h: 225:     LATCbits.LATC7 = 1;
  1879   001C96  8E8B               	bsf	139,7,c	;volatile
  1880   001C98                     
  1881                           ;./teclado_3x4_pic18lf25k22.h: 226:     _delay((unsigned long)((50)*(1000000UL/4000000.0
      +                          )));
  1882   001C98  0E04               	movlw	4
  1883   001C9A                     u6657:
  1884   001C9A  2EE8               	decfsz	wreg,f,c
  1885   001C9C  D7FE               	bra	u6657
  1886   001C9E                     
  1887                           ;./teclado_3x4_pic18lf25k22.h: 228:     if (PORTBbits.RB4 == 1) { Teclado_Filas_Idle(); 
      +                          return '*'; }
  1888   001C9E  A881               	btfss	129,4,c	;volatile
  1889   001CA0  EF54  F00E         	goto	u6211
  1890   001CA4  EF56  F00E         	goto	u6210
  1891   001CA8                     u6211:
  1892   001CA8  EF5B  F00E         	goto	l223
  1893   001CAC                     u6210:
  1894   001CAC  ECDA  F017         	call	_Teclado_Filas_Idle	;wreg free
  1895   001CB0  0E2A               	movlw	42
  1896   001CB2  EF76  F00E         	goto	l214
  1897   001CB6                     l223:
  1898                           
  1899                           ;./teclado_3x4_pic18lf25k22.h: 229:     if (PORTBbits.RB5 == 1) { Teclado_Filas_Idle(); 
      +                          return '0'; }
  1900   001CB6  AA81               	btfss	129,5,c	;volatile
  1901   001CB8  EF60  F00E         	goto	u6221
  1902   001CBC  EF62  F00E         	goto	u6220
  1903   001CC0                     u6221:
  1904   001CC0  EF67  F00E         	goto	l224
  1905   001CC4                     u6220:
  1906   001CC4  ECDA  F017         	call	_Teclado_Filas_Idle	;wreg free
  1907   001CC8  0E30               	movlw	48
  1908   001CCA  EF76  F00E         	goto	l214
  1909   001CCE                     l224:
  1910                           
  1911                           ;./teclado_3x4_pic18lf25k22.h: 230:     if (PORTBbits.RB6 == 1) { Teclado_Filas_Idle(); 
      +                          return '#'; }
  1912   001CCE  AC81               	btfss	129,6,c	;volatile
  1913   001CD0  EF6C  F00E         	goto	u6231
  1914   001CD4  EF6E  F00E         	goto	u6230
  1915   001CD8                     u6231:
  1916   001CD8  EF73  F00E         	goto	l5835
  1917   001CDC                     u6230:
  1918   001CDC  ECDA  F017         	call	_Teclado_Filas_Idle	;wreg free
  1919   001CE0  0E23               	movlw	35
  1920   001CE2  EF76  F00E         	goto	l214
  1921   001CE6                     l5835:
  1922                           
  1923                           ;./teclado_3x4_pic18lf25k22.h: 232:     Teclado_Filas_Idle();
  1924   001CE6  ECDA  F017         	call	_Teclado_Filas_Idle	;wreg free
  1925   001CEA                     
  1926                           ;./teclado_3x4_pic18lf25k22.h: 234:     return '\0';
  1927   001CEA  0E00               	movlw	0
  1928   001CEC                     l214:
  1929   001CEC  0012               	return		;funcret
  1930   001CEE                     __end_of_Teclado_LeerRaw:
  1931                           	callstack 0
  1932                           
  1933 ;; *************** function _MCU_Init *****************
  1934 ;; Defined at:
  1935 ;;		line 286 in file "main.c"
  1936 ;; Parameters:    Size  Location     Type
  1937 ;;		None
  1938 ;; Auto vars:     Size  Location     Type
  1939 ;;		None
  1940 ;; Return value:  Size  Location     Type
  1941 ;;                  1    wreg      void 
  1942 ;; Registers used:
  1943 ;;		wreg, status,2
  1944 ;; Tracked objects:
  1945 ;;		On entry : 0/0
  1946 ;;		On exit  : 0/0
  1947 ;;		Unchanged: 0/0
  1948 ;; Data sizes:     COMRAM   BANK0   BANK1   BANK2   BANK3   BANK4   BANK5
  1949 ;;      Params:         0       0       0       0       0       0       0
  1950 ;;      Locals:         0       0       0       0       0       0       0
  1951 ;;      Temps:          0       0       0       0       0       0       0
  1952 ;;      Totals:         0       0       0       0       0       0       0
  1953 ;;Total ram usage:        0 bytes
  1954 ;; Hardware stack levels used: 1
  1955 ;; Hardware stack levels required when called: 2
  1956 ;; This function calls:
  1957 ;;		Nothing
  1958 ;; This function is called by:
  1959 ;;		_main
  1960 ;; This function uses a non-reentrant model
  1961 ;;
  1962                           
  1963                           	psect	text4
  1964   002DD2                     __ptext4:
  1965                           	callstack 0
  1966   002DD2                     _MCU_Init:
  1967                           	callstack 28
  1968   002DD2                     
  1969                           ;main.c: 289:     OSCCONbits.IRCF = 0b011;
  1970   002DD2  50D3               	movf	211,w,c	;volatile
  1971   002DD4  0B8F               	andlw	-113
  1972   002DD6  0930               	iorlw	48
  1973   002DD8  6ED3               	movwf	211,c	;volatile
  1974                           
  1975                           ;main.c: 290:     OSCCONbits.SCS = 0b10;
  1976   002DDA  50D3               	movf	211,w,c	;volatile
  1977   002DDC  0BFC               	andlw	-4
  1978   002DDE  0902               	iorlw	2
  1979   002DE0  6ED3               	movwf	211,c	;volatile
  1980   002DE2                     
  1981                           ;main.c: 294:     ANSELA = 0x00;
  1982   002DE2  010F               	movlb	15	; () banked
  1983   002DE4  6B38               	clrf	56,b	;volatile
  1984   002DE6                     
  1985                           ; BSR set to: 15
  1986                           ;main.c: 295:     ANSELB = 0x00;
  1987   002DE6  6B39               	clrf	57,b	;volatile
  1988   002DE8                     
  1989                           ; BSR set to: 15
  1990                           ;main.c: 296:     ANSELC = 0x00;
  1991   002DE8  6B3A               	clrf	58,b	;volatile
  1992   002DEA                     
  1993                           ; BSR set to: 15
  1994                           ;main.c: 299:     CM1CON0 = 0x00;
  1995   002DEA  6A79               	clrf	121,c	;volatile
  1996   002DEC                     
  1997                           ; BSR set to: 15
  1998                           ;main.c: 300:     CM2CON0 = 0x00;
  1999   002DEC  6A78               	clrf	120,c	;volatile
  2000   002DEE                     
  2001                           ; BSR set to: 15
  2002                           ;main.c: 303:     TRISCbits.TRISC0 = 0;
  2003   002DEE  9094               	bcf	148,0,c	;volatile
  2004   002DF0                     
  2005                           ; BSR set to: 15
  2006                           ;main.c: 304:     LATCbits.LATC0 = 0;
  2007   002DF0  908B               	bcf	139,0,c	;volatile
  2008   002DF2                     
  2009                           ; BSR set to: 15
  2010   002DF2  0012               	return		;funcret
  2011   002DF4                     __end_of_MCU_Init:
  2012                           	callstack 0
  2013                           
  2014 ;; *************** function _LCD_Init *****************
  2015 ;; Defined at:
  2016 ;;		line 219 in file "./lcd_i2c.h"
  2017 ;; Parameters:    Size  Location     Type
  2018 ;;		None
  2019 ;; Auto vars:     Size  Location     Type
  2020 ;;		None
  2021 ;; Return value:  Size  Location     Type
  2022 ;;                  1    wreg      void 
  2023 ;; Registers used:
  2024 ;;		wreg, status,2, status,0, cstack
  2025 ;; Tracked objects:
  2026 ;;		On entry : 0/0
  2027 ;;		On exit  : 0/0
  2028 ;;		Unchanged: 0/0
  2029 ;; Data sizes:     COMRAM   BANK0   BANK1   BANK2   BANK3   BANK4   BANK5
  2030 ;;      Params:         0       0       0       0       0       0       0
  2031 ;;      Locals:         0       0       0       0       0       0       0
  2032 ;;      Temps:          1       0       0       0       0       0       0
  2033 ;;      Totals:         1       0       0       0       0       0       0
  2034 ;;Total ram usage:        1 bytes
  2035 ;; Hardware stack levels used: 1
  2036 ;; Hardware stack levels required when called: 3
  2037 ;; This function calls:
  2038 ;;		_LCD_Clear
  2039 ;;		_LCD_Cmd
  2040 ;;		_LCD_I2C2_Init
  2041 ;;		_LCD_SendNibble
  2042 ;; This function is called by:
  2043 ;;		_main
  2044 ;; This function uses a non-reentrant model
  2045 ;;
  2046                           
  2047                           	psect	text5
  2048   002670                     __ptext5:
  2049                           	callstack 0
  2050   002670                     _LCD_Init:
  2051                           	callstack 27
  2052   002670                     
  2053                           ;./lcd_i2c.h: 221:     LCD_I2C2_Init();
  2054   002670  EC65  F017         	call	_LCD_I2C2_Init	;wreg free
  2055   002674                     
  2056                           ;./lcd_i2c.h: 223:     _delay((unsigned long)((50)*(1000000UL/4000.0)));
  2057   002674  0E11               	movlw	17
  2058   002676  6E10               	movwf	??_LCD_Init^0,c
  2059   002678  0E3A               	movlw	58
  2060   00267A                     u6667:
  2061   00267A  2EE8               	decfsz	wreg,f,c
  2062   00267C  D7FE               	bra	u6667
  2063   00267E  2E10               	decfsz	??_LCD_Init^0,f,c
  2064   002680  D7FC               	bra	u6667
  2065   002682  D000               	nop2	
  2066   002684                     
  2067                           ;./lcd_i2c.h: 226:     LCD_SendNibble(0x30, 0);
  2068   002684  0E00               	movlw	0
  2069   002686  6E0A               	movwf	LCD_SendNibble@rs^0,c
  2070   002688  0E30               	movlw	48
  2071   00268A  ECB2  F016         	call	_LCD_SendNibble
  2072   00268E                     
  2073                           ;./lcd_i2c.h: 227:     _delay((unsigned long)((5)*(1000000UL/4000.0)));
  2074   00268E  0EFA               	movlw	250
  2075   002690                     u6677:
  2076   002690  D000               	nop2	
  2077   002692  2EE8               	decfsz	wreg,f,c
  2078   002694  D7FD               	bra	u6677
  2079   002696                     
  2080                           ;./lcd_i2c.h: 229:     LCD_SendNibble(0x30, 0);
  2081   002696  0E00               	movlw	0
  2082   002698  6E0A               	movwf	LCD_SendNibble@rs^0,c
  2083   00269A  0E30               	movlw	48
  2084   00269C  ECB2  F016         	call	_LCD_SendNibble
  2085   0026A0                     
  2086                           ;./lcd_i2c.h: 230:     _delay((unsigned long)((5)*(1000000UL/4000.0)));
  2087   0026A0  0EFA               	movlw	250
  2088   0026A2                     u6687:
  2089   0026A2  D000               	nop2	
  2090   0026A4  2EE8               	decfsz	wreg,f,c
  2091   0026A6  D7FD               	bra	u6687
  2092   0026A8                     
  2093                           ;./lcd_i2c.h: 232:     LCD_SendNibble(0x30, 0);
  2094   0026A8  0E00               	movlw	0
  2095   0026AA  6E0A               	movwf	LCD_SendNibble@rs^0,c
  2096   0026AC  0E30               	movlw	48
  2097   0026AE  ECB2  F016         	call	_LCD_SendNibble
  2098   0026B2                     
  2099                           ;./lcd_i2c.h: 233:     _delay((unsigned long)((1)*(1000000UL/4000.0)));
  2100   0026B2  0E53               	movlw	83
  2101   0026B4                     u6697:
  2102   0026B4  2EE8               	decfsz	wreg,f,c
  2103   0026B6  D7FE               	bra	u6697
  2104   0026B8  0000               	nop	
  2105   0026BA                     
  2106                           ;./lcd_i2c.h: 235:     LCD_SendNibble(0x20, 0);
  2107   0026BA  0E00               	movlw	0
  2108   0026BC  6E0A               	movwf	LCD_SendNibble@rs^0,c
  2109   0026BE  0E20               	movlw	32
  2110   0026C0  ECB2  F016         	call	_LCD_SendNibble
  2111   0026C4                     
  2112                           ;./lcd_i2c.h: 236:     _delay((unsigned long)((1)*(1000000UL/4000.0)));
  2113   0026C4  0E53               	movlw	83
  2114   0026C6                     u6707:
  2115   0026C6  2EE8               	decfsz	wreg,f,c
  2116   0026C8  D7FE               	bra	u6707
  2117   0026CA  0000               	nop	
  2118   0026CC                     
  2119                           ;./lcd_i2c.h: 238:     LCD_Cmd(0x28);
  2120   0026CC  0E28               	movlw	40
  2121   0026CE  ECAB  F017         	call	_LCD_Cmd
  2122   0026D2                     
  2123                           ;./lcd_i2c.h: 239:     LCD_Cmd(0x0C);
  2124   0026D2  0E0C               	movlw	12
  2125   0026D4  ECAB  F017         	call	_LCD_Cmd
  2126   0026D8                     
  2127                           ;./lcd_i2c.h: 240:     LCD_Cmd(0x06);
  2128   0026D8  0E06               	movlw	6
  2129   0026DA  ECAB  F017         	call	_LCD_Cmd
  2130   0026DE                     
  2131                           ;./lcd_i2c.h: 241:     LCD_Clear();
  2132   0026DE  ECBF  F017         	call	_LCD_Clear	;wreg free
  2133   0026E2  0012               	return		;funcret
  2134   0026E4                     __end_of_LCD_Init:
  2135                           	callstack 0
  2136                           
  2137 ;; *************** function _LCD_I2C2_Init *****************
  2138 ;; Defined at:
  2139 ;;		line 38 in file "./lcd_i2c.h"
  2140 ;; Parameters:    Size  Location     Type
  2141 ;;		None
  2142 ;; Auto vars:     Size  Location     Type
  2143 ;;		None
  2144 ;; Return value:  Size  Location     Type
  2145 ;;                  1    wreg      void 
  2146 ;; Registers used:
  2147 ;;		wreg, status,2
  2148 ;; Tracked objects:
  2149 ;;		On entry : 0/0
  2150 ;;		On exit  : 0/0
  2151 ;;		Unchanged: 0/0
  2152 ;; Data sizes:     COMRAM   BANK0   BANK1   BANK2   BANK3   BANK4   BANK5
  2153 ;;      Params:         0       0       0       0       0       0       0
  2154 ;;      Locals:         0       0       0       0       0       0       0
  2155 ;;      Temps:          0       0       0       0       0       0       0
  2156 ;;      Totals:         0       0       0       0       0       0       0
  2157 ;;Total ram usage:        0 bytes
  2158 ;; Hardware stack levels used: 1
  2159 ;; Hardware stack levels required when called: 2
  2160 ;; This function calls:
  2161 ;;		Nothing
  2162 ;; This function is called by:
  2163 ;;		_LCD_Init
  2164 ;; This function uses a non-reentrant model
  2165 ;;
  2166                           
  2167                           	psect	text6
  2168   002ECA                     __ptext6:
  2169                           	callstack 0
  2170   002ECA                     _LCD_I2C2_Init:
  2171                           	callstack 27
  2172   002ECA                     
  2173                           ;./lcd_i2c.h: 43:     ANSELB = 0x00;
  2174   002ECA  010F               	movlb	15	; () banked
  2175   002ECC  6B39               	clrf	57,b	;volatile
  2176                           
  2177                           ;./lcd_i2c.h: 45:     TRISBbits.TRISB1 = 1;
  2178   002ECE  8293               	bsf	147,1,c	;volatile
  2179                           
  2180                           ;./lcd_i2c.h: 46:     TRISBbits.TRISB2 = 1;
  2181   002ED0  8493               	bsf	147,2,c	;volatile
  2182   002ED2                     
  2183                           ; BSR set to: 15
  2184                           ;./lcd_i2c.h: 48:     SSP2CON1 = 0x28;
  2185   002ED2  0E28               	movlw	40
  2186   002ED4  6E6C               	movwf	108,c	;volatile
  2187   002ED6                     
  2188                           ; BSR set to: 15
  2189                           ;./lcd_i2c.h: 49:     SSP2CON2 = 0x00;
  2190   002ED6  6A6B               	clrf	107,c	;volatile
  2191                           
  2192                           ;./lcd_i2c.h: 50:     SSP2STAT = 0x80;
  2193   002ED8  0E80               	movlw	128
  2194   002EDA  6E6D               	movwf	109,c	;volatile
  2195                           
  2196                           ;./lcd_i2c.h: 52:     SSP2ADD = ((1000000UL / (4UL * 100000UL)) - 1);
  2197   002EDC  0E01               	movlw	1
  2198   002EDE  6E6E               	movwf	110,c	;volatile
  2199   002EE0                     
  2200                           ; BSR set to: 15
  2201   002EE0  0012               	return		;funcret
  2202   002EE2                     __end_of_LCD_I2C2_Init:
  2203                           	callstack 0
  2204                           
  2205 ;; *************** function _Entrada_ProcesarTecla *****************
  2206 ;; Defined at:
  2207 ;;		line 557 in file "main.c"
  2208 ;; Parameters:    Size  Location     Type
  2209 ;;  tecla           1    wreg     unsigned char 
  2210 ;; Auto vars:     Size  Location     Type
  2211 ;;  tecla           1   85[COMRAM] unsigned char 
  2212 ;; Return value:  Size  Location     Type
  2213 ;;                  1    wreg      void 
  2214 ;; Registers used:
  2215 ;;		wreg, fsr1l, fsr1h, fsr2l, fsr2h, status,2, status,0, tblptrl, tblptrh, tblptru, prodl, prodh, cstack
  2216 ;; Tracked objects:
  2217 ;;		On entry : 0/0
  2218 ;;		On exit  : 0/0
  2219 ;;		Unchanged: 0/0
  2220 ;; Data sizes:     COMRAM   BANK0   BANK1   BANK2   BANK3   BANK4   BANK5
  2221 ;;      Params:         0       0       0       0       0       0       0
  2222 ;;      Locals:         1       0       0       0       0       0       0
  2223 ;;      Temps:          0       0       0       0       0       0       0
  2224 ;;      Totals:         1       0       0       0       0       0       0
  2225 ;;Total ram usage:        1 bytes
  2226 ;; Hardware stack levels used: 1
  2227 ;; Hardware stack levels required when called: 7
  2228 ;; This function calls:
  2229 ;;		_Entrada_Guardar
  2230 ;;		_LCD_MostrarEntrada
  2231 ;;		_LCD_MostrarMensajeTemporal
  2232 ;; This function is called by:
  2233 ;;		_main
  2234 ;; This function uses a non-reentrant model
  2235 ;;
  2236                           
  2237                           	psect	text7
  2238   001CEE                     __ptext7:
  2239                           	callstack 0
  2240   001CEE                     _Entrada_ProcesarTecla:
  2241                           	callstack 23
  2242                           
  2243                           ; BSR set to: 15
  2244                           ;incstack = 0
  2245                           ;Entrada_ProcesarTecla@tecla stored from wreg
  2246   001CEE  6E57               	movwf	Entrada_ProcesarTecla@tecla^0,c
  2247   001CF0                     
  2248                           ;main.c: 557: void Entrada_ProcesarTecla(char tecla);main.c: 558: {;main.c: 559:     if 
      +                          (tecla >= '0' && tecla <= '9')
  2249   001CF0  0E2F               	movlw	47
  2250   001CF2  6457               	cpfsgt	Entrada_ProcesarTecla@tecla^0,c
  2251   001CF4  EF7E  F00E         	goto	u6421
  2252   001CF8  EF80  F00E         	goto	u6420
  2253   001CFC                     u6421:
  2254   001CFC  EFA7  F00E         	goto	l6075
  2255   001D00                     u6420:
  2256   001D00  0E3A               	movlw	58
  2257   001D02  6057               	cpfslt	Entrada_ProcesarTecla@tecla^0,c
  2258   001D04  EF86  F00E         	goto	u6431
  2259   001D08  EF88  F00E         	goto	u6430
  2260   001D0C                     u6431:
  2261   001D0C  EFA7  F00E         	goto	l6075
  2262   001D10                     u6430:
  2263   001D10                     
  2264                           ;main.c: 560:     {;main.c: 561:         if (numero_len < (16 - 1))
  2265   001D10  0E0F               	movlw	15
  2266   001D12  0100               	movlb	0	; () banked
  2267   001D14  617B               	cpfslt	_numero_len& (0+255),b
  2268   001D16  EF8F  F00E         	goto	u6441
  2269   001D1A  EF91  F00E         	goto	u6440
  2270   001D1E                     u6441:
  2271   001D1E  EFA1  F00E         	goto	l6071
  2272   001D22                     u6440:
  2273   001D22                     
  2274                           ; BSR set to: 0
  2275                           ;main.c: 562:         {;main.c: 563:             numero_buffer[numero_len] = tecla;
  2276   001D22  517B               	movf	_numero_len& (0+255),w,b
  2277   001D24  0F80               	addlw	low _numero_buffer
  2278   001D26  6ED9               	movwf	fsr2l,c
  2279   001D28  6ADA               	clrf	fsr2h,c
  2280   001D2A  C057  FFDF         	movff	Entrada_ProcesarTecla@tecla,indf2
  2281   001D2E                     
  2282                           ; BSR set to: 0
  2283                           ;main.c: 564:             numero_len++;
  2284   001D2E  2B7B               	incf	_numero_len& (0+255),f,b
  2285   001D30                     
  2286                           ; BSR set to: 0
  2287                           ;main.c: 565:             numero_buffer[numero_len] = '\0';
  2288   001D30  517B               	movf	_numero_len& (0+255),w,b
  2289   001D32  0F80               	addlw	low _numero_buffer
  2290   001D34  6ED9               	movwf	fsr2l,c
  2291   001D36  6ADA               	clrf	fsr2h,c
  2292   001D38  6ADF               	clrf	indf2,c
  2293   001D3A                     l6069:
  2294                           
  2295                           ; BSR set to: 0
  2296                           ;main.c: 567:             LCD_MostrarEntrada();
  2297   001D3A  EC8E  F010         	call	_LCD_MostrarEntrada	;wreg free
  2298                           
  2299                           ;main.c: 568:         }
  2300   001D3E  EFFF  F00E         	goto	l406
  2301   001D42                     l6071:
  2302                           
  2303                           ; BSR set to: 0
  2304                           ;main.c: 570:         {;main.c: 571:             LCD_MostrarMensajeTemporal("Buffer llen
      +                          o");
  2305   001D42  0E79               	movlw	low STR_1
  2306   001D44  6E15               	movwf	LCD_MostrarMensajeTemporal@mensaje^0,c
  2307   001D46  ECF4  F015         	call	_LCD_MostrarMensajeTemporal	;wreg free
  2308   001D4A  EFFF  F00E         	goto	l406
  2309   001D4E                     l6075:
  2310                           
  2311                           ;main.c: 577:     if (tecla == '#')
  2312   001D4E  0E23               	movlw	35
  2313   001D50  1857               	xorwf	Entrada_ProcesarTecla@tecla^0,w,c
  2314   001D52  A4D8               	btfss	status,2,c
  2315   001D54  EFAE  F00E         	goto	u6451
  2316   001D58  EFB0  F00E         	goto	u6450
  2317   001D5C                     u6451:
  2318   001D5C  EFF4  F00E         	goto	l6107
  2319   001D60                     u6450:
  2320   001D60                     
  2321                           ;main.c: 578:     {;main.c: 579:         if (numero_tiene_punto)
  2322   001D60  0100               	movlb	0	; () banked
  2323   001D62  517A               	movf	_numero_tiene_punto& (0+255),w,b
  2324   001D64  B4D8               	btfsc	status,2,c
  2325   001D66  EFB7  F00E         	goto	u6461
  2326   001D6A  EFB9  F00E         	goto	u6460
  2327   001D6E                     u6461:
  2328   001D6E  EFBF  F00E         	goto	l6083
  2329   001D72                     u6460:
  2330   001D72                     
  2331                           ; BSR set to: 0
  2332                           ;main.c: 580:         {;main.c: 581:             LCD_MostrarMensajeTemporal("Ya tiene pu
      +                          nto");
  2333   001D72  0E5D               	movlw	low STR_2
  2334   001D74  6E15               	movwf	LCD_MostrarMensajeTemporal@mensaje^0,c
  2335   001D76  ECF4  F015         	call	_LCD_MostrarMensajeTemporal	;wreg free
  2336   001D7A  EFFF  F00E         	goto	l406
  2337   001D7E                     l6083:
  2338                           
  2339                           ; BSR set to: 0
  2340                           ;main.c: 585:         if (numero_len < (16 - 1))
  2341   001D7E  0E0F               	movlw	15
  2342   001D80  617B               	cpfslt	_numero_len& (0+255),b
  2343   001D82  EFC5  F00E         	goto	u6471
  2344   001D86  EFC7  F00E         	goto	u6470
  2345   001D8A                     u6471:
  2346   001D8A  EFEE  F00E         	goto	l6103
  2347   001D8E                     u6470:
  2348   001D8E                     
  2349                           ; BSR set to: 0
  2350                           ;main.c: 586:         {;main.c: 587:             if (numero_len == 0)
  2351   001D8E  517B               	movf	_numero_len& (0+255),w,b
  2352   001D90  A4D8               	btfss	status,2,c
  2353   001D92  EFCD  F00E         	goto	u6481
  2354   001D96  EFCF  F00E         	goto	u6480
  2355   001D9A                     u6481:
  2356   001D9A  EFD6  F00E         	goto	l6091
  2357   001D9E                     u6480:
  2358   001D9E                     
  2359                           ; BSR set to: 0
  2360                           ;main.c: 588:             {;main.c: 589:                 numero_buffer[numero_len] = '0'
      +                          ;
  2361   001D9E  517B               	movf	_numero_len& (0+255),w,b
  2362   001DA0  0F80               	addlw	low _numero_buffer
  2363   001DA2  6ED9               	movwf	fsr2l,c
  2364   001DA4  6ADA               	clrf	fsr2h,c
  2365   001DA6  0E30               	movlw	48
  2366   001DA8  6EDF               	movwf	indf2,c
  2367   001DAA                     
  2368                           ; BSR set to: 0
  2369                           ;main.c: 590:                 numero_len++;
  2370   001DAA  2B7B               	incf	_numero_len& (0+255),f,b
  2371   001DAC                     l6091:
  2372                           
  2373                           ; BSR set to: 0
  2374                           ;main.c: 593:             if (numero_len < (16 - 1))
  2375   001DAC  0E0F               	movlw	15
  2376   001DAE  617B               	cpfslt	_numero_len& (0+255),b
  2377   001DB0  EFDC  F00E         	goto	u6491
  2378   001DB4  EFDE  F00E         	goto	u6490
  2379   001DB8                     u6491:
  2380   001DB8  EFFF  F00E         	goto	l406
  2381   001DBC                     u6490:
  2382   001DBC                     
  2383                           ; BSR set to: 0
  2384                           ;main.c: 594:             {;main.c: 595:                 numero_buffer[numero_len] = '.'
      +                          ;
  2385   001DBC  517B               	movf	_numero_len& (0+255),w,b
  2386   001DBE  0F80               	addlw	low _numero_buffer
  2387   001DC0  6ED9               	movwf	fsr2l,c
  2388   001DC2  6ADA               	clrf	fsr2h,c
  2389   001DC4  0E2E               	movlw	46
  2390   001DC6  6EDF               	movwf	indf2,c
  2391   001DC8                     
  2392                           ; BSR set to: 0
  2393                           ;main.c: 596:                 numero_len++;
  2394   001DC8  2B7B               	incf	_numero_len& (0+255),f,b
  2395   001DCA                     
  2396                           ; BSR set to: 0
  2397                           ;main.c: 597:                 numero_buffer[numero_len] = '\0';
  2398   001DCA  517B               	movf	_numero_len& (0+255),w,b
  2399   001DCC  0F80               	addlw	low _numero_buffer
  2400   001DCE  6ED9               	movwf	fsr2l,c
  2401   001DD0  6ADA               	clrf	fsr2h,c
  2402   001DD2  6ADF               	clrf	indf2,c
  2403   001DD4                     
  2404                           ; BSR set to: 0
  2405                           ;main.c: 599:                 numero_tiene_punto = 1;
  2406   001DD4  0E01               	movlw	1
  2407   001DD6  6F7A               	movwf	_numero_tiene_punto& (0+255),b
  2408   001DD8  EF9D  F00E         	goto	l6069
  2409   001DDC                     l6103:
  2410                           
  2411                           ; BSR set to: 0
  2412                           ;main.c: 605:         {;main.c: 606:             LCD_MostrarMensajeTemporal("Buffer llen
      +                          o");
  2413   001DDC  0E79               	movlw	low STR_1
  2414   001DDE  6E15               	movwf	LCD_MostrarMensajeTemporal@mensaje^0,c
  2415   001DE0  ECF4  F015         	call	_LCD_MostrarMensajeTemporal	;wreg free
  2416   001DE4  EFFF  F00E         	goto	l406
  2417   001DE8                     l6107:
  2418                           
  2419                           ;main.c: 612:     if (tecla == '*')
  2420   001DE8  0E2A               	movlw	42
  2421   001DEA  1857               	xorwf	Entrada_ProcesarTecla@tecla^0,w,c
  2422   001DEC  A4D8               	btfss	status,2,c
  2423   001DEE  EFFB  F00E         	goto	u6501
  2424   001DF2  EFFD  F00E         	goto	u6500
  2425   001DF6                     u6501:
  2426   001DF6  EFFF  F00E         	goto	l406
  2427   001DFA                     u6500:
  2428   001DFA                     
  2429                           ;main.c: 613:     {;main.c: 614:         Entrada_Guardar();
  2430   001DFA  EC5D  F00C         	call	_Entrada_Guardar	;wreg free
  2431   001DFE                     l406:
  2432   001DFE  0012               	return		;funcret
  2433   001E00                     __end_of_Entrada_ProcesarTecla:
  2434                           	callstack 0
  2435                           
  2436 ;; *************** function _Entrada_Guardar *****************
  2437 ;; Defined at:
  2438 ;;		line 619 in file "main.c"
  2439 ;; Parameters:    Size  Location     Type
  2440 ;;		None
  2441 ;; Auto vars:     Size  Location     Type
  2442 ;;  valor_ingres    4    2[BANK0 ] float 
  2443 ;; Return value:  Size  Location     Type
  2444 ;;                  1    wreg      void 
  2445 ;; Registers used:
  2446 ;;		wreg, fsr1l, fsr1h, fsr2l, fsr2h, status,2, status,0, tblptrl, tblptrh, tblptru, prodl, prodh, cstack
  2447 ;; Tracked objects:
  2448 ;;		On entry : 0/0
  2449 ;;		On exit  : 0/0
  2450 ;;		Unchanged: 0/0
  2451 ;; Data sizes:     COMRAM   BANK0   BANK1   BANK2   BANK3   BANK4   BANK5
  2452 ;;      Params:         0       0       0       0       0       0       0
  2453 ;;      Locals:         0       4       0       0       0       0       0
  2454 ;;      Temps:          0       2       0       0       0       0       0
  2455 ;;      Totals:         0       6       0       0       0       0       0
  2456 ;;Total ram usage:        6 bytes
  2457 ;; Hardware stack levels used: 1
  2458 ;; Hardware stack levels required when called: 6
  2459 ;; This function calls:
  2460 ;;		_DAC_ActualizarCorriente
  2461 ;;		_DAC_ActualizarVoltaje
  2462 ;;		_LCD_MostrarGuardado
  2463 ;;		_LCD_MostrarMensajeTemporal
  2464 ;;		_LCD_MostrarReposo
  2465 ;;		_Mediciones_Actualizar
  2466 ;;		_Numero_ConvertirAFloat
  2467 ;;		_Numero_ResetBuffer
  2468 ;;		_Teclado_Deshabilitar
  2469 ;;		_Texto_Copiar
  2470 ;;		___flge
  2471 ;; This function is called by:
  2472 ;;		_Entrada_ProcesarTecla
  2473 ;; This function uses a non-reentrant model
  2474 ;;
  2475                           
  2476                           	psect	text8
  2477   0018BA                     __ptext8:
  2478                           	callstack 0
  2479   0018BA                     _Entrada_Guardar:
  2480                           	callstack 23
  2481   0018BA                     
  2482                           ;main.c: 621:     float valor_ingresado;;main.c: 623:     if (numero_len == 0)
  2483   0018BA  0100               	movlb	0	; () banked
  2484   0018BC  517B               	movf	_numero_len& (0+255),w,b
  2485   0018BE  A4D8               	btfss	status,2,c
  2486   0018C0  EF64  F00C         	goto	u6261
  2487   0018C4  EF66  F00C         	goto	u6260
  2488   0018C8                     u6261:
  2489   0018C8  EF6C  F00C         	goto	l5881
  2490   0018CC                     u6260:
  2491   0018CC                     
  2492                           ; BSR set to: 0
  2493                           ;main.c: 624:     {;main.c: 625:         LCD_MostrarMensajeTemporal("Ingrese un valor");
  2494   0018CC  0E3D               	movlw	low STR_4
  2495   0018CE  6E15               	movwf	LCD_MostrarMensajeTemporal@mensaje^0,c
  2496   0018D0  ECF4  F015         	call	_LCD_MostrarMensajeTemporal	;wreg free
  2497   0018D4  EF16  F00D         	goto	l417
  2498   0018D8                     l5881:
  2499                           
  2500                           ; BSR set to: 0
  2501                           ;main.c: 629:     valor_ingresado = Numero_ConvertirAFloat(numero_buffer);
  2502   0018D8  0E80               	movlw	low _numero_buffer
  2503   0018DA  6E3D               	movwf	Numero_ConvertirAFloat@texto^0,c
  2504   0018DC  ECB3  F009         	call	_Numero_ConvertirAFloat	;wreg free
  2505   0018E0  C03D  F0B2         	movff	?_Numero_ConvertirAFloat,Entrada_Guardar@valor_ingresado
  2506   0018E4  C03E  F0B3         	movff	?_Numero_ConvertirAFloat+1,Entrada_Guardar@valor_ingresado+1
  2507   0018E8  C03F  F0B4         	movff	?_Numero_ConvertirAFloat+2,Entrada_Guardar@valor_ingresado+2
  2508   0018EC  C040  F0B5         	movff	?_Numero_ConvertirAFloat+3,Entrada_Guardar@valor_ingresado+3
  2509   0018F0                     
  2510                           ;main.c: 631:     if (variable_actual == VAR_VOLTAJE)
  2511   0018F0  0100               	movlb	0	; () banked
  2512   0018F2  057C               	decf	_variable_actual& (0+255),w,b
  2513   0018F4  A4D8               	btfss	status,2,c
  2514   0018F6  EF7F  F00C         	goto	u6271
  2515   0018FA  EF81  F00C         	goto	u6270
  2516   0018FE                     u6271:
  2517   0018FE  EFBA  F00C         	goto	l5897
  2518   001902                     u6270:
  2519   001902                     
  2520                           ; BSR set to: 0
  2521                           ;main.c: 632:     {;main.c: 633:         if (valor_ingresado > 30.0f)
  2522   001902  0E00               	movlw	0
  2523   001904  6E06               	movwf	___flge@ff1^0,c
  2524   001906  0E00               	movlw	0
  2525   001908  6E07               	movwf	(___flge@ff1+1)^0,c
  2526   00190A  0EF0               	movlw	240
  2527   00190C  6E08               	movwf	(___flge@ff1+2)^0,c
  2528   00190E  0E41               	movlw	65
  2529   001910  6E09               	movwf	(___flge@ff1+3)^0,c
  2530   001912  C0B2  F00A         	movff	Entrada_Guardar@valor_ingresado,___flge@ff2
  2531   001916  C0B3  F00B         	movff	Entrada_Guardar@valor_ingresado+1,___flge@ff2+1
  2532   00191A  C0B4  F00C         	movff	Entrada_Guardar@valor_ingresado+2,___flge@ff2+2
  2533   00191E  C0B5  F00D         	movff	Entrada_Guardar@valor_ingresado+3,___flge@ff2+3
  2534   001922  EC0C  F010         	call	___flge	;wreg free
  2535   001926  B0D8               	btfsc	status,0,c
  2536   001928  EF98  F00C         	goto	u6281
  2537   00192C  EF9A  F00C         	goto	u6280
  2538   001930                     u6281:
  2539   001930  EFA0  F00C         	goto	l5891
  2540   001934                     u6280:
  2541   001934                     
  2542                           ;main.c: 634:         {;main.c: 635:             LCD_MostrarMensajeTemporal("Maximo 30 V
      +                          ");
  2543   001934  0E92               	movlw	low STR_5
  2544   001936  6E15               	movwf	LCD_MostrarMensajeTemporal@mensaje^0,c
  2545   001938  ECF4  F015         	call	_LCD_MostrarMensajeTemporal	;wreg free
  2546   00193C  EF16  F00D         	goto	l417
  2547   001940                     l5891:
  2548                           
  2549                           ;main.c: 639:         Texto_Copiar(voltaje_texto, numero_buffer);
  2550   001940  0EA0               	movlw	low _voltaje_texto
  2551   001942  6E06               	movwf	Texto_Copiar@destino^0,c
  2552   001944  0E80               	movlw	low _numero_buffer
  2553   001946  6E07               	movwf	Texto_Copiar@origen^0,c
  2554   001948  ECDC  F014         	call	_Texto_Copiar	;wreg free
  2555   00194C                     
  2556                           ;main.c: 640:         voltaje = valor_ingresado;
  2557   00194C  C0B2  F064         	movff	Entrada_Guardar@valor_ingresado,_voltaje
  2558   001950  C0B3  F065         	movff	Entrada_Guardar@valor_ingresado+1,_voltaje+1
  2559   001954  C0B4  F066         	movff	Entrada_Guardar@valor_ingresado+2,_voltaje+2
  2560   001958  C0B5  F067         	movff	Entrada_Guardar@valor_ingresado+3,_voltaje+3
  2561   00195C                     
  2562                           ;main.c: 642:         DAC_ActualizarVoltaje(voltaje);
  2563   00195C  C064  F053         	movff	_voltaje,DAC_ActualizarVoltaje@valor
  2564   001960  C065  F054         	movff	_voltaje+1,DAC_ActualizarVoltaje@valor+1
  2565   001964  C066  F055         	movff	_voltaje+2,DAC_ActualizarVoltaje@valor+2
  2566   001968  C067  F056         	movff	_voltaje+3,DAC_ActualizarVoltaje@valor+3
  2567   00196C  EC97  F015         	call	_DAC_ActualizarVoltaje	;wreg free
  2568                           
  2569                           ;main.c: 643:     }
  2570   001970  EFFA  F00C         	goto	l5911
  2571   001974                     l5897:
  2572                           
  2573                           ; BSR set to: 0
  2574   001974  0E02               	movlw	2
  2575   001976  197C               	xorwf	_variable_actual& (0+255),w,b
  2576   001978  A4D8               	btfss	status,2,c
  2577   00197A  EFC1  F00C         	goto	u6291
  2578   00197E  EFC3  F00C         	goto	u6290
  2579   001982                     u6291:
  2580   001982  EFFA  F00C         	goto	l5911
  2581   001986                     u6290:
  2582   001986                     
  2583                           ; BSR set to: 0
  2584                           ;main.c: 645:     {;main.c: 646:         if (valor_ingresado > 3.0f)
  2585   001986  0E00               	movlw	0
  2586   001988  6E06               	movwf	___flge@ff1^0,c
  2587   00198A  0E00               	movlw	0
  2588   00198C  6E07               	movwf	(___flge@ff1+1)^0,c
  2589   00198E  0E40               	movlw	64
  2590   001990  6E08               	movwf	(___flge@ff1+2)^0,c
  2591   001992  0E40               	movlw	64
  2592   001994  6E09               	movwf	(___flge@ff1+3)^0,c
  2593   001996  C0B2  F00A         	movff	Entrada_Guardar@valor_ingresado,___flge@ff2
  2594   00199A  C0B3  F00B         	movff	Entrada_Guardar@valor_ingresado+1,___flge@ff2+1
  2595   00199E  C0B4  F00C         	movff	Entrada_Guardar@valor_ingresado+2,___flge@ff2+2
  2596   0019A2  C0B5  F00D         	movff	Entrada_Guardar@valor_ingresado+3,___flge@ff2+3
  2597   0019A6  EC0C  F010         	call	___flge	;wreg free
  2598   0019AA  B0D8               	btfsc	status,0,c
  2599   0019AC  EFDA  F00C         	goto	u6301
  2600   0019B0  EFDC  F00C         	goto	u6300
  2601   0019B4                     u6301:
  2602   0019B4  EFE2  F00C         	goto	l5905
  2603   0019B8                     u6300:
  2604   0019B8                     
  2605                           ;main.c: 647:         {;main.c: 648:             LCD_MostrarMensajeTemporal("Maximo 3 A"
      +                          );
  2606   0019B8  0EAA               	movlw	low STR_6
  2607   0019BA  6E15               	movwf	LCD_MostrarMensajeTemporal@mensaje^0,c
  2608   0019BC  ECF4  F015         	call	_LCD_MostrarMensajeTemporal	;wreg free
  2609   0019C0  EF16  F00D         	goto	l417
  2610   0019C4                     l5905:
  2611                           
  2612                           ;main.c: 652:         Texto_Copiar(corriente_texto, numero_buffer);
  2613   0019C4  0E90               	movlw	low _corriente_texto
  2614   0019C6  6E06               	movwf	Texto_Copiar@destino^0,c
  2615   0019C8  0E80               	movlw	low _numero_buffer
  2616   0019CA  6E07               	movwf	Texto_Copiar@origen^0,c
  2617   0019CC  ECDC  F014         	call	_Texto_Copiar	;wreg free
  2618   0019D0                     
  2619                           ;main.c: 653:         corriente = valor_ingresado;
  2620   0019D0  C0B2  F060         	movff	Entrada_Guardar@valor_ingresado,_corriente
  2621   0019D4  C0B3  F061         	movff	Entrada_Guardar@valor_ingresado+1,_corriente+1
  2622   0019D8  C0B4  F062         	movff	Entrada_Guardar@valor_ingresado+2,_corriente+2
  2623   0019DC  C0B5  F063         	movff	Entrada_Guardar@valor_ingresado+3,_corriente+3
  2624   0019E0                     
  2625                           ;main.c: 655:         DAC_ActualizarCorriente(corriente);
  2626   0019E0  C060  F053         	movff	_corriente,DAC_ActualizarCorriente@valor
  2627   0019E4  C061  F054         	movff	_corriente+1,DAC_ActualizarCorriente@valor+1
  2628   0019E8  C062  F055         	movff	_corriente+2,DAC_ActualizarCorriente@valor+2
  2629   0019EC  C063  F056         	movff	_corriente+3,DAC_ActualizarCorriente@valor+3
  2630   0019F0  ECB7  F015         	call	_DAC_ActualizarCorriente	;wreg free
  2631   0019F4                     l5911:
  2632                           
  2633                           ;main.c: 658:     LCD_MostrarGuardado();
  2634   0019F4  ECA5  F00A         	call	_LCD_MostrarGuardado	;wreg free
  2635   0019F8                     
  2636                           ;main.c: 660:     _delay((unsigned long)((1000)*(1000000UL/4000.0)));
  2637   0019F8  0E02               	movlw	2
  2638   0019FA  0100               	movlb	0	; () banked
  2639   0019FC  6FB1               	movwf	(??_Entrada_Guardar+1)& (0+255),b
  2640   0019FE  0E45               	movlw	69
  2641   001A00  6FB0               	movwf	??_Entrada_Guardar& (0+255),b
  2642   001A02  0EA9               	movlw	169
  2643   001A04                     u6717:
  2644   001A04  2EE8               	decfsz	wreg,f,c
  2645   001A06  D7FE               	bra	u6717
  2646   001A08  2FB0               	decfsz	??_Entrada_Guardar& (0+255),f,b
  2647   001A0A  D7FC               	bra	u6717
  2648   001A0C  2FB1               	decfsz	(??_Entrada_Guardar+1)& (0+255),f,b
  2649   001A0E  D7FA               	bra	u6717
  2650   001A10  D000               	nop2	
  2651   001A12                     
  2652                           ;main.c: 662:     entrada_habilitada = 0;
  2653   001A12  6A58               	clrf	_entrada_habilitada^0,c	;volatile
  2654   001A14                     
  2655                           ;main.c: 663:     variable_actual = VAR_NINGUNA;
  2656   001A14  0100               	movlb	0	; () banked
  2657   001A16  6B7C               	clrf	_variable_actual& (0+255),b
  2658   001A18                     
  2659                           ; BSR set to: 0
  2660                           ;main.c: 665:     boton_voltaje_evento = 0;
  2661   001A18  6B7F               	clrf	_boton_voltaje_evento& (0+255),b	;volatile
  2662   001A1A                     
  2663                           ; BSR set to: 0
  2664                           ;main.c: 666:     boton_corriente_evento = 0;
  2665   001A1A  6B7E               	clrf	_boton_corriente_evento& (0+255),b	;volatile
  2666   001A1C                     
  2667                           ; BSR set to: 0
  2668                           ;main.c: 668:     Numero_ResetBuffer();
  2669   001A1C  EC9F  F016         	call	_Numero_ResetBuffer	;wreg free
  2670   001A20                     
  2671                           ;main.c: 670:     Teclado_Deshabilitar();
  2672   001A20  ECC7  F017         	call	_Teclado_Deshabilitar	;wreg free
  2673   001A24                     
  2674                           ;main.c: 672:     Mediciones_Actualizar();
  2675   001A24  EC17  F00D         	call	_Mediciones_Actualizar	;wreg free
  2676   001A28                     
  2677                           ;main.c: 673:     LCD_MostrarReposo();
  2678   001A28  EC4C  F014         	call	_LCD_MostrarReposo	;wreg free
  2679   001A2C                     l417:
  2680   001A2C  0012               	return		;funcret
  2681   001A2E                     __end_of_Entrada_Guardar:
  2682                           	callstack 0
  2683                           
  2684 ;; *************** function _Texto_Copiar *****************
  2685 ;; Defined at:
  2686 ;;		line 722 in file "main.c"
  2687 ;; Parameters:    Size  Location     Type
  2688 ;;  destino         1    4[COMRAM] PTR unsigned char 
  2689 ;;		 -> corriente_texto(16), voltaje_texto(16), 
  2690 ;;  origen          1    5[COMRAM] PTR const unsigned char 
  2691 ;;		 -> numero_buffer(16), 
  2692 ;; Auto vars:     Size  Location     Type
  2693 ;;  i               1    6[COMRAM] unsigned char 
  2694 ;; Return value:  Size  Location     Type
  2695 ;;                  1    wreg      void 
  2696 ;; Registers used:
  2697 ;;		wreg, fsr1l, fsr1h, fsr2l, fsr2h, status,2, status,0
  2698 ;; Tracked objects:
  2699 ;;		On entry : 0/0
  2700 ;;		On exit  : 0/0
  2701 ;;		Unchanged: 0/0
  2702 ;; Data sizes:     COMRAM   BANK0   BANK1   BANK2   BANK3   BANK4   BANK5
  2703 ;;      Params:         2       0       0       0       0       0       0
  2704 ;;      Locals:         1       0       0       0       0       0       0
  2705 ;;      Temps:          0       0       0       0       0       0       0
  2706 ;;      Totals:         3       0       0       0       0       0       0
  2707 ;;Total ram usage:        3 bytes
  2708 ;; Hardware stack levels used: 1
  2709 ;; Hardware stack levels required when called: 2
  2710 ;; This function calls:
  2711 ;;		Nothing
  2712 ;; This function is called by:
  2713 ;;		_Entrada_Guardar
  2714 ;; This function uses a non-reentrant model
  2715 ;;
  2716                           
  2717                           	psect	text9
  2718   0029B8                     __ptext9:
  2719                           	callstack 0
  2720   0029B8                     _Texto_Copiar:
  2721                           	callstack 26
  2722   0029B8                     
  2723                           ;main.c: 722: void Texto_Copiar(char *destino, const char *origen);main.c: 723: {;main.c
      +                          : 724:     uint8_t i;;main.c: 726:     for (i = 0; i < (16 - 1); i++)
  2724   0029B8  6A08               	clrf	Texto_Copiar@i^0,c
  2725   0029BA                     l5667:
  2726                           
  2727                           ;main.c: 727:     {;main.c: 728:         destino[i] = origen[i];
  2728   0029BA  5007               	movf	Texto_Copiar@origen^0,w,c
  2729   0029BC  2408               	addwf	Texto_Copiar@i^0,w,c
  2730   0029BE  6ED9               	movwf	fsr2l,c
  2731   0029C0  6ADA               	clrf	fsr2h,c
  2732   0029C2  5006               	movf	Texto_Copiar@destino^0,w,c
  2733   0029C4  2408               	addwf	Texto_Copiar@i^0,w,c
  2734   0029C6  6EE1               	movwf	fsr1l,c
  2735   0029C8  6AE2               	clrf	fsr1h,c
  2736   0029CA  CFDF FFE7          	movff	indf2,indf1
  2737   0029CE                     
  2738                           ;main.c: 730:         if (origen[i] == '\0')
  2739   0029CE  5007               	movf	Texto_Copiar@origen^0,w,c
  2740   0029D0  2408               	addwf	Texto_Copiar@i^0,w,c
  2741   0029D2  6ED9               	movwf	fsr2l,c
  2742   0029D4  6ADA               	clrf	fsr2h,c
  2743   0029D6  50DF               	movf	indf2,w,c
  2744   0029D8  A4D8               	btfss	status,2,c
  2745   0029DA  EFF1  F014         	goto	u6061
  2746   0029DE  EFF3  F014         	goto	u6060
  2747   0029E2                     u6061:
  2748   0029E2  EFF5  F014         	goto	l5673
  2749   0029E6                     u6060:
  2750   0029E6  EF04  F015         	goto	l444
  2751   0029EA                     l5673:
  2752                           
  2753                           ;main.c: 734:     }
  2754   0029EA  2A08               	incf	Texto_Copiar@i^0,f,c
  2755   0029EC  0E0E               	movlw	14
  2756   0029EE  6408               	cpfsgt	Texto_Copiar@i^0,c
  2757   0029F0  EFFC  F014         	goto	u6071
  2758   0029F4  EFFE  F014         	goto	u6070
  2759   0029F8                     u6071:
  2760   0029F8  EFDD  F014         	goto	l5667
  2761   0029FC                     u6070:
  2762   0029FC                     
  2763                           ;main.c: 736:     destino[16 - 1] = '\0';
  2764   0029FC  5006               	movf	Texto_Copiar@destino^0,w,c
  2765   0029FE  6ED9               	movwf	fsr2l,c
  2766   002A00  6ADA               	clrf	fsr2h,c
  2767   002A02  0E0F               	movlw	15
  2768   002A04  26D9               	addwf	fsr2l,f,c
  2769   002A06  6ADF               	clrf	indf2,c
  2770   002A08                     l444:
  2771   002A08  0012               	return		;funcret
  2772   002A0A                     __end_of_Texto_Copiar:
  2773                           	callstack 0
  2774                           
  2775 ;; *************** function _Teclado_Deshabilitar *****************
  2776 ;; Defined at:
  2777 ;;		line 290 in file "./teclado_3x4_pic18lf25k22.h"
  2778 ;; Parameters:    Size  Location     Type
  2779 ;;		None
  2780 ;; Auto vars:     Size  Location     Type
  2781 ;;  lectura         1    0        unsigned char 
  2782 ;; Return value:  Size  Location     Type
  2783 ;;                  1    wreg      void 
  2784 ;; Registers used:
  2785 ;;		wreg, status,2, status,0, cstack
  2786 ;; Tracked objects:
  2787 ;;		On entry : 0/0
  2788 ;;		On exit  : 0/0
  2789 ;;		Unchanged: 0/0
  2790 ;; Data sizes:     COMRAM   BANK0   BANK1   BANK2   BANK3   BANK4   BANK5
  2791 ;;      Params:         0       0       0       0       0       0       0
  2792 ;;      Locals:         0       0       0       0       0       0       0
  2793 ;;      Temps:          0       0       0       0       0       0       0
  2794 ;;      Totals:         0       0       0       0       0       0       0
  2795 ;;Total ram usage:        0 bytes
  2796 ;; Hardware stack levels used: 1
  2797 ;; Hardware stack levels required when called: 2
  2798 ;; This function calls:
  2799 ;;		_Teclado_Filas_Off
  2800 ;; This function is called by:
  2801 ;;		_main
  2802 ;;		_Entrada_Guardar
  2803 ;; This function uses a non-reentrant model
  2804 ;;
  2805                           
  2806                           	psect	text10
  2807   002F8E                     __ptext10:
  2808                           	callstack 0
  2809   002F8E                     _Teclado_Deshabilitar:
  2810                           	callstack 26
  2811   002F8E                     
  2812                           ;./teclado_3x4_pic18lf25k22.h: 292:     uint8_t lectura;;./teclado_3x4_pic18lf25k22.h: 2
      +                          96:     IOCB &= 0b10001111;
  2813   002F8E  0E8F               	movlw	143
  2814   002F90  1662               	andwf	98,f,c	;volatile
  2815   002F92  5081               	movf	129,w,c	;volatile
  2816   002F94                     
  2817                           ;./teclado_3x4_pic18lf25k22.h: 301:     INTCONbits.RBIF = 0;
  2818   002F94  90F2               	bcf	242,0,c	;volatile
  2819   002F96                     
  2820                           ;./teclado_3x4_pic18lf25k22.h: 303:     Teclado_Filas_Off();
  2821   002F96  ECD5  F017         	call	_Teclado_Filas_Off	;wreg free
  2822   002F9A  0012               	return		;funcret
  2823   002F9C                     __end_of_Teclado_Deshabilitar:
  2824                           	callstack 0
  2825                           
  2826 ;; *************** function _Teclado_Filas_Off *****************
  2827 ;; Defined at:
  2828 ;;		line 71 in file "./teclado_3x4_pic18lf25k22.h"
  2829 ;; Parameters:    Size  Location     Type
  2830 ;;		None
  2831 ;; Auto vars:     Size  Location     Type
  2832 ;;		None
  2833 ;; Return value:  Size  Location     Type
  2834 ;;                  1    wreg      void 
  2835 ;; Registers used:
  2836 ;;		None
  2837 ;; Tracked objects:
  2838 ;;		On entry : 0/0
  2839 ;;		On exit  : 0/0
  2840 ;;		Unchanged: 0/0
  2841 ;; Data sizes:     COMRAM   BANK0   BANK1   BANK2   BANK3   BANK4   BANK5
  2842 ;;      Params:         0       0       0       0       0       0       0
  2843 ;;      Locals:         0       0       0       0       0       0       0
  2844 ;;      Temps:          0       0       0       0       0       0       0
  2845 ;;      Totals:         0       0       0       0       0       0       0
  2846 ;;Total ram usage:        0 bytes
  2847 ;; Hardware stack levels used: 1
  2848 ;; Hardware stack levels required when called: 2
  2849 ;; This function calls:
  2850 ;;		Nothing
  2851 ;; This function is called by:
  2852 ;;		_Teclado_LeerRaw
  2853 ;;		_Teclado_Deshabilitar
  2854 ;; This function uses a non-reentrant model
  2855 ;;
  2856                           
  2857                           	psect	text11
  2858   002FAA                     __ptext11:
  2859                           	callstack 0
  2860   002FAA                     _Teclado_Filas_Off:
  2861                           	callstack 25
  2862   002FAA                     
  2863                           ;./teclado_3x4_pic18lf25k22.h: 73:     LATCbits.LATC2 = 0;
  2864   002FAA  948B               	bcf	139,2,c	;volatile
  2865                           
  2866                           ;./teclado_3x4_pic18lf25k22.h: 74:     LATCbits.LATC5 = 0;
  2867   002FAC  9A8B               	bcf	139,5,c	;volatile
  2868                           
  2869                           ;./teclado_3x4_pic18lf25k22.h: 75:     LATCbits.LATC6 = 0;
  2870   002FAE  9C8B               	bcf	139,6,c	;volatile
  2871                           
  2872                           ;./teclado_3x4_pic18lf25k22.h: 76:     LATCbits.LATC7 = 0;
  2873   002FB0  9E8B               	bcf	139,7,c	;volatile
  2874   002FB2  0012               	return		;funcret
  2875   002FB4                     __end_of_Teclado_Filas_Off:
  2876                           	callstack 0
  2877                           
  2878 ;; *************** function _Numero_ConvertirAFloat *****************
  2879 ;; Defined at:
  2880 ;;		line 691 in file "main.c"
  2881 ;; Parameters:    Size  Location     Type
  2882 ;;  texto           1   59[COMRAM] PTR const unsigned char 
  2883 ;;		 -> numero_buffer(16), 
  2884 ;; Auto vars:     Size  Location     Type
  2885 ;;  valor           4   71[COMRAM] float 
  2886 ;;  factor_decim    4   67[COMRAM] float 
  2887 ;;  despues_punt    1   66[COMRAM] unsigned char 
  2888 ;; Return value:  Size  Location     Type
  2889 ;;                  4   59[COMRAM] float 
  2890 ;; Registers used:
  2891 ;;		wreg, fsr2l, fsr2h, status,2, status,0, prodl, prodh, cstack
  2892 ;; Tracked objects:
  2893 ;;		On entry : 0/0
  2894 ;;		On exit  : 0/0
  2895 ;;		Unchanged: 0/0
  2896 ;; Data sizes:     COMRAM   BANK0   BANK1   BANK2   BANK3   BANK4   BANK5
  2897 ;;      Params:         4       0       0       0       0       0       0
  2898 ;;      Locals:         9       0       0       0       0       0       0
  2899 ;;      Temps:          3       0       0       0       0       0       0
  2900 ;;      Totals:        16       0       0       0       0       0       0
  2901 ;;Total ram usage:       16 bytes
  2902 ;; Hardware stack levels used: 1
  2903 ;; Hardware stack levels required when called: 3
  2904 ;; This function calls:
  2905 ;;		___fladd
  2906 ;;		___flmul
  2907 ;;		___xxtofl
  2908 ;; This function is called by:
  2909 ;;		_Entrada_Guardar
  2910 ;; This function uses a non-reentrant model
  2911 ;;
  2912                           
  2913                           	psect	text12
  2914   001366                     __ptext12:
  2915                           	callstack 0
  2916   001366                     _Numero_ConvertirAFloat:
  2917                           	callstack 25
  2918   001366                     
  2919                           ;main.c: 691: float Numero_ConvertirAFloat(const char *texto);main.c: 692: {;main.c: 693
      +                          :     float valor = 0.0f;
  2920   001366  0E00               	movlw	0
  2921   001368  6E49               	movwf	Numero_ConvertirAFloat@valor^0,c
  2922   00136A  0E00               	movlw	0
  2923   00136C  6E4A               	movwf	(Numero_ConvertirAFloat@valor+1)^0,c
  2924   00136E  0E00               	movlw	0
  2925   001370  6E4B               	movwf	(Numero_ConvertirAFloat@valor+2)^0,c
  2926   001372  0E00               	movlw	0
  2927   001374  6E4C               	movwf	(Numero_ConvertirAFloat@valor+3)^0,c
  2928                           
  2929                           ;main.c: 694:     float factor_decimal = 0.1f;
  2930   001376  0ECD               	movlw	205
  2931   001378  6E45               	movwf	Numero_ConvertirAFloat@factor_decimal^0,c
  2932   00137A  0ECC               	movlw	204
  2933   00137C  6E46               	movwf	(Numero_ConvertirAFloat@factor_decimal+1)^0,c
  2934   00137E  0ECC               	movlw	204
  2935   001380  6E47               	movwf	(Numero_ConvertirAFloat@factor_decimal+2)^0,c
  2936   001382  0E3D               	movlw	61
  2937   001384  6E48               	movwf	(Numero_ConvertirAFloat@factor_decimal+3)^0,c
  2938   001386                     
  2939                           ;main.c: 695:     uint8_t despues_punto = 0;
  2940   001386  6A44               	clrf	Numero_ConvertirAFloat@despues_punto^0,c
  2941                           
  2942                           ;main.c: 697:     while (*texto != '\0')
  2943   001388  EF91  F00A         	goto	l5659
  2944   00138C                     l5641:
  2945                           
  2946                           ;main.c: 698:     {;main.c: 699:         if (*texto == '.')
  2947   00138C  503D               	movf	Numero_ConvertirAFloat@texto^0,w,c
  2948   00138E  6ED9               	movwf	fsr2l,c
  2949   001390  6ADA               	clrf	fsr2h,c
  2950   001392  0E2E               	movlw	46
  2951   001394  18DE               	xorwf	postinc2,w,c
  2952   001396  A4D8               	btfss	status,2,c
  2953   001398  EFD0  F009         	goto	u6011
  2954   00139C  EFD2  F009         	goto	u6010
  2955   0013A0                     u6011:
  2956   0013A0  EFD6  F009         	goto	l5645
  2957   0013A4                     u6010:
  2958   0013A4                     
  2959                           ;main.c: 700:         {;main.c: 701:             despues_punto = 1;
  2960   0013A4  0E01               	movlw	1
  2961   0013A6  6E44               	movwf	Numero_ConvertirAFloat@despues_punto^0,c
  2962                           
  2963                           ;main.c: 702:         }
  2964   0013A8  EF90  F00A         	goto	l5657
  2965   0013AC                     l5645:
  2966   0013AC  503D               	movf	Numero_ConvertirAFloat@texto^0,w,c
  2967   0013AE  6ED9               	movwf	fsr2l,c
  2968   0013B0  6ADA               	clrf	fsr2h,c
  2969   0013B2  0E2F               	movlw	47
  2970   0013B4  64DF               	cpfsgt	indf2,c
  2971   0013B6  EFDF  F009         	goto	u6021
  2972   0013BA  EFE1  F009         	goto	u6020
  2973   0013BE                     u6021:
  2974   0013BE  EF90  F00A         	goto	l5657
  2975   0013C2                     u6020:
  2976   0013C2  503D               	movf	Numero_ConvertirAFloat@texto^0,w,c
  2977   0013C4  6ED9               	movwf	fsr2l,c
  2978   0013C6  6ADA               	clrf	fsr2h,c
  2979   0013C8  0E3A               	movlw	58
  2980   0013CA  60DF               	cpfslt	indf2,c
  2981   0013CC  EFEA  F009         	goto	u6031
  2982   0013D0  EFEC  F009         	goto	u6030
  2983   0013D4                     u6031:
  2984   0013D4  EF90  F00A         	goto	l5657
  2985   0013D8                     u6030:
  2986   0013D8                     
  2987                           ;main.c: 704:         {;main.c: 705:             if (despues_punto == 0)
  2988   0013D8  5044               	movf	Numero_ConvertirAFloat@despues_punto^0,w,c
  2989   0013DA  A4D8               	btfss	status,2,c
  2990   0013DC  EFF2  F009         	goto	u6041
  2991   0013E0  EFF4  F009         	goto	u6040
  2992   0013E4                     u6041:
  2993   0013E4  EF36  F00A         	goto	l5653
  2994   0013E8                     u6040:
  2995   0013E8                     
  2996                           ;main.c: 706:             {;main.c: 707:                 valor = (valor * 10.0f) + (floa
      +                          t)(*texto - '0');
  2997   0013E8  0E00               	movlw	0
  2998   0013EA  6E18               	movwf	___flmul@a^0,c
  2999   0013EC  0E00               	movlw	0
  3000   0013EE  6E19               	movwf	(___flmul@a+1)^0,c
  3001   0013F0  0E20               	movlw	32
  3002   0013F2  6E1A               	movwf	(___flmul@a+2)^0,c
  3003   0013F4  0E41               	movlw	65
  3004   0013F6  6E1B               	movwf	(___flmul@a+3)^0,c
  3005   0013F8  C049  F014         	movff	Numero_ConvertirAFloat@valor,___flmul@b
  3006   0013FC  C04A  F015         	movff	Numero_ConvertirAFloat@valor+1,___flmul@b+1
  3007   001400  C04B  F016         	movff	Numero_ConvertirAFloat@valor+2,___flmul@b+2
  3008   001404  C04C  F017         	movff	Numero_ConvertirAFloat@valor+3,___flmul@b+3
  3009   001408  ECD9  F005         	call	___flmul	;wreg free
  3010   00140C  C014  F02D         	movff	?___flmul,___fladd@b
  3011   001410  C015  F02E         	movff	?___flmul+1,___fladd@b+1
  3012   001414  C016  F02F         	movff	?___flmul+2,___fladd@b+2
  3013   001418  C017  F030         	movff	?___flmul+3,___fladd@b+3
  3014   00141C  503D               	movf	Numero_ConvertirAFloat@texto^0,w,c
  3015   00141E  6ED9               	movwf	fsr2l,c
  3016   001420  6ADA               	clrf	fsr2h,c
  3017   001422  50DF               	movf	indf2,w,c
  3018   001424  6E41               	movwf	??_Numero_ConvertirAFloat^0,c
  3019   001426  0ED0               	movlw	208
  3020   001428  2441               	addwf	??_Numero_ConvertirAFloat^0,w,c
  3021   00142A  6E42               	movwf	(??_Numero_ConvertirAFloat+1)^0,c
  3022   00142C  6A43               	clrf	(??_Numero_ConvertirAFloat+2)^0,c
  3023   00142E  0EFF               	movlw	255
  3024   001430  2243               	addwfc	(??_Numero_ConvertirAFloat+2)^0,f,c
  3025   001432  C042  F006         	movff	??_Numero_ConvertirAFloat+1,___xxtofl@val
  3026   001436  C043  F007         	movff	??_Numero_ConvertirAFloat+2,___xxtofl@val+1
  3027   00143A  6A08               	clrf	(___xxtofl@val+2)^0,c
  3028   00143C  6A09               	clrf	(___xxtofl@val+3)^0,c
  3029   00143E  0E00               	movlw	0
  3030   001440  EC83  F00B         	call	___xxtofl
  3031   001444  C006  F031         	movff	?___xxtofl,___fladd@a
  3032   001448  C007  F032         	movff	?___xxtofl+1,___fladd@a+1
  3033   00144C  C008  F033         	movff	?___xxtofl+2,___fladd@a+2
  3034   001450  C009  F034         	movff	?___xxtofl+3,___fladd@a+3
  3035   001454  EC7E  F003         	call	___fladd	;wreg free
  3036   001458  C02D  F049         	movff	?___fladd,Numero_ConvertirAFloat@valor
  3037   00145C  C02E  F04A         	movff	?___fladd+1,Numero_ConvertirAFloat@valor+1
  3038   001460  C02F  F04B         	movff	?___fladd+2,Numero_ConvertirAFloat@valor+2
  3039   001464  C030  F04C         	movff	?___fladd+3,Numero_ConvertirAFloat@valor+3
  3040                           
  3041                           ;main.c: 708:             }
  3042   001468  EF90  F00A         	goto	l5657
  3043   00146C                     l5653:
  3044                           
  3045                           ;main.c: 710:             {;main.c: 711:                 valor = valor + ((float)(*texto
      +                           - '0') * factor_decimal);
  3046   00146C  C045  F018         	movff	Numero_ConvertirAFloat@factor_decimal,___flmul@a
  3047   001470  C046  F019         	movff	Numero_ConvertirAFloat@factor_decimal+1,___flmul@a+1
  3048   001474  C047  F01A         	movff	Numero_ConvertirAFloat@factor_decimal+2,___flmul@a+2
  3049   001478  C048  F01B         	movff	Numero_ConvertirAFloat@factor_decimal+3,___flmul@a+3
  3050   00147C  503D               	movf	Numero_ConvertirAFloat@texto^0,w,c
  3051   00147E  6ED9               	movwf	fsr2l,c
  3052   001480  6ADA               	clrf	fsr2h,c
  3053   001482  50DF               	movf	indf2,w,c
  3054   001484  6E41               	movwf	??_Numero_ConvertirAFloat^0,c
  3055   001486  0ED0               	movlw	208
  3056   001488  2441               	addwf	??_Numero_ConvertirAFloat^0,w,c
  3057   00148A  6E42               	movwf	(??_Numero_ConvertirAFloat+1)^0,c
  3058   00148C  6A43               	clrf	(??_Numero_ConvertirAFloat+2)^0,c
  3059   00148E  0EFF               	movlw	255
  3060   001490  2243               	addwfc	(??_Numero_ConvertirAFloat+2)^0,f,c
  3061   001492  C042  F006         	movff	??_Numero_ConvertirAFloat+1,___xxtofl@val
  3062   001496  C043  F007         	movff	??_Numero_ConvertirAFloat+2,___xxtofl@val+1
  3063   00149A  6A08               	clrf	(___xxtofl@val+2)^0,c
  3064   00149C  6A09               	clrf	(___xxtofl@val+3)^0,c
  3065   00149E  0E00               	movlw	0
  3066   0014A0  EC83  F00B         	call	___xxtofl
  3067   0014A4  C006  F014         	movff	?___xxtofl,___flmul@b
  3068   0014A8  C007  F015         	movff	?___xxtofl+1,___flmul@b+1
  3069   0014AC  C008  F016         	movff	?___xxtofl+2,___flmul@b+2
  3070   0014B0  C009  F017         	movff	?___xxtofl+3,___flmul@b+3
  3071   0014B4  ECD9  F005         	call	___flmul	;wreg free
  3072   0014B8  C014  F02D         	movff	?___flmul,___fladd@b
  3073   0014BC  C015  F02E         	movff	?___flmul+1,___fladd@b+1
  3074   0014C0  C016  F02F         	movff	?___flmul+2,___fladd@b+2
  3075   0014C4  C017  F030         	movff	?___flmul+3,___fladd@b+3
  3076   0014C8  C049  F031         	movff	Numero_ConvertirAFloat@valor,___fladd@a
  3077   0014CC  C04A  F032         	movff	Numero_ConvertirAFloat@valor+1,___fladd@a+1
  3078   0014D0  C04B  F033         	movff	Numero_ConvertirAFloat@valor+2,___fladd@a+2
  3079   0014D4  C04C  F034         	movff	Numero_ConvertirAFloat@valor+3,___fladd@a+3
  3080   0014D8  EC7E  F003         	call	___fladd	;wreg free
  3081   0014DC  C02D  F049         	movff	?___fladd,Numero_ConvertirAFloat@valor
  3082   0014E0  C02E  F04A         	movff	?___fladd+1,Numero_ConvertirAFloat@valor+1
  3083   0014E4  C02F  F04B         	movff	?___fladd+2,Numero_ConvertirAFloat@valor+2
  3084   0014E8  C030  F04C         	movff	?___fladd+3,Numero_ConvertirAFloat@valor+3
  3085   0014EC                     
  3086                           ;main.c: 712:                 factor_decimal = factor_decimal * 0.1f;
  3087   0014EC  C045  F014         	movff	Numero_ConvertirAFloat@factor_decimal,___flmul@b
  3088   0014F0  C046  F015         	movff	Numero_ConvertirAFloat@factor_decimal+1,___flmul@b+1
  3089   0014F4  C047  F016         	movff	Numero_ConvertirAFloat@factor_decimal+2,___flmul@b+2
  3090   0014F8  C048  F017         	movff	Numero_ConvertirAFloat@factor_decimal+3,___flmul@b+3
  3091   0014FC  0ECD               	movlw	205
  3092   0014FE  6E18               	movwf	___flmul@a^0,c
  3093   001500  0ECC               	movlw	204
  3094   001502  6E19               	movwf	(___flmul@a+1)^0,c
  3095   001504  0ECC               	movlw	204
  3096   001506  6E1A               	movwf	(___flmul@a+2)^0,c
  3097   001508  0E3D               	movlw	61
  3098   00150A  6E1B               	movwf	(___flmul@a+3)^0,c
  3099   00150C  ECD9  F005         	call	___flmul	;wreg free
  3100   001510  C014  F045         	movff	?___flmul,Numero_ConvertirAFloat@factor_decimal
  3101   001514  C015  F046         	movff	?___flmul+1,Numero_ConvertirAFloat@factor_decimal+1
  3102   001518  C016  F047         	movff	?___flmul+2,Numero_ConvertirAFloat@factor_decimal+2
  3103   00151C  C017  F048         	movff	?___flmul+3,Numero_ConvertirAFloat@factor_decimal+3
  3104   001520                     l5657:
  3105                           
  3106                           ;main.c: 716:         texto++;
  3107   001520  2A3D               	incf	Numero_ConvertirAFloat@texto^0,f,c
  3108   001522                     l5659:
  3109                           
  3110                           ;main.c: 697:     while (*texto != '\0')
  3111   001522  503D               	movf	Numero_ConvertirAFloat@texto^0,w,c
  3112   001524  6ED9               	movwf	fsr2l,c
  3113   001526  6ADA               	clrf	fsr2h,c
  3114   001528  50DF               	movf	indf2,w,c
  3115   00152A  A4D8               	btfss	status,2,c
  3116   00152C  EF9A  F00A         	goto	u6051
  3117   001530  EF9C  F00A         	goto	u6050
  3118   001534                     u6051:
  3119   001534  EFC6  F009         	goto	l5641
  3120   001538                     u6050:
  3121   001538                     
  3122                           ;main.c: 719:     return valor;
  3123   001538  C049  F03D         	movff	Numero_ConvertirAFloat@valor,?_Numero_ConvertirAFloat
  3124   00153C  C04A  F03E         	movff	Numero_ConvertirAFloat@valor+1,?_Numero_ConvertirAFloat+1
  3125   001540  C04B  F03F         	movff	Numero_ConvertirAFloat@valor+2,?_Numero_ConvertirAFloat+2
  3126   001544  C04C  F040         	movff	Numero_ConvertirAFloat@valor+3,?_Numero_ConvertirAFloat+3
  3127   001548  0012               	return		;funcret
  3128   00154A                     __end_of_Numero_ConvertirAFloat:
  3129                           	callstack 0
  3130                           
  3131 ;; *************** function ___xxtofl *****************
  3132 ;; Defined at:
  3133 ;;		line 10 in file "C:\Program Files\Microchip\xc8\v3.10\pic\sources\c99\common\xxtofl.c"
  3134 ;; Parameters:    Size  Location     Type
  3135 ;;  sign            1    wreg     unsigned char 
  3136 ;;  val             4    4[COMRAM] long 
  3137 ;; Auto vars:     Size  Location     Type
  3138 ;;  sign            1   12[COMRAM] unsigned char 
  3139 ;;  arg             4   14[COMRAM] unsigned long 
  3140 ;;  exp             1   13[COMRAM] unsigned char 
  3141 ;; Return value:  Size  Location     Type
  3142 ;;                  4    4[COMRAM] unsigned char 
  3143 ;; Registers used:
  3144 ;;		wreg, status,2, status,0
  3145 ;; Tracked objects:
  3146 ;;		On entry : 0/0
  3147 ;;		On exit  : 0/0
  3148 ;;		Unchanged: 0/0
  3149 ;; Data sizes:     COMRAM   BANK0   BANK1   BANK2   BANK3   BANK4   BANK5
  3150 ;;      Params:         4       0       0       0       0       0       0
  3151 ;;      Locals:         6       0       0       0       0       0       0
  3152 ;;      Temps:          4       0       0       0       0       0       0
  3153 ;;      Totals:        14       0       0       0       0       0       0
  3154 ;;Total ram usage:       14 bytes
  3155 ;; Hardware stack levels used: 1
  3156 ;; Hardware stack levels required when called: 2
  3157 ;; This function calls:
  3158 ;;		Nothing
  3159 ;; This function is called by:
  3160 ;;		_Numero_ConvertirAFloat
  3161 ;; This function uses a non-reentrant model
  3162 ;;
  3163                           
  3164                           	psect	text13
  3165   001706                     __ptext13:
  3166                           	callstack 0
  3167   001706                     ___xxtofl:
  3168                           	callstack 25
  3169                           
  3170                           ;incstack = 0
  3171                           ;___xxtofl@sign stored from wreg
  3172   001706  6E0E               	movwf	___xxtofl@sign^0,c
  3173   001708  500E               	movf	___xxtofl@sign^0,w,c
  3174   00170A  B4D8               	btfsc	status,2,c
  3175   00170C  EF8A  F00B         	goto	u5901
  3176   001710  EF8C  F00B         	goto	u5900
  3177   001714                     u5901:
  3178   001714  EFAE  F00B         	goto	l1253
  3179   001718                     u5900:
  3180   001718  BE09               	btfsc	(___xxtofl@val+3)^0,7,c
  3181   00171A  EF93  F00B         	goto	u5910
  3182   00171E  EF91  F00B         	goto	u5911
  3183   001722                     u5911:
  3184   001722  EFAE  F00B         	goto	l1253
  3185   001726                     u5910:
  3186   001726  C006  F00A         	movff	___xxtofl@val,??___xxtofl
  3187   00172A  C007  F00B         	movff	___xxtofl@val+1,??___xxtofl+1
  3188   00172E  C008  F00C         	movff	___xxtofl@val+2,??___xxtofl+2
  3189   001732  C009  F00D         	movff	___xxtofl@val+3,??___xxtofl+3
  3190   001736  1E0A               	comf	??___xxtofl^0,f,c
  3191   001738  1E0B               	comf	(??___xxtofl+1)^0,f,c
  3192   00173A  1E0C               	comf	(??___xxtofl+2)^0,f,c
  3193   00173C  1E0D               	comf	(??___xxtofl+3)^0,f,c
  3194   00173E  2A0A               	incf	??___xxtofl^0,f,c
  3195   001740  0E00               	movlw	0
  3196   001742  220B               	addwfc	(??___xxtofl+1)^0,f,c
  3197   001744  220C               	addwfc	(??___xxtofl+2)^0,f,c
  3198   001746  220D               	addwfc	(??___xxtofl+3)^0,f,c
  3199   001748  C00A  F010         	movff	??___xxtofl,___xxtofl@arg
  3200   00174C  C00B  F011         	movff	??___xxtofl+1,___xxtofl@arg+1
  3201   001750  C00C  F012         	movff	??___xxtofl+2,___xxtofl@arg+2
  3202   001754  C00D  F013         	movff	??___xxtofl+3,___xxtofl@arg+3
  3203   001758  EFB6  F00B         	goto	l5529
  3204   00175C                     l1253:
  3205   00175C  C006  F010         	movff	___xxtofl@val,___xxtofl@arg
  3206   001760  C007  F011         	movff	___xxtofl@val+1,___xxtofl@arg+1
  3207   001764  C008  F012         	movff	___xxtofl@val+2,___xxtofl@arg+2
  3208   001768  C009  F013         	movff	___xxtofl@val+3,___xxtofl@arg+3
  3209   00176C                     l5529:
  3210   00176C  5006               	movf	___xxtofl@val^0,w,c
  3211   00176E  1007               	iorwf	(___xxtofl@val+1)^0,w,c
  3212   001770  1008               	iorwf	(___xxtofl@val+2)^0,w,c
  3213   001772  1009               	iorwf	(___xxtofl@val+3)^0,w,c
  3214   001774  A4D8               	btfss	status,2,c
  3215   001776  EFBF  F00B         	goto	u5921
  3216   00177A  EFC1  F00B         	goto	u5920
  3217   00177E                     u5921:
  3218   00177E  EFCB  F00B         	goto	l5535
  3219   001782                     u5920:
  3220   001782  0E00               	movlw	0
  3221   001784  6E06               	movwf	?___xxtofl^0,c
  3222   001786  0E00               	movlw	0
  3223   001788  6E07               	movwf	(?___xxtofl+1)^0,c
  3224   00178A  0E00               	movlw	0
  3225   00178C  6E08               	movwf	(?___xxtofl+2)^0,c
  3226   00178E  0E00               	movlw	0
  3227   001790  6E09               	movwf	(?___xxtofl+3)^0,c
  3228   001792  EF5C  F00C         	goto	l1256
  3229   001796                     l5535:
  3230   001796  0E96               	movlw	150
  3231   001798  6E0F               	movwf	___xxtofl@exp^0,c
  3232   00179A  EFD5  F00B         	goto	l5539
  3233   00179E                     l5537:
  3234   00179E  2A0F               	incf	___xxtofl@exp^0,f,c
  3235   0017A0  90D8               	bcf	status,0,c
  3236   0017A2  3213               	rrcf	(___xxtofl@arg+3)^0,f,c
  3237   0017A4  3212               	rrcf	(___xxtofl@arg+2)^0,f,c
  3238   0017A6  3211               	rrcf	(___xxtofl@arg+1)^0,f,c
  3239   0017A8  3210               	rrcf	___xxtofl@arg^0,f,c
  3240   0017AA                     l5539:
  3241   0017AA  0E00               	movlw	0
  3242   0017AC  1410               	andwf	___xxtofl@arg^0,w,c
  3243   0017AE  6E0A               	movwf	??___xxtofl^0,c
  3244   0017B0  0E00               	movlw	0
  3245   0017B2  1411               	andwf	(___xxtofl@arg+1)^0,w,c
  3246   0017B4  6E0B               	movwf	(??___xxtofl+1)^0,c
  3247   0017B6  0E00               	movlw	0
  3248   0017B8  1412               	andwf	(___xxtofl@arg+2)^0,w,c
  3249   0017BA  6E0C               	movwf	(??___xxtofl+2)^0,c
  3250   0017BC  0EFE               	movlw	254
  3251   0017BE  1413               	andwf	(___xxtofl@arg+3)^0,w,c
  3252   0017C0  6E0D               	movwf	(??___xxtofl+3)^0,c
  3253   0017C2  500A               	movf	??___xxtofl^0,w,c
  3254   0017C4  100B               	iorwf	(??___xxtofl+1)^0,w,c
  3255   0017C6  100C               	iorwf	(??___xxtofl+2)^0,w,c
  3256   0017C8  100D               	iorwf	(??___xxtofl+3)^0,w,c
  3257   0017CA  A4D8               	btfss	status,2,c
  3258   0017CC  EFEA  F00B         	goto	u5931
  3259   0017D0  EFEC  F00B         	goto	u5930
  3260   0017D4                     u5931:
  3261   0017D4  EFCF  F00B         	goto	l5537
  3262   0017D8                     u5930:
  3263   0017D8  EFFA  F00B         	goto	l1260
  3264   0017DC                     l5541:
  3265   0017DC  2A0F               	incf	___xxtofl@exp^0,f,c
  3266   0017DE  0E01               	movlw	1
  3267   0017E0  2610               	addwf	___xxtofl@arg^0,f,c
  3268   0017E2  0E00               	movlw	0
  3269   0017E4  2211               	addwfc	(___xxtofl@arg+1)^0,f,c
  3270   0017E6  2212               	addwfc	(___xxtofl@arg+2)^0,f,c
  3271   0017E8  2213               	addwfc	(___xxtofl@arg+3)^0,f,c
  3272   0017EA  90D8               	bcf	status,0,c
  3273   0017EC  3213               	rrcf	(___xxtofl@arg+3)^0,f,c
  3274   0017EE  3212               	rrcf	(___xxtofl@arg+2)^0,f,c
  3275   0017F0  3211               	rrcf	(___xxtofl@arg+1)^0,f,c
  3276   0017F2  3210               	rrcf	___xxtofl@arg^0,f,c
  3277   0017F4                     l1260:
  3278   0017F4  0E00               	movlw	0
  3279   0017F6  1410               	andwf	___xxtofl@arg^0,w,c
  3280   0017F8  6E0A               	movwf	??___xxtofl^0,c
  3281   0017FA  0E00               	movlw	0
  3282   0017FC  1411               	andwf	(___xxtofl@arg+1)^0,w,c
  3283   0017FE  6E0B               	movwf	(??___xxtofl+1)^0,c
  3284   001800  0E00               	movlw	0
  3285   001802  1412               	andwf	(___xxtofl@arg+2)^0,w,c
  3286   001804  6E0C               	movwf	(??___xxtofl+2)^0,c
  3287   001806  0EFF               	movlw	255
  3288   001808  1413               	andwf	(___xxtofl@arg+3)^0,w,c
  3289   00180A  6E0D               	movwf	(??___xxtofl+3)^0,c
  3290   00180C  500A               	movf	??___xxtofl^0,w,c
  3291   00180E  100B               	iorwf	(??___xxtofl+1)^0,w,c
  3292   001810  100C               	iorwf	(??___xxtofl+2)^0,w,c
  3293   001812  100D               	iorwf	(??___xxtofl+3)^0,w,c
  3294   001814  A4D8               	btfss	status,2,c
  3295   001816  EF0F  F00C         	goto	u5941
  3296   00181A  EF11  F00C         	goto	u5940
  3297   00181E                     u5941:
  3298   00181E  EFEE  F00B         	goto	l5541
  3299   001822                     u5940:
  3300   001822  EF19  F00C         	goto	l5549
  3301   001826                     l5547:
  3302   001826  060F               	decf	___xxtofl@exp^0,f,c
  3303   001828  90D8               	bcf	status,0,c
  3304   00182A  3610               	rlcf	___xxtofl@arg^0,f,c
  3305   00182C  3611               	rlcf	(___xxtofl@arg+1)^0,f,c
  3306   00182E  3612               	rlcf	(___xxtofl@arg+2)^0,f,c
  3307   001830  3613               	rlcf	(___xxtofl@arg+3)^0,f,c
  3308   001832                     l5549:
  3309   001832  BE12               	btfsc	(___xxtofl@arg+2)^0,7,c
  3310   001834  EF1E  F00C         	goto	u5951
  3311   001838  EF20  F00C         	goto	u5950
  3312   00183C                     u5951:
  3313   00183C  EF28  F00C         	goto	l1267
  3314   001840                     u5950:
  3315   001840  0E02               	movlw	2
  3316   001842  600F               	cpfslt	___xxtofl@exp^0,c
  3317   001844  EF26  F00C         	goto	u5961
  3318   001848  EF28  F00C         	goto	u5960
  3319   00184C                     u5961:
  3320   00184C  EF13  F00C         	goto	l5547
  3321   001850                     u5960:
  3322   001850                     l1267:
  3323   001850  B00F               	btfsc	___xxtofl@exp^0,0,c
  3324   001852  EF2D  F00C         	goto	u5971
  3325   001856  EF2F  F00C         	goto	u5970
  3326   00185A                     u5971:
  3327   00185A  EF30  F00C         	goto	l5555
  3328   00185E                     u5970:
  3329   00185E  9E12               	bcf	(___xxtofl@arg+2)^0,7,c
  3330   001860                     l5555:
  3331   001860  90D8               	bcf	status,0,c
  3332   001862  320F               	rrcf	___xxtofl@exp^0,f,c
  3333   001864  C00F  F00A         	movff	___xxtofl@exp,??___xxtofl
  3334   001868  6A0B               	clrf	(??___xxtofl+1)^0,c
  3335   00186A  6A0C               	clrf	(??___xxtofl+2)^0,c
  3336   00186C  6A0D               	clrf	(??___xxtofl+3)^0,c
  3337   00186E  C00A  F00D         	movff	??___xxtofl,??___xxtofl+3
  3338   001872  6A0C               	clrf	(??___xxtofl+2)^0,c
  3339   001874  6A0B               	clrf	(??___xxtofl+1)^0,c
  3340   001876  6A0A               	clrf	??___xxtofl^0,c
  3341   001878  500A               	movf	??___xxtofl^0,w,c
  3342   00187A  1210               	iorwf	___xxtofl@arg^0,f,c
  3343   00187C  500B               	movf	(??___xxtofl+1)^0,w,c
  3344   00187E  1211               	iorwf	(___xxtofl@arg+1)^0,f,c
  3345   001880  500C               	movf	(??___xxtofl+2)^0,w,c
  3346   001882  1212               	iorwf	(___xxtofl@arg+2)^0,f,c
  3347   001884  500D               	movf	(??___xxtofl+3)^0,w,c
  3348   001886  1213               	iorwf	(___xxtofl@arg+3)^0,f,c
  3349   001888  500E               	movf	___xxtofl@sign^0,w,c
  3350   00188A  B4D8               	btfsc	status,2,c
  3351   00188C  EF4A  F00C         	goto	u5981
  3352   001890  EF4C  F00C         	goto	u5980
  3353   001894                     u5981:
  3354   001894  EF54  F00C         	goto	l5565
  3355   001898                     u5980:
  3356   001898  BE09               	btfsc	(___xxtofl@val+3)^0,7,c
  3357   00189A  EF53  F00C         	goto	u5990
  3358   00189E  EF51  F00C         	goto	u5991
  3359   0018A2                     u5991:
  3360   0018A2  EF54  F00C         	goto	l5565
  3361   0018A6                     u5990:
  3362   0018A6  8E13               	bsf	(___xxtofl@arg+3)^0,7,c
  3363   0018A8                     l5565:
  3364   0018A8  C010  F006         	movff	___xxtofl@arg,?___xxtofl
  3365   0018AC  C011  F007         	movff	___xxtofl@arg+1,?___xxtofl+1
  3366   0018B0  C012  F008         	movff	___xxtofl@arg+2,?___xxtofl+2
  3367   0018B4  C013  F009         	movff	___xxtofl@arg+3,?___xxtofl+3
  3368   0018B8                     l1256:
  3369   0018B8  0012               	return		;funcret
  3370   0018BA                     __end_of___xxtofl:
  3371                           	callstack 0
  3372                           
  3373 ;; *************** function _Mediciones_Actualizar *****************
  3374 ;; Defined at:
  3375 ;;		line 433 in file "main.c"
  3376 ;; Parameters:    Size  Location     Type
  3377 ;;		None
  3378 ;; Auto vars:     Size  Location     Type
  3379 ;;		None
  3380 ;; Return value:  Size  Location     Type
  3381 ;;                  1    wreg      void 
  3382 ;; Registers used:
  3383 ;;		wreg, status,2, status,0, cstack
  3384 ;; Tracked objects:
  3385 ;;		On entry : 0/0
  3386 ;;		On exit  : 0/0
  3387 ;;		Unchanged: 0/0
  3388 ;; Data sizes:     COMRAM   BANK0   BANK1   BANK2   BANK3   BANK4   BANK5
  3389 ;;      Params:         0       0       0       0       0       0       0
  3390 ;;      Locals:         0       0       0       0       0       0       0
  3391 ;;      Temps:          0       0       0       0       0       0       0
  3392 ;;      Totals:         0       0       0       0       0       0       0
  3393 ;;Total ram usage:        0 bytes
  3394 ;; Hardware stack levels used: 1
  3395 ;; Hardware stack levels required when called: 2
  3396 ;; This function calls:
  3397 ;;		_ADC_Read
  3398 ;;		___lldiv
  3399 ;;		___lmul
  3400 ;; This function is called by:
  3401 ;;		_main
  3402 ;;		_Entrada_Guardar
  3403 ;; This function uses a non-reentrant model
  3404 ;;
  3405                           
  3406                           	psect	text14
  3407   001A2E                     __ptext14:
  3408                           	callstack 0
  3409   001A2E                     _Mediciones_Actualizar:
  3410                           	callstack 26
  3411   001A2E                     
  3412                           ;main.c: 435:     adc_voltaje_raw = ADC_Read(1U);
  3413   001A2E  0E01               	movlw	1
  3414   001A30  ECD7  F015         	call	_ADC_Read
  3415   001A34  C006  F072         	movff	?_ADC_Read,_adc_voltaje_raw
  3416   001A38  C007  F073         	movff	?_ADC_Read+1,_adc_voltaje_raw+1
  3417                           
  3418                           ;main.c: 436:     adc_corriente_raw = ADC_Read(2U);
  3419   001A3C  0E02               	movlw	2
  3420   001A3E  ECD7  F015         	call	_ADC_Read
  3421   001A42  C006  F070         	movff	?_ADC_Read,_adc_corriente_raw
  3422   001A46  C007  F071         	movff	?_ADC_Read+1,_adc_corriente_raw+1
  3423                           
  3424                           ;main.c: 442:     voltaje_adc_mv =
  3425   001A4A  C072  F006         	movff	_adc_voltaje_raw,___lmul@multiplier
  3426   001A4E  C073  F007         	movff	_adc_voltaje_raw+1,___lmul@multiplier+1
  3427   001A52  6A08               	clrf	(___lmul@multiplier+2)^0,c
  3428   001A54  6A09               	clrf	(___lmul@multiplier+3)^0,c
  3429   001A56  0E88               	movlw	136
  3430   001A58  6E0A               	movwf	___lmul@multiplicand^0,c
  3431   001A5A  0E13               	movlw	19
  3432   001A5C  6E0B               	movwf	(___lmul@multiplicand+1)^0,c
  3433   001A5E  0E00               	movlw	0
  3434   001A60  6E0C               	movwf	(___lmul@multiplicand+2)^0,c
  3435   001A62  0E00               	movlw	0
  3436   001A64  6E0D               	movwf	(___lmul@multiplicand+3)^0,c
  3437   001A66  ECE5  F013         	call	___lmul	;wreg free
  3438   001A6A  0EFF               	movlw	255
  3439   001A6C  2406               	addwf	?___lmul^0,w,c
  3440   001A6E  6E12               	movwf	___lldiv@dividend^0,c
  3441   001A70  0E01               	movlw	1
  3442   001A72  2007               	addwfc	(?___lmul+1)^0,w,c
  3443   001A74  6E13               	movwf	(___lldiv@dividend+1)^0,c
  3444   001A76  0E00               	movlw	0
  3445   001A78  2008               	addwfc	(?___lmul+2)^0,w,c
  3446   001A7A  6E14               	movwf	(___lldiv@dividend+2)^0,c
  3447   001A7C  0E00               	movlw	0
  3448   001A7E  2009               	addwfc	(?___lmul+3)^0,w,c
  3449   001A80  6E15               	movwf	(___lldiv@dividend+3)^0,c
  3450   001A82  0EFF               	movlw	255
  3451   001A84  6E16               	movwf	___lldiv@divisor^0,c
  3452   001A86  0E03               	movlw	3
  3453   001A88  6E17               	movwf	(___lldiv@divisor+1)^0,c
  3454   001A8A  0E00               	movlw	0
  3455   001A8C  6E18               	movwf	(___lldiv@divisor+2)^0,c
  3456   001A8E  0E00               	movlw	0
  3457   001A90  6E19               	movwf	(___lldiv@divisor+3)^0,c
  3458   001A92  EC5C  F012         	call	___lldiv	;wreg free
  3459   001A96  C012  F06E         	movff	?___lldiv,_voltaje_adc_mv
  3460   001A9A  C013  F06F         	movff	?___lldiv+1,_voltaje_adc_mv+1
  3461                           
  3462                           ;main.c: 445:     corriente_adc_mv =
  3463   001A9E  C070  F006         	movff	_adc_corriente_raw,___lmul@multiplier
  3464   001AA2  C071  F007         	movff	_adc_corriente_raw+1,___lmul@multiplier+1
  3465   001AA6  6A08               	clrf	(___lmul@multiplier+2)^0,c
  3466   001AA8  6A09               	clrf	(___lmul@multiplier+3)^0,c
  3467   001AAA  0E88               	movlw	136
  3468   001AAC  6E0A               	movwf	___lmul@multiplicand^0,c
  3469   001AAE  0E13               	movlw	19
  3470   001AB0  6E0B               	movwf	(___lmul@multiplicand+1)^0,c
  3471   001AB2  0E00               	movlw	0
  3472   001AB4  6E0C               	movwf	(___lmul@multiplicand+2)^0,c
  3473   001AB6  0E00               	movlw	0
  3474   001AB8  6E0D               	movwf	(___lmul@multiplicand+3)^0,c
  3475   001ABA  ECE5  F013         	call	___lmul	;wreg free
  3476   001ABE  0EFF               	movlw	255
  3477   001AC0  2406               	addwf	?___lmul^0,w,c
  3478   001AC2  6E12               	movwf	___lldiv@dividend^0,c
  3479   001AC4  0E01               	movlw	1
  3480   001AC6  2007               	addwfc	(?___lmul+1)^0,w,c
  3481   001AC8  6E13               	movwf	(___lldiv@dividend+1)^0,c
  3482   001ACA  0E00               	movlw	0
  3483   001ACC  2008               	addwfc	(?___lmul+2)^0,w,c
  3484   001ACE  6E14               	movwf	(___lldiv@dividend+2)^0,c
  3485   001AD0  0E00               	movlw	0
  3486   001AD2  2009               	addwfc	(?___lmul+3)^0,w,c
  3487   001AD4  6E15               	movwf	(___lldiv@dividend+3)^0,c
  3488   001AD6  0EFF               	movlw	255
  3489   001AD8  6E16               	movwf	___lldiv@divisor^0,c
  3490   001ADA  0E03               	movlw	3
  3491   001ADC  6E17               	movwf	(___lldiv@divisor+1)^0,c
  3492   001ADE  0E00               	movlw	0
  3493   001AE0  6E18               	movwf	(___lldiv@divisor+2)^0,c
  3494   001AE2  0E00               	movlw	0
  3495   001AE4  6E19               	movwf	(___lldiv@divisor+3)^0,c
  3496   001AE6  EC5C  F012         	call	___lldiv	;wreg free
  3497   001AEA  C012  F06C         	movff	?___lldiv,_corriente_adc_mv
  3498   001AEE  C013  F06D         	movff	?___lldiv+1,_corriente_adc_mv+1
  3499                           
  3500                           ;main.c: 458:     voltaje_medido_x100 =
  3501   001AF2  C072  F006         	movff	_adc_voltaje_raw,___lmul@multiplier
  3502   001AF6  C073  F007         	movff	_adc_voltaje_raw+1,___lmul@multiplier+1
  3503   001AFA  6A08               	clrf	(___lmul@multiplier+2)^0,c
  3504   001AFC  6A09               	clrf	(___lmul@multiplier+3)^0,c
  3505   001AFE  0EB8               	movlw	184
  3506   001B00  6E0A               	movwf	___lmul@multiplicand^0,c
  3507   001B02  0E0B               	movlw	11
  3508   001B04  6E0B               	movwf	(___lmul@multiplicand+1)^0,c
  3509   001B06  0E00               	movlw	0
  3510   001B08  6E0C               	movwf	(___lmul@multiplicand+2)^0,c
  3511   001B0A  0E00               	movlw	0
  3512   001B0C  6E0D               	movwf	(___lmul@multiplicand+3)^0,c
  3513   001B0E  ECE5  F013         	call	___lmul	;wreg free
  3514   001B12  0EFF               	movlw	255
  3515   001B14  2406               	addwf	?___lmul^0,w,c
  3516   001B16  6E12               	movwf	___lldiv@dividend^0,c
  3517   001B18  0E01               	movlw	1
  3518   001B1A  2007               	addwfc	(?___lmul+1)^0,w,c
  3519   001B1C  6E13               	movwf	(___lldiv@dividend+1)^0,c
  3520   001B1E  0E00               	movlw	0
  3521   001B20  2008               	addwfc	(?___lmul+2)^0,w,c
  3522   001B22  6E14               	movwf	(___lldiv@dividend+2)^0,c
  3523   001B24  0E00               	movlw	0
  3524   001B26  2009               	addwfc	(?___lmul+3)^0,w,c
  3525   001B28  6E15               	movwf	(___lldiv@dividend+3)^0,c
  3526   001B2A  0EFF               	movlw	255
  3527   001B2C  6E16               	movwf	___lldiv@divisor^0,c
  3528   001B2E  0E03               	movlw	3
  3529   001B30  6E17               	movwf	(___lldiv@divisor+1)^0,c
  3530   001B32  0E00               	movlw	0
  3531   001B34  6E18               	movwf	(___lldiv@divisor+2)^0,c
  3532   001B36  0E00               	movlw	0
  3533   001B38  6E19               	movwf	(___lldiv@divisor+3)^0,c
  3534   001B3A  EC5C  F012         	call	___lldiv	;wreg free
  3535   001B3E  C012  F06A         	movff	?___lldiv,_voltaje_medido_x100
  3536   001B42  C013  F06B         	movff	?___lldiv+1,_voltaje_medido_x100+1
  3537                           
  3538                           ;main.c: 461:     corriente_medida_x100 =
  3539   001B46  C070  F006         	movff	_adc_corriente_raw,___lmul@multiplier
  3540   001B4A  C071  F007         	movff	_adc_corriente_raw+1,___lmul@multiplier+1
  3541   001B4E  6A08               	clrf	(___lmul@multiplier+2)^0,c
  3542   001B50  6A09               	clrf	(___lmul@multiplier+3)^0,c
  3543   001B52  0E2C               	movlw	44
  3544   001B54  6E0A               	movwf	___lmul@multiplicand^0,c
  3545   001B56  0E01               	movlw	1
  3546   001B58  6E0B               	movwf	(___lmul@multiplicand+1)^0,c
  3547   001B5A  0E00               	movlw	0
  3548   001B5C  6E0C               	movwf	(___lmul@multiplicand+2)^0,c
  3549   001B5E  0E00               	movlw	0
  3550   001B60  6E0D               	movwf	(___lmul@multiplicand+3)^0,c
  3551   001B62  ECE5  F013         	call	___lmul	;wreg free
  3552   001B66  0EFF               	movlw	255
  3553   001B68  2406               	addwf	?___lmul^0,w,c
  3554   001B6A  6E12               	movwf	___lldiv@dividend^0,c
  3555   001B6C  0E01               	movlw	1
  3556   001B6E  2007               	addwfc	(?___lmul+1)^0,w,c
  3557   001B70  6E13               	movwf	(___lldiv@dividend+1)^0,c
  3558   001B72  0E00               	movlw	0
  3559   001B74  2008               	addwfc	(?___lmul+2)^0,w,c
  3560   001B76  6E14               	movwf	(___lldiv@dividend+2)^0,c
  3561   001B78  0E00               	movlw	0
  3562   001B7A  2009               	addwfc	(?___lmul+3)^0,w,c
  3563   001B7C  6E15               	movwf	(___lldiv@dividend+3)^0,c
  3564   001B7E  0EFF               	movlw	255
  3565   001B80  6E16               	movwf	___lldiv@divisor^0,c
  3566   001B82  0E03               	movlw	3
  3567   001B84  6E17               	movwf	(___lldiv@divisor+1)^0,c
  3568   001B86  0E00               	movlw	0
  3569   001B88  6E18               	movwf	(___lldiv@divisor+2)^0,c
  3570   001B8A  0E00               	movlw	0
  3571   001B8C  6E19               	movwf	(___lldiv@divisor+3)^0,c
  3572   001B8E  EC5C  F012         	call	___lldiv	;wreg free
  3573   001B92  C012  F068         	movff	?___lldiv,_corriente_medida_x100
  3574   001B96  C013  F069         	movff	?___lldiv+1,_corriente_medida_x100+1
  3575   001B9A  0012               	return		;funcret
  3576   001B9C                     __end_of_Mediciones_Actualizar:
  3577                           	callstack 0
  3578                           
  3579 ;; *************** function ___lmul *****************
  3580 ;; Defined at:
  3581 ;;		line 15 in file "C:\Program Files\Microchip\xc8\v3.10\pic\sources\c99\common\Umul32.c"
  3582 ;; Parameters:    Size  Location     Type
  3583 ;;  multiplier      4    4[COMRAM] unsigned long 
  3584 ;;  multiplicand    4    8[COMRAM] unsigned long 
  3585 ;; Auto vars:     Size  Location     Type
  3586 ;;  product         4   12[COMRAM] unsigned long 
  3587 ;; Return value:  Size  Location     Type
  3588 ;;                  4    4[COMRAM] unsigned long 
  3589 ;; Registers used:
  3590 ;;		wreg, status,2, status,0
  3591 ;; Tracked objects:
  3592 ;;		On entry : 0/0
  3593 ;;		On exit  : 0/0
  3594 ;;		Unchanged: 0/0
  3595 ;; Data sizes:     COMRAM   BANK0   BANK1   BANK2   BANK3   BANK4   BANK5
  3596 ;;      Params:         8       0       0       0       0       0       0
  3597 ;;      Locals:         4       0       0       0       0       0       0
  3598 ;;      Temps:          0       0       0       0       0       0       0
  3599 ;;      Totals:        12       0       0       0       0       0       0
  3600 ;;Total ram usage:       12 bytes
  3601 ;; Hardware stack levels used: 1
  3602 ;; Hardware stack levels required when called: 2
  3603 ;; This function calls:
  3604 ;;		Nothing
  3605 ;; This function is called by:
  3606 ;;		_Mediciones_Actualizar
  3607 ;; This function uses a non-reentrant model
  3608 ;;
  3609                           
  3610                           	psect	text15
  3611   0027CA                     __ptext15:
  3612                           	callstack 0
  3613   0027CA                     ___lmul:
  3614                           	callstack 25
  3615   0027CA  0E00               	movlw	0
  3616   0027CC  6E0E               	movwf	___lmul@product^0,c
  3617   0027CE  0E00               	movlw	0
  3618   0027D0  6E0F               	movwf	(___lmul@product+1)^0,c
  3619   0027D2  0E00               	movlw	0
  3620   0027D4  6E10               	movwf	(___lmul@product+2)^0,c
  3621   0027D6  0E00               	movlw	0
  3622   0027D8  6E11               	movwf	(___lmul@product+3)^0,c
  3623   0027DA                     l5493:
  3624   0027DA  A006               	btfss	___lmul@multiplier^0,0,c
  3625   0027DC  EFF2  F013         	goto	u5851
  3626   0027E0  EFF4  F013         	goto	u5850
  3627   0027E4                     u5851:
  3628   0027E4  EFFC  F013         	goto	l5497
  3629   0027E8                     u5850:
  3630   0027E8  500A               	movf	___lmul@multiplicand^0,w,c
  3631   0027EA  260E               	addwf	___lmul@product^0,f,c
  3632   0027EC  500B               	movf	(___lmul@multiplicand+1)^0,w,c
  3633   0027EE  220F               	addwfc	(___lmul@product+1)^0,f,c
  3634   0027F0  500C               	movf	(___lmul@multiplicand+2)^0,w,c
  3635   0027F2  2210               	addwfc	(___lmul@product+2)^0,f,c
  3636   0027F4  500D               	movf	(___lmul@multiplicand+3)^0,w,c
  3637   0027F6  2211               	addwfc	(___lmul@product+3)^0,f,c
  3638   0027F8                     l5497:
  3639   0027F8  90D8               	bcf	status,0,c
  3640   0027FA  360A               	rlcf	___lmul@multiplicand^0,f,c
  3641   0027FC  360B               	rlcf	(___lmul@multiplicand+1)^0,f,c
  3642   0027FE  360C               	rlcf	(___lmul@multiplicand+2)^0,f,c
  3643   002800  360D               	rlcf	(___lmul@multiplicand+3)^0,f,c
  3644   002802  90D8               	bcf	status,0,c
  3645   002804  3209               	rrcf	(___lmul@multiplier+3)^0,f,c
  3646   002806  3208               	rrcf	(___lmul@multiplier+2)^0,f,c
  3647   002808  3207               	rrcf	(___lmul@multiplier+1)^0,f,c
  3648   00280A  3206               	rrcf	___lmul@multiplier^0,f,c
  3649   00280C  5006               	movf	___lmul@multiplier^0,w,c
  3650   00280E  1007               	iorwf	(___lmul@multiplier+1)^0,w,c
  3651   002810  1008               	iorwf	(___lmul@multiplier+2)^0,w,c
  3652   002812  1009               	iorwf	(___lmul@multiplier+3)^0,w,c
  3653   002814  A4D8               	btfss	status,2,c
  3654   002816  EF0F  F014         	goto	u5861
  3655   00281A  EF11  F014         	goto	u5860
  3656   00281E                     u5861:
  3657   00281E  EFED  F013         	goto	l5493
  3658   002822                     u5860:
  3659   002822  C00E  F006         	movff	___lmul@product,?___lmul
  3660   002826  C00F  F007         	movff	___lmul@product+1,?___lmul+1
  3661   00282A  C010  F008         	movff	___lmul@product+2,?___lmul+2
  3662   00282E  C011  F009         	movff	___lmul@product+3,?___lmul+3
  3663   002832  0012               	return		;funcret
  3664   002834                     __end_of___lmul:
  3665                           	callstack 0
  3666                           
  3667 ;; *************** function ___lldiv *****************
  3668 ;; Defined at:
  3669 ;;		line 7 in file "C:\Program Files\Microchip\xc8\v3.10\pic\sources\c99\common\__lldiv.c"
  3670 ;; Parameters:    Size  Location     Type
  3671 ;;  dividend        4   16[COMRAM] unsigned long 
  3672 ;;  divisor         4   20[COMRAM] unsigned long 
  3673 ;; Auto vars:     Size  Location     Type
  3674 ;;  quotient        4   24[COMRAM] unsigned long 
  3675 ;;  counter         1   28[COMRAM] unsigned char 
  3676 ;; Return value:  Size  Location     Type
  3677 ;;                  4   16[COMRAM] unsigned long 
  3678 ;; Registers used:
  3679 ;;		wreg, status,2, status,0
  3680 ;; Tracked objects:
  3681 ;;		On entry : 0/0
  3682 ;;		On exit  : 0/0
  3683 ;;		Unchanged: 0/0
  3684 ;; Data sizes:     COMRAM   BANK0   BANK1   BANK2   BANK3   BANK4   BANK5
  3685 ;;      Params:         8       0       0       0       0       0       0
  3686 ;;      Locals:         5       0       0       0       0       0       0
  3687 ;;      Temps:          0       0       0       0       0       0       0
  3688 ;;      Totals:        13       0       0       0       0       0       0
  3689 ;;Total ram usage:       13 bytes
  3690 ;; Hardware stack levels used: 1
  3691 ;; Hardware stack levels required when called: 2
  3692 ;; This function calls:
  3693 ;;		Nothing
  3694 ;; This function is called by:
  3695 ;;		_Mediciones_Actualizar
  3696 ;; This function uses a non-reentrant model
  3697 ;;
  3698                           
  3699                           	psect	text16
  3700   0024B8                     __ptext16:
  3701                           	callstack 0
  3702   0024B8                     ___lldiv:
  3703                           	callstack 25
  3704   0024B8  0E00               	movlw	0
  3705   0024BA  6E1A               	movwf	___lldiv@quotient^0,c
  3706   0024BC  0E00               	movlw	0
  3707   0024BE  6E1B               	movwf	(___lldiv@quotient+1)^0,c
  3708   0024C0  0E00               	movlw	0
  3709   0024C2  6E1C               	movwf	(___lldiv@quotient+2)^0,c
  3710   0024C4  0E00               	movlw	0
  3711   0024C6  6E1D               	movwf	(___lldiv@quotient+3)^0,c
  3712   0024C8  5016               	movf	___lldiv@divisor^0,w,c
  3713   0024CA  1017               	iorwf	(___lldiv@divisor+1)^0,w,c
  3714   0024CC  1018               	iorwf	(___lldiv@divisor+2)^0,w,c
  3715   0024CE  1019               	iorwf	(___lldiv@divisor+3)^0,w,c
  3716   0024D0  B4D8               	btfsc	status,2,c
  3717   0024D2  EF6D  F012         	goto	u5871
  3718   0024D6  EF6F  F012         	goto	u5870
  3719   0024DA                     u5871:
  3720   0024DA  EFA5  F012         	goto	l515
  3721   0024DE                     u5870:
  3722   0024DE  0E01               	movlw	1
  3723   0024E0  6E1E               	movwf	___lldiv@counter^0,c
  3724   0024E2  EF79  F012         	goto	l5509
  3725   0024E6                     l5507:
  3726   0024E6  90D8               	bcf	status,0,c
  3727   0024E8  3616               	rlcf	___lldiv@divisor^0,f,c
  3728   0024EA  3617               	rlcf	(___lldiv@divisor+1)^0,f,c
  3729   0024EC  3618               	rlcf	(___lldiv@divisor+2)^0,f,c
  3730   0024EE  3619               	rlcf	(___lldiv@divisor+3)^0,f,c
  3731   0024F0  2A1E               	incf	___lldiv@counter^0,f,c
  3732   0024F2                     l5509:
  3733   0024F2  AE19               	btfss	(___lldiv@divisor+3)^0,7,c
  3734   0024F4  EF7E  F012         	goto	u5881
  3735   0024F8  EF80  F012         	goto	u5880
  3736   0024FC                     u5881:
  3737   0024FC  EF73  F012         	goto	l5507
  3738   002500                     u5880:
  3739   002500                     l5511:
  3740   002500  90D8               	bcf	status,0,c
  3741   002502  361A               	rlcf	___lldiv@quotient^0,f,c
  3742   002504  361B               	rlcf	(___lldiv@quotient+1)^0,f,c
  3743   002506  361C               	rlcf	(___lldiv@quotient+2)^0,f,c
  3744   002508  361D               	rlcf	(___lldiv@quotient+3)^0,f,c
  3745   00250A  5016               	movf	___lldiv@divisor^0,w,c
  3746   00250C  5C12               	subwf	___lldiv@dividend^0,w,c
  3747   00250E  5017               	movf	(___lldiv@divisor+1)^0,w,c
  3748   002510  5813               	subwfb	(___lldiv@dividend+1)^0,w,c
  3749   002512  5018               	movf	(___lldiv@divisor+2)^0,w,c
  3750   002514  5814               	subwfb	(___lldiv@dividend+2)^0,w,c
  3751   002516  5019               	movf	(___lldiv@divisor+3)^0,w,c
  3752   002518  5815               	subwfb	(___lldiv@dividend+3)^0,w,c
  3753   00251A  A0D8               	btfss	status,0,c
  3754   00251C  EF92  F012         	goto	u5891
  3755   002520  EF94  F012         	goto	u5890
  3756   002524                     u5891:
  3757   002524  EF9D  F012         	goto	l5519
  3758   002528                     u5890:
  3759   002528  5016               	movf	___lldiv@divisor^0,w,c
  3760   00252A  5E12               	subwf	___lldiv@dividend^0,f,c
  3761   00252C  5017               	movf	(___lldiv@divisor+1)^0,w,c
  3762   00252E  5A13               	subwfb	(___lldiv@dividend+1)^0,f,c
  3763   002530  5018               	movf	(___lldiv@divisor+2)^0,w,c
  3764   002532  5A14               	subwfb	(___lldiv@dividend+2)^0,f,c
  3765   002534  5019               	movf	(___lldiv@divisor+3)^0,w,c
  3766   002536  5A15               	subwfb	(___lldiv@dividend+3)^0,f,c
  3767   002538  801A               	bsf	___lldiv@quotient^0,0,c
  3768   00253A                     l5519:
  3769   00253A  90D8               	bcf	status,0,c
  3770   00253C  3219               	rrcf	(___lldiv@divisor+3)^0,f,c
  3771   00253E  3218               	rrcf	(___lldiv@divisor+2)^0,f,c
  3772   002540  3217               	rrcf	(___lldiv@divisor+1)^0,f,c
  3773   002542  3216               	rrcf	___lldiv@divisor^0,f,c
  3774   002544  2E1E               	decfsz	___lldiv@counter^0,f,c
  3775   002546  EF80  F012         	goto	l5511
  3776   00254A                     l515:
  3777   00254A  C01A  F012         	movff	___lldiv@quotient,?___lldiv
  3778   00254E  C01B  F013         	movff	___lldiv@quotient+1,?___lldiv+1
  3779   002552  C01C  F014         	movff	___lldiv@quotient+2,?___lldiv+2
  3780   002556  C01D  F015         	movff	___lldiv@quotient+3,?___lldiv+3
  3781   00255A  0012               	return		;funcret
  3782   00255C                     __end_of___lldiv:
  3783                           	callstack 0
  3784                           
  3785 ;; *************** function _ADC_Read *****************
  3786 ;; Defined at:
  3787 ;;		line 401 in file "main.c"
  3788 ;; Parameters:    Size  Location     Type
  3789 ;;  channel         1    wreg     unsigned char 
  3790 ;; Auto vars:     Size  Location     Type
  3791 ;;  channel         1    8[COMRAM] unsigned char 
  3792 ;;  result          2    9[COMRAM] unsigned short 
  3793 ;; Return value:  Size  Location     Type
  3794 ;;                  2    4[COMRAM] unsigned short 
  3795 ;; Registers used:
  3796 ;;		wreg, status,2, status,0
  3797 ;; Tracked objects:
  3798 ;;		On entry : 0/0
  3799 ;;		On exit  : 0/0
  3800 ;;		Unchanged: 0/0
  3801 ;; Data sizes:     COMRAM   BANK0   BANK1   BANK2   BANK3   BANK4   BANK5
  3802 ;;      Params:         2       0       0       0       0       0       0
  3803 ;;      Locals:         3       0       0       0       0       0       0
  3804 ;;      Temps:          2       0       0       0       0       0       0
  3805 ;;      Totals:         7       0       0       0       0       0       0
  3806 ;;Total ram usage:        7 bytes
  3807 ;; Hardware stack levels used: 1
  3808 ;; Hardware stack levels required when called: 2
  3809 ;; This function calls:
  3810 ;;		Nothing
  3811 ;; This function is called by:
  3812 ;;		_Mediciones_Actualizar
  3813 ;; This function uses a non-reentrant model
  3814 ;;
  3815                           
  3816                           	psect	text17
  3817   002BAE                     __ptext17:
  3818                           	callstack 0
  3819   002BAE                     _ADC_Read:
  3820                           	callstack 25
  3821                           
  3822                           ;incstack = 0
  3823                           ;ADC_Read@channel stored from wreg
  3824   002BAE  6E0A               	movwf	ADC_Read@channel^0,c
  3825   002BB0                     
  3826                           ;main.c: 401: uint16_t ADC_Read(uint8_t channel);main.c: 402: {;main.c: 403:     uint16_
      +                          t result;;main.c: 410:     ADCON0 = (uint8_t)((channel << 2) | 0x01);
  3827   002BB0  440A               	rlncf	ADC_Read@channel^0,w,c
  3828   002BB2  46E8               	rlncf	wreg,f,c
  3829   002BB4  0BFC               	andlw	252
  3830   002BB6  0901               	iorlw	1
  3831   002BB8  6EC2               	movwf	194,c	;volatile
  3832   002BBA                     
  3833                           ;main.c: 413:     _delay((unsigned long)((30)*(1000000UL/4000000.0)));
  3834   002BBA  D000               	nop2		;2 cycle nop
  3835   002BBC  D000               	nop2		;2 cycle nop
  3836   002BBE  D000               	nop2		;2 cycle nop
  3837   002BC0  0000               	nop	
  3838   002BC2                     
  3839                           ;main.c: 416:     ADCON0bits.GO = 1;
  3840   002BC2  82C2               	bsf	194,1,c	;volatile
  3841   002BC4                     l378:
  3842                           
  3843                           ;main.c: 419:     while (ADCON0bits.GO)
  3844   002BC4  B2C2               	btfsc	194,1,c	;volatile
  3845   002BC6  EFE7  F015         	goto	u5811
  3846   002BCA  EFE9  F015         	goto	u5810
  3847   002BCE                     u5811:
  3848   002BCE  EFE2  F015         	goto	l378
  3849   002BD2                     u5810:
  3850   002BD2                     
  3851                           ;main.c: 424:     result = ((uint16_t)ADRESH << 8) | ADRESL;
  3852   002BD2  50C4               	movf	196,w,c	;volatile
  3853   002BD4  6E08               	movwf	??_ADC_Read^0,c
  3854   002BD6  50C3               	movf	195,w,c	;volatile
  3855   002BD8  6E0B               	movwf	ADC_Read@result^0,c
  3856   002BDA  C008  F00C         	movff	??_ADC_Read,ADC_Read@result+1
  3857   002BDE                     
  3858                           ;main.c: 426:     return result;
  3859   002BDE  C00B  F006         	movff	ADC_Read@result,?_ADC_Read
  3860   002BE2  C00C  F007         	movff	ADC_Read@result+1,?_ADC_Read+1
  3861   002BE6  0012               	return		;funcret
  3862   002BE8                     __end_of_ADC_Read:
  3863                           	callstack 0
  3864                           
  3865 ;; *************** function _LCD_MostrarReposo *****************
  3866 ;; Defined at:
  3867 ;;		line 743 in file "main.c"
  3868 ;; Parameters:    Size  Location     Type
  3869 ;;		None
  3870 ;; Auto vars:     Size  Location     Type
  3871 ;;		None
  3872 ;; Return value:  Size  Location     Type
  3873 ;;                  1    wreg      void 
  3874 ;; Registers used:
  3875 ;;		wreg, fsr1l, fsr1h, fsr2l, fsr2h, status,2, status,0, tblptrl, tblptrh, tblptru, cstack
  3876 ;; Tracked objects:
  3877 ;;		On entry : 0/0
  3878 ;;		On exit  : 0/0
  3879 ;;		Unchanged: 0/0
  3880 ;; Data sizes:     COMRAM   BANK0   BANK1   BANK2   BANK3   BANK4   BANK5
  3881 ;;      Params:         0       0       0       0       0       0       0
  3882 ;;      Locals:         0       0       0       0       0       0       0
  3883 ;;      Temps:          0       0       0       0       0       0       0
  3884 ;;      Totals:         0       0       0       0       0       0       0
  3885 ;;Total ram usage:        0 bytes
  3886 ;; Hardware stack levels used: 1
  3887 ;; Hardware stack levels required when called: 2
  3888 ;; This function calls:
  3889 ;;		_LCD_ActualizarMediciones
  3890 ;;		_LCD_Clear
  3891 ;;		_LCD_Print
  3892 ;;		_LCD_SetCursor
  3893 ;; This function is called by:
  3894 ;;		_main
  3895 ;;		_Entrada_Guardar
  3896 ;; This function uses a non-reentrant model
  3897 ;;
  3898                           
  3899                           	psect	text18
  3900   002898                     __ptext18:
  3901                           	callstack 0
  3902   002898                     _LCD_MostrarReposo:
  3903                           	callstack 26
  3904   002898                     
  3905                           ;main.c: 745:     LCD_Clear();
  3906   002898  ECBF  F017         	call	_LCD_Clear	;wreg free
  3907   00289C                     
  3908                           ;main.c: 747:     LCD_SetCursor(0, 0);
  3909   00289C  0E00               	movlw	0
  3910   00289E  6E10               	movwf	LCD_SetCursor@col^0,c
  3911   0028A0  0E00               	movlw	0
  3912   0028A2  EC53  F015         	call	_LCD_SetCursor
  3913   0028A6                     
  3914                           ;main.c: 748:     LCD_Print("Set V:");
  3915   0028A6  0EE5               	movlw	low STR_7
  3916   0028A8  6E10               	movwf	LCD_Print@text^0,c
  3917   0028AA  5010               	movf	LCD_Print@text^0,w,c
  3918   0028AC  A4D8               	btfss	status,2,c
  3919   0028AE  0E06               	movlw	high __smallconst
  3920   0028B0  6E11               	movwf	(LCD_Print@text+1)^0,c
  3921   0028B2  ECAD  F014         	call	_LCD_Print	;wreg free
  3922   0028B6                     
  3923                           ;main.c: 749:     LCD_Print(voltaje_texto);
  3924   0028B6  0EA0               	movlw	low _voltaje_texto
  3925   0028B8  6E10               	movwf	LCD_Print@text^0,c
  3926   0028BA  6A11               	clrf	(LCD_Print@text+1)^0,c
  3927   0028BC  ECAD  F014         	call	_LCD_Print	;wreg free
  3928   0028C0                     
  3929                           ;main.c: 750:     LCD_Print(" I:");
  3930   0028C0  0EF2               	movlw	low STR_8
  3931   0028C2  6E10               	movwf	LCD_Print@text^0,c
  3932   0028C4  5010               	movf	LCD_Print@text^0,w,c
  3933   0028C6  A4D8               	btfss	status,2,c
  3934   0028C8  0E06               	movlw	high __smallconst
  3935   0028CA  6E11               	movwf	(LCD_Print@text+1)^0,c
  3936   0028CC  ECAD  F014         	call	_LCD_Print	;wreg free
  3937   0028D0                     
  3938                           ;main.c: 751:     LCD_Print(corriente_texto);
  3939   0028D0  0E90               	movlw	low _corriente_texto
  3940   0028D2  6E10               	movwf	LCD_Print@text^0,c
  3941   0028D4  6A11               	clrf	(LCD_Print@text+1)^0,c
  3942   0028D6  ECAD  F014         	call	_LCD_Print	;wreg free
  3943   0028DA                     
  3944                           ;main.c: 753:     LCD_SetCursor(1, 0);
  3945   0028DA  0E00               	movlw	0
  3946   0028DC  6E10               	movwf	LCD_SetCursor@col^0,c
  3947   0028DE  0E01               	movlw	1
  3948   0028E0  EC53  F015         	call	_LCD_SetCursor
  3949   0028E4                     
  3950                           ;main.c: 754:     LCD_Print("RB0=V  RB7=I");
  3951   0028E4  0E6C               	movlw	low STR_9
  3952   0028E6  6E10               	movwf	LCD_Print@text^0,c
  3953   0028E8  5010               	movf	LCD_Print@text^0,w,c
  3954   0028EA  A4D8               	btfss	status,2,c
  3955   0028EC  0E06               	movlw	high __smallconst
  3956   0028EE  6E11               	movwf	(LCD_Print@text+1)^0,c
  3957   0028F0  ECAD  F014         	call	_LCD_Print	;wreg free
  3958   0028F4                     
  3959                           ;main.c: 756:     LCD_ActualizarMediciones();
  3960   0028F4  ECFB  F012         	call	_LCD_ActualizarMediciones	;wreg free
  3961   0028F8  0012               	return		;funcret
  3962   0028FA                     __end_of_LCD_MostrarReposo:
  3963                           	callstack 0
  3964                           
  3965 ;; *************** function _LCD_ActualizarMediciones *****************
  3966 ;; Defined at:
  3967 ;;		line 759 in file "main.c"
  3968 ;; Parameters:    Size  Location     Type
  3969 ;;		None
  3970 ;; Auto vars:     Size  Location     Type
  3971 ;;		None
  3972 ;; Return value:  Size  Location     Type
  3973 ;;                  1    wreg      void 
  3974 ;; Registers used:
  3975 ;;		wreg, fsr1l, fsr1h, fsr2l, fsr2h, status,2, status,0, tblptrl, tblptrh, tblptru, cstack
  3976 ;; Tracked objects:
  3977 ;;		On entry : 0/0
  3978 ;;		On exit  : 0/0
  3979 ;;		Unchanged: 0/0
  3980 ;; Data sizes:     COMRAM   BANK0   BANK1   BANK2   BANK3   BANK4   BANK5
  3981 ;;      Params:         0       0       0       0       0       0       0
  3982 ;;      Locals:         0       0       0       0       0       0       0
  3983 ;;      Temps:          0       0       0       0       0       0       0
  3984 ;;      Totals:         0       0       0       0       0       0       0
  3985 ;;Total ram usage:        0 bytes
  3986 ;; Hardware stack levels used: 1
  3987 ;; Hardware stack levels required when called: 2
  3988 ;; This function calls:
  3989 ;;		_LCD_ClearLine
  3990 ;;		_LCD_Print
  3991 ;;		_LCD_PrintFixed2
  3992 ;;		_LCD_SetCursor
  3993 ;; This function is called by:
  3994 ;;		_main
  3995 ;;		_LCD_MostrarReposo
  3996 ;; This function uses a non-reentrant model
  3997 ;;
  3998                           
  3999                           	psect	text19
  4000   0025F6                     __ptext19:
  4001                           	callstack 0
  4002   0025F6                     _LCD_ActualizarMediciones:
  4003                           	callstack 25
  4004   0025F6                     
  4005                           ;main.c: 761:     LCD_ClearLine(2);
  4006   0025F6  0E02               	movlw	2
  4007   0025F8  EC29  F016         	call	_LCD_ClearLine
  4008                           
  4009                           ;main.c: 762:     LCD_SetCursor(2, 0);
  4010   0025FC  0E00               	movlw	0
  4011   0025FE  6E10               	movwf	LCD_SetCursor@col^0,c
  4012   002600  0E02               	movlw	2
  4013   002602  EC53  F015         	call	_LCD_SetCursor
  4014   002606                     
  4015                           ;main.c: 763:     LCD_Print("Vmed: ");
  4016   002606  0EDE               	movlw	low STR_10
  4017   002608  6E10               	movwf	LCD_Print@text^0,c
  4018   00260A  5010               	movf	LCD_Print@text^0,w,c
  4019   00260C  A4D8               	btfss	status,2,c
  4020   00260E  0E06               	movlw	high __smallconst
  4021   002610  6E11               	movwf	(LCD_Print@text+1)^0,c
  4022   002612  ECAD  F014         	call	_LCD_Print	;wreg free
  4023   002616                     
  4024                           ;main.c: 764:     LCD_PrintFixed2(voltaje_medido_x100);
  4025   002616  C06A  F01B         	movff	_voltaje_medido_x100,LCD_PrintFixed2@value_x100
  4026   00261A  C06B  F01C         	movff	_voltaje_medido_x100+1,LCD_PrintFixed2@value_x100+1
  4027   00261E  EC72  F013         	call	_LCD_PrintFixed2	;wreg free
  4028   002622                     
  4029                           ;main.c: 765:     LCD_Print(" V");
  4030   002622  0E9B               	movlw	low (STR_5+9)
  4031   002624  6E10               	movwf	LCD_Print@text^0,c
  4032   002626  5010               	movf	LCD_Print@text^0,w,c
  4033   002628  A4D8               	btfss	status,2,c
  4034   00262A  0E06               	movlw	high __smallconst
  4035   00262C  6E11               	movwf	(LCD_Print@text+1)^0,c
  4036   00262E  ECAD  F014         	call	_LCD_Print	;wreg free
  4037   002632                     
  4038                           ;main.c: 767:     LCD_ClearLine(3);
  4039   002632  0E03               	movlw	3
  4040   002634  EC29  F016         	call	_LCD_ClearLine
  4041   002638                     
  4042                           ;main.c: 768:     LCD_SetCursor(3, 0);
  4043   002638  0E00               	movlw	0
  4044   00263A  6E10               	movwf	LCD_SetCursor@col^0,c
  4045   00263C  0E03               	movlw	3
  4046   00263E  EC53  F015         	call	_LCD_SetCursor
  4047   002642                     
  4048                           ;main.c: 769:     LCD_Print("Imed: ");
  4049   002642  0ED7               	movlw	low STR_12
  4050   002644  6E10               	movwf	LCD_Print@text^0,c
  4051   002646  5010               	movf	LCD_Print@text^0,w,c
  4052   002648  A4D8               	btfss	status,2,c
  4053   00264A  0E06               	movlw	high __smallconst
  4054   00264C  6E11               	movwf	(LCD_Print@text+1)^0,c
  4055   00264E  ECAD  F014         	call	_LCD_Print	;wreg free
  4056   002652                     
  4057                           ;main.c: 770:     LCD_PrintFixed2(corriente_medida_x100);
  4058   002652  C068  F01B         	movff	_corriente_medida_x100,LCD_PrintFixed2@value_x100
  4059   002656  C069  F01C         	movff	_corriente_medida_x100+1,LCD_PrintFixed2@value_x100+1
  4060   00265A  EC72  F013         	call	_LCD_PrintFixed2	;wreg free
  4061   00265E                     
  4062                           ;main.c: 771:     LCD_Print(" A");
  4063   00265E  0EB2               	movlw	low (STR_6+8)
  4064   002660  6E10               	movwf	LCD_Print@text^0,c
  4065   002662  5010               	movf	LCD_Print@text^0,w,c
  4066   002664  A4D8               	btfss	status,2,c
  4067   002666  0E06               	movlw	high __smallconst
  4068   002668  6E11               	movwf	(LCD_Print@text+1)^0,c
  4069   00266A  ECAD  F014         	call	_LCD_Print	;wreg free
  4070   00266E  0012               	return		;funcret
  4071   002670                     __end_of_LCD_ActualizarMediciones:
  4072                           	callstack 0
  4073                           
  4074 ;; *************** function _LCD_MostrarMensajeTemporal *****************
  4075 ;; Defined at:
  4076 ;;		line 865 in file "main.c"
  4077 ;; Parameters:    Size  Location     Type
  4078 ;;  mensaje         1   19[COMRAM] PTR const unsigned char 
  4079 ;;		 -> STR_6(11), STR_5(12), STR_4(17), STR_3(13), 
  4080 ;;		 -> STR_2(15), STR_1(13), 
  4081 ;; Auto vars:     Size  Location     Type
  4082 ;;		None
  4083 ;; Return value:  Size  Location     Type
  4084 ;;                  1    wreg      void 
  4085 ;; Registers used:
  4086 ;;		wreg, fsr1l, fsr1h, status,2, status,0, tblptrl, tblptrh, tblptru, cstack
  4087 ;; Tracked objects:
  4088 ;;		On entry : 0/0
  4089 ;;		On exit  : 0/0
  4090 ;;		Unchanged: 0/0
  4091 ;; Data sizes:     COMRAM   BANK0   BANK1   BANK2   BANK3   BANK4   BANK5
  4092 ;;      Params:         1       0       0       0       0       0       0
  4093 ;;      Locals:         0       0       0       0       0       0       0
  4094 ;;      Temps:          1       0       0       0       0       0       0
  4095 ;;      Totals:         2       0       0       0       0       0       0
  4096 ;;Total ram usage:        2 bytes
  4097 ;; Hardware stack levels used: 1
  4098 ;; Hardware stack levels required when called: 2
  4099 ;; This function calls:
  4100 ;;		_LCD_ClearLine
  4101 ;;		_LCD_MostrarEntrada
  4102 ;;		_LCD_Print
  4103 ;;		_LCD_SetCursor
  4104 ;; This function is called by:
  4105 ;;		_Entrada_ProcesarTecla
  4106 ;;		_Entrada_Guardar
  4107 ;; This function uses a non-reentrant model
  4108 ;;
  4109                           
  4110                           	psect	text20
  4111   002BE8                     __ptext20:
  4112                           	callstack 0
  4113   002BE8                     _LCD_MostrarMensajeTemporal:
  4114                           	callstack 26
  4115   002BE8                     
  4116                           ;main.c: 865: void LCD_MostrarMensajeTemporal(const char *mensaje);main.c: 866: {;main.c
      +                          : 867:     LCD_ClearLine(3);
  4117   002BE8  0E03               	movlw	3
  4118   002BEA  EC29  F016         	call	_LCD_ClearLine
  4119                           
  4120                           ;main.c: 868:     LCD_SetCursor(3, 0);
  4121   002BEE  0E00               	movlw	0
  4122   002BF0  6E10               	movwf	LCD_SetCursor@col^0,c
  4123   002BF2  0E03               	movlw	3
  4124   002BF4  EC53  F015         	call	_LCD_SetCursor
  4125   002BF8                     
  4126                           ;main.c: 869:     LCD_Print(mensaje);
  4127   002BF8  C015  F010         	movff	LCD_MostrarMensajeTemporal@mensaje,LCD_Print@text
  4128   002BFC  5010               	movf	LCD_Print@text^0,w,c
  4129   002BFE  A4D8               	btfss	status,2,c
  4130   002C00  0E06               	movlw	high __smallconst
  4131   002C02  6E11               	movwf	(LCD_Print@text+1)^0,c
  4132   002C04  ECAD  F014         	call	_LCD_Print	;wreg free
  4133   002C08                     
  4134                           ;main.c: 871:     _delay((unsigned long)((700)*(1000000UL/4000.0)));
  4135   002C08  0EE4               	movlw	228
  4136   002C0A  6E16               	movwf	??_LCD_MostrarMensajeTemporal^0,c
  4137   002C0C  0E44               	movlw	68
  4138   002C0E                     u6727:
  4139   002C0E  2EE8               	decfsz	wreg,f,c
  4140   002C10  D7FE               	bra	u6727
  4141   002C12  2E16               	decfsz	??_LCD_MostrarMensajeTemporal^0,f,c
  4142   002C14  D7FC               	bra	u6727
  4143   002C16  D000               	nop2	
  4144   002C18                     
  4145                           ;main.c: 873:     LCD_MostrarEntrada();
  4146   002C18  EC8E  F010         	call	_LCD_MostrarEntrada	;wreg free
  4147   002C1C  0012               	return		;funcret
  4148   002C1E                     __end_of_LCD_MostrarMensajeTemporal:
  4149                           	callstack 0
  4150                           
  4151 ;; *************** function _LCD_ClearLine *****************
  4152 ;; Defined at:
  4153 ;;		line 197 in file "./lcd_i2c.h"
  4154 ;; Parameters:    Size  Location     Type
  4155 ;;  row             1    wreg     unsigned char 
  4156 ;; Auto vars:     Size  Location     Type
  4157 ;;  row             1   17[COMRAM] unsigned char 
  4158 ;;  i               1   18[COMRAM] unsigned char 
  4159 ;; Return value:  Size  Location     Type
  4160 ;;                  1    wreg      void 
  4161 ;; Registers used:
  4162 ;;		wreg, status,2, status,0, tblptrl, tblptrh, tblptru, cstack
  4163 ;; Tracked objects:
  4164 ;;		On entry : 0/0
  4165 ;;		On exit  : 0/0
  4166 ;;		Unchanged: 0/0
  4167 ;; Data sizes:     COMRAM   BANK0   BANK1   BANK2   BANK3   BANK4   BANK5
  4168 ;;      Params:         0       0       0       0       0       0       0
  4169 ;;      Locals:         2       0       0       0       0       0       0
  4170 ;;      Temps:          0       0       0       0       0       0       0
  4171 ;;      Totals:         2       0       0       0       0       0       0
  4172 ;;Total ram usage:        2 bytes
  4173 ;; Hardware stack levels used: 1
  4174 ;; Hardware stack levels required when called: 2
  4175 ;; This function calls:
  4176 ;;		_LCD_Char
  4177 ;;		_LCD_SetCursor
  4178 ;; This function is called by:
  4179 ;;		_LCD_ActualizarMediciones
  4180 ;;		_LCD_MostrarMensajeTemporal
  4181 ;; This function uses a non-reentrant model
  4182 ;;
  4183                           
  4184                           	psect	text21
  4185   002C52                     __ptext21:
  4186                           	callstack 0
  4187   002C52                     _LCD_ClearLine:
  4188                           	callstack 24
  4189                           
  4190                           ;incstack = 0
  4191                           ;LCD_ClearLine@row stored from wreg
  4192   002C52  6E13               	movwf	LCD_ClearLine@row^0,c
  4193   002C54                     
  4194                           ;./lcd_i2c.h: 197: static void LCD_ClearLine(uint8_t row);./lcd_i2c.h: 198: {;./lcd_i2c.
      +                          h: 199:     LCD_SetCursor(row, 0);
  4195   002C54  0E00               	movlw	0
  4196   002C56  6E10               	movwf	LCD_SetCursor@col^0,c
  4197   002C58  5013               	movf	LCD_ClearLine@row^0,w,c
  4198   002C5A  EC53  F015         	call	_LCD_SetCursor
  4199   002C5E                     
  4200                           ;./lcd_i2c.h: 201:     for(uint8_t i = 0; i < 20; i++)
  4201   002C5E  6A14               	clrf	LCD_ClearLine@i^0,c
  4202   002C60                     l4819:
  4203                           
  4204                           ;./lcd_i2c.h: 202:     {;./lcd_i2c.h: 203:         LCD_Char(' ');
  4205   002C60  0E20               	movlw	32
  4206   002C62  ECCE  F017         	call	_LCD_Char
  4207   002C66                     
  4208                           ;./lcd_i2c.h: 204:     }
  4209   002C66  2A14               	incf	LCD_ClearLine@i^0,f,c
  4210   002C68  0E13               	movlw	19
  4211   002C6A  6414               	cpfsgt	LCD_ClearLine@i^0,c
  4212   002C6C  EF3A  F016         	goto	u4791
  4213   002C70  EF3C  F016         	goto	u4790
  4214   002C74                     u4791:
  4215   002C74  EF30  F016         	goto	l4819
  4216   002C78                     u4790:
  4217   002C78                     
  4218                           ;./lcd_i2c.h: 206:     LCD_SetCursor(row, 0);
  4219   002C78  0E00               	movlw	0
  4220   002C7A  6E10               	movwf	LCD_SetCursor@col^0,c
  4221   002C7C  5013               	movf	LCD_ClearLine@row^0,w,c
  4222   002C7E  EC53  F015         	call	_LCD_SetCursor
  4223   002C82  0012               	return		;funcret
  4224   002C84                     __end_of_LCD_ClearLine:
  4225                           	callstack 0
  4226                           
  4227 ;; *************** function _LCD_MostrarGuardado *****************
  4228 ;; Defined at:
  4229 ;;		line 808 in file "main.c"
  4230 ;; Parameters:    Size  Location     Type
  4231 ;;		None
  4232 ;; Auto vars:     Size  Location     Type
  4233 ;;		None
  4234 ;; Return value:  Size  Location     Type
  4235 ;;                  1    wreg      void 
  4236 ;; Registers used:
  4237 ;;		wreg, fsr1l, fsr1h, fsr2l, fsr2h, status,2, status,0, tblptrl, tblptrh, tblptru, cstack
  4238 ;; Tracked objects:
  4239 ;;		On entry : 0/0
  4240 ;;		On exit  : 0/0
  4241 ;;		Unchanged: 0/0
  4242 ;; Data sizes:     COMRAM   BANK0   BANK1   BANK2   BANK3   BANK4   BANK5
  4243 ;;      Params:         0       0       0       0       0       0       0
  4244 ;;      Locals:         0       0       0       0       0       0       0
  4245 ;;      Temps:          0       0       0       0       0       0       0
  4246 ;;      Totals:         0       0       0       0       0       0       0
  4247 ;;Total ram usage:        0 bytes
  4248 ;; Hardware stack levels used: 1
  4249 ;; Hardware stack levels required when called: 5
  4250 ;; This function calls:
  4251 ;;		_LCD_Clear
  4252 ;;		_LCD_Print
  4253 ;;		_LCD_PrintFixed2
  4254 ;;		_LCD_SetCursor
  4255 ;; This function is called by:
  4256 ;;		_Entrada_Guardar
  4257 ;; This function uses a non-reentrant model
  4258 ;;
  4259                           
  4260                           	psect	text22
  4261   00154A                     __ptext22:
  4262                           	callstack 0
  4263   00154A                     _LCD_MostrarGuardado:
  4264                           	callstack 23
  4265   00154A                     
  4266                           ;main.c: 810:     LCD_Clear();
  4267   00154A  ECBF  F017         	call	_LCD_Clear	;wreg free
  4268   00154E                     
  4269                           ;main.c: 812:     LCD_SetCursor(0, 0);
  4270   00154E  0E00               	movlw	0
  4271   001550  6E10               	movwf	LCD_SetCursor@col^0,c
  4272   001552  0E00               	movlw	0
  4273   001554  EC53  F015         	call	_LCD_SetCursor
  4274   001558                     
  4275                           ;main.c: 813:     LCD_Print("Valor guardado");
  4276   001558  0E4E               	movlw	low STR_20
  4277   00155A  6E10               	movwf	LCD_Print@text^0,c
  4278   00155C  5010               	movf	LCD_Print@text^0,w,c
  4279   00155E  A4D8               	btfss	status,2,c
  4280   001560  0E06               	movlw	high __smallconst
  4281   001562  6E11               	movwf	(LCD_Print@text+1)^0,c
  4282   001564  ECAD  F014         	call	_LCD_Print	;wreg free
  4283   001568                     
  4284                           ;main.c: 815:     if (variable_actual == VAR_VOLTAJE)
  4285   001568  0100               	movlb	0	; () banked
  4286   00156A  057C               	decf	_variable_actual& (0+255),w,b
  4287   00156C  A4D8               	btfss	status,2,c
  4288   00156E  EFBB  F00A         	goto	u6081
  4289   001572  EFBD  F00A         	goto	u6080
  4290   001576                     u6081:
  4291   001576  EF1C  F00B         	goto	l5711
  4292   00157A                     u6080:
  4293   00157A                     
  4294                           ; BSR set to: 0
  4295                           ;main.c: 816:     {;main.c: 817:         LCD_SetCursor(1, 0);
  4296   00157A  0E00               	movlw	0
  4297   00157C  6E10               	movwf	LCD_SetCursor@col^0,c
  4298   00157E  0E01               	movlw	1
  4299   001580  EC53  F015         	call	_LCD_SetCursor
  4300   001584                     
  4301                           ;main.c: 818:         LCD_Print("Voltaje: ");
  4302   001584  0EB5               	movlw	low STR_21
  4303   001586  6E10               	movwf	LCD_Print@text^0,c
  4304   001588  5010               	movf	LCD_Print@text^0,w,c
  4305   00158A  A4D8               	btfss	status,2,c
  4306   00158C  0E06               	movlw	high __smallconst
  4307   00158E  6E11               	movwf	(LCD_Print@text+1)^0,c
  4308   001590  ECAD  F014         	call	_LCD_Print	;wreg free
  4309   001594                     
  4310                           ;main.c: 819:         LCD_Print(voltaje_texto);
  4311   001594  0EA0               	movlw	low _voltaje_texto
  4312   001596  6E10               	movwf	LCD_Print@text^0,c
  4313   001598  6A11               	clrf	(LCD_Print@text+1)^0,c
  4314   00159A  ECAD  F014         	call	_LCD_Print	;wreg free
  4315   00159E                     
  4316                           ;main.c: 820:         LCD_Print(" V");
  4317   00159E  0E9B               	movlw	low (STR_5+9)
  4318   0015A0  6E10               	movwf	LCD_Print@text^0,c
  4319   0015A2  5010               	movf	LCD_Print@text^0,w,c
  4320   0015A4  A4D8               	btfss	status,2,c
  4321   0015A6  0E06               	movlw	high __smallconst
  4322   0015A8  6E11               	movwf	(LCD_Print@text+1)^0,c
  4323   0015AA  ECAD  F014         	call	_LCD_Print	;wreg free
  4324   0015AE                     
  4325                           ;main.c: 822:         LCD_SetCursor(2, 0);
  4326   0015AE  0E00               	movlw	0
  4327   0015B0  6E10               	movwf	LCD_SetCursor@col^0,c
  4328   0015B2  0E02               	movlw	2
  4329   0015B4  EC53  F015         	call	_LCD_SetCursor
  4330                           
  4331                           ;main.c: 823:         LCD_Print("DAC V: ");
  4332   0015B8  0EC7               	movlw	low STR_23
  4333   0015BA  6E10               	movwf	LCD_Print@text^0,c
  4334   0015BC  5010               	movf	LCD_Print@text^0,w,c
  4335   0015BE  A4D8               	btfss	status,2,c
  4336   0015C0  0E06               	movlw	high __smallconst
  4337   0015C2  6E11               	movwf	(LCD_Print@text+1)^0,c
  4338   0015C4  ECAD  F014         	call	_LCD_Print	;wreg free
  4339   0015C8                     
  4340                           ;main.c: 825:         if (dac_voltaje_ok)
  4341   0015C8  0100               	movlb	0	; () banked
  4342   0015CA  5179               	movf	_dac_voltaje_ok& (0+255),w,b
  4343   0015CC  B4D8               	btfsc	status,2,c
  4344   0015CE  EFEB  F00A         	goto	u6091
  4345   0015D2  EFED  F00A         	goto	u6090
  4346   0015D6                     u6091:
  4347   0015D6  EFF7  F00A         	goto	l5701
  4348   0015DA                     u6090:
  4349   0015DA                     
  4350                           ; BSR set to: 0
  4351                           ;main.c: 826:         {;main.c: 827:             LCD_Print("OK");
  4352   0015DA  0EF6               	movlw	low STR_24
  4353   0015DC  6E10               	movwf	LCD_Print@text^0,c
  4354   0015DE  5010               	movf	LCD_Print@text^0,w,c
  4355   0015E0  A4D8               	btfss	status,2,c
  4356   0015E2  0E06               	movlw	high __smallconst
  4357   0015E4  6E11               	movwf	(LCD_Print@text+1)^0,c
  4358   0015E6  ECAD  F014         	call	_LCD_Print	;wreg free
  4359                           
  4360                           ;main.c: 828:         }
  4361   0015EA  EFFF  F00A         	goto	l5703
  4362   0015EE                     l5701:
  4363                           
  4364                           ; BSR set to: 0
  4365                           ;main.c: 830:         {;main.c: 831:             LCD_Print("ERROR");
  4366   0015EE  0EEC               	movlw	low STR_25
  4367   0015F0  6E10               	movwf	LCD_Print@text^0,c
  4368   0015F2  5010               	movf	LCD_Print@text^0,w,c
  4369   0015F4  A4D8               	btfss	status,2,c
  4370   0015F6  0E06               	movlw	high __smallconst
  4371   0015F8  6E11               	movwf	(LCD_Print@text+1)^0,c
  4372   0015FA  ECAD  F014         	call	_LCD_Print	;wreg free
  4373   0015FE                     l5703:
  4374                           
  4375                           ;main.c: 834:         LCD_SetCursor(3, 0);
  4376   0015FE  0E00               	movlw	0
  4377   001600  6E10               	movwf	LCD_SetCursor@col^0,c
  4378   001602  0E03               	movlw	3
  4379   001604  EC53  F015         	call	_LCD_SetCursor
  4380   001608                     
  4381                           ;main.c: 835:         LCD_Print("Vmed: ");
  4382   001608  0EDE               	movlw	low STR_10
  4383   00160A  6E10               	movwf	LCD_Print@text^0,c
  4384   00160C  5010               	movf	LCD_Print@text^0,w,c
  4385   00160E  A4D8               	btfss	status,2,c
  4386   001610  0E06               	movlw	high __smallconst
  4387   001612  6E11               	movwf	(LCD_Print@text+1)^0,c
  4388   001614  ECAD  F014         	call	_LCD_Print	;wreg free
  4389   001618                     
  4390                           ;main.c: 836:         LCD_PrintFixed2(voltaje_medido_x100);
  4391   001618  C06A  F01B         	movff	_voltaje_medido_x100,LCD_PrintFixed2@value_x100
  4392   00161C  C06B  F01C         	movff	_voltaje_medido_x100+1,LCD_PrintFixed2@value_x100+1
  4393   001620  EC72  F013         	call	_LCD_PrintFixed2	;wreg free
  4394   001624                     
  4395                           ;main.c: 837:         LCD_Print(" V");
  4396   001624  0E9B               	movlw	low (STR_5+9)
  4397   001626  6E10               	movwf	LCD_Print@text^0,c
  4398   001628  5010               	movf	LCD_Print@text^0,w,c
  4399   00162A  A4D8               	btfss	status,2,c
  4400   00162C  0E06               	movlw	high __smallconst
  4401   00162E  6E11               	movwf	(LCD_Print@text+1)^0,c
  4402   001630  ECAD  F014         	call	_LCD_Print	;wreg free
  4403                           
  4404                           ;main.c: 838:     }
  4405   001634  EF82  F00B         	goto	l468
  4406   001638                     l5711:
  4407                           
  4408                           ; BSR set to: 0
  4409   001638  0E02               	movlw	2
  4410   00163A  197C               	xorwf	_variable_actual& (0+255),w,b
  4411   00163C  A4D8               	btfss	status,2,c
  4412   00163E  EF23  F00B         	goto	u6101
  4413   001642  EF25  F00B         	goto	u6100
  4414   001646                     u6101:
  4415   001646  EF82  F00B         	goto	l468
  4416   00164A                     u6100:
  4417   00164A                     
  4418                           ; BSR set to: 0
  4419                           ;main.c: 840:     {;main.c: 841:         LCD_SetCursor(1, 0);
  4420   00164A  0E00               	movlw	0
  4421   00164C  6E10               	movwf	LCD_SetCursor@col^0,c
  4422   00164E  0E01               	movlw	1
  4423   001650  EC53  F015         	call	_LCD_SetCursor
  4424   001654                     
  4425                           ;main.c: 842:         LCD_Print("Corriente: ");
  4426   001654  0E86               	movlw	low STR_28
  4427   001656  6E10               	movwf	LCD_Print@text^0,c
  4428   001658  5010               	movf	LCD_Print@text^0,w,c
  4429   00165A  A4D8               	btfss	status,2,c
  4430   00165C  0E06               	movlw	high __smallconst
  4431   00165E  6E11               	movwf	(LCD_Print@text+1)^0,c
  4432   001660  ECAD  F014         	call	_LCD_Print	;wreg free
  4433   001664                     
  4434                           ;main.c: 843:         LCD_Print(corriente_texto);
  4435   001664  0E90               	movlw	low _corriente_texto
  4436   001666  6E10               	movwf	LCD_Print@text^0,c
  4437   001668  6A11               	clrf	(LCD_Print@text+1)^0,c
  4438   00166A  ECAD  F014         	call	_LCD_Print	;wreg free
  4439   00166E                     
  4440                           ;main.c: 844:         LCD_Print(" A");
  4441   00166E  0EB2               	movlw	low (STR_6+8)
  4442   001670  6E10               	movwf	LCD_Print@text^0,c
  4443   001672  5010               	movf	LCD_Print@text^0,w,c
  4444   001674  A4D8               	btfss	status,2,c
  4445   001676  0E06               	movlw	high __smallconst
  4446   001678  6E11               	movwf	(LCD_Print@text+1)^0,c
  4447   00167A  ECAD  F014         	call	_LCD_Print	;wreg free
  4448   00167E                     
  4449                           ;main.c: 846:         LCD_SetCursor(2, 0);
  4450   00167E  0E00               	movlw	0
  4451   001680  6E10               	movwf	LCD_SetCursor@col^0,c
  4452   001682  0E02               	movlw	2
  4453   001684  EC53  F015         	call	_LCD_SetCursor
  4454                           
  4455                           ;main.c: 847:         LCD_Print("DAC I: ");
  4456   001688  0EBF               	movlw	low STR_30
  4457   00168A  6E10               	movwf	LCD_Print@text^0,c
  4458   00168C  5010               	movf	LCD_Print@text^0,w,c
  4459   00168E  A4D8               	btfss	status,2,c
  4460   001690  0E06               	movlw	high __smallconst
  4461   001692  6E11               	movwf	(LCD_Print@text+1)^0,c
  4462   001694  ECAD  F014         	call	_LCD_Print	;wreg free
  4463   001698                     
  4464                           ;main.c: 849:         if (dac_corriente_ok)
  4465   001698  0100               	movlb	0	; () banked
  4466   00169A  5178               	movf	_dac_corriente_ok& (0+255),w,b
  4467   00169C  B4D8               	btfsc	status,2,c
  4468   00169E  EF53  F00B         	goto	u6111
  4469   0016A2  EF55  F00B         	goto	u6110
  4470   0016A6                     u6111:
  4471   0016A6  EF5F  F00B         	goto	l5727
  4472   0016AA                     u6110:
  4473   0016AA                     
  4474                           ; BSR set to: 0
  4475                           ;main.c: 850:         {;main.c: 851:             LCD_Print("OK");
  4476   0016AA  0EF6               	movlw	low STR_24
  4477   0016AC  6E10               	movwf	LCD_Print@text^0,c
  4478   0016AE  5010               	movf	LCD_Print@text^0,w,c
  4479   0016B0  A4D8               	btfss	status,2,c
  4480   0016B2  0E06               	movlw	high __smallconst
  4481   0016B4  6E11               	movwf	(LCD_Print@text+1)^0,c
  4482   0016B6  ECAD  F014         	call	_LCD_Print	;wreg free
  4483                           
  4484                           ;main.c: 852:         }
  4485   0016BA  EF67  F00B         	goto	l5729
  4486   0016BE                     l5727:
  4487                           
  4488                           ; BSR set to: 0
  4489                           ;main.c: 854:         {;main.c: 855:             LCD_Print("ERROR");
  4490   0016BE  0EEC               	movlw	low STR_25
  4491   0016C0  6E10               	movwf	LCD_Print@text^0,c
  4492   0016C2  5010               	movf	LCD_Print@text^0,w,c
  4493   0016C4  A4D8               	btfss	status,2,c
  4494   0016C6  0E06               	movlw	high __smallconst
  4495   0016C8  6E11               	movwf	(LCD_Print@text+1)^0,c
  4496   0016CA  ECAD  F014         	call	_LCD_Print	;wreg free
  4497   0016CE                     l5729:
  4498                           
  4499                           ;main.c: 858:         LCD_SetCursor(3, 0);
  4500   0016CE  0E00               	movlw	0
  4501   0016D0  6E10               	movwf	LCD_SetCursor@col^0,c
  4502   0016D2  0E03               	movlw	3
  4503   0016D4  EC53  F015         	call	_LCD_SetCursor
  4504   0016D8                     
  4505                           ;main.c: 859:         LCD_Print("Imed: ");
  4506   0016D8  0ED7               	movlw	low STR_12
  4507   0016DA  6E10               	movwf	LCD_Print@text^0,c
  4508   0016DC  5010               	movf	LCD_Print@text^0,w,c
  4509   0016DE  A4D8               	btfss	status,2,c
  4510   0016E0  0E06               	movlw	high __smallconst
  4511   0016E2  6E11               	movwf	(LCD_Print@text+1)^0,c
  4512   0016E4  ECAD  F014         	call	_LCD_Print	;wreg free
  4513   0016E8                     
  4514                           ;main.c: 860:         LCD_PrintFixed2(corriente_medida_x100);
  4515   0016E8  C068  F01B         	movff	_corriente_medida_x100,LCD_PrintFixed2@value_x100
  4516   0016EC  C069  F01C         	movff	_corriente_medida_x100+1,LCD_PrintFixed2@value_x100+1
  4517   0016F0  EC72  F013         	call	_LCD_PrintFixed2	;wreg free
  4518   0016F4                     
  4519                           ;main.c: 861:         LCD_Print(" A");
  4520   0016F4  0EB2               	movlw	low (STR_6+8)
  4521   0016F6  6E10               	movwf	LCD_Print@text^0,c
  4522   0016F8  5010               	movf	LCD_Print@text^0,w,c
  4523   0016FA  A4D8               	btfss	status,2,c
  4524   0016FC  0E06               	movlw	high __smallconst
  4525   0016FE  6E11               	movwf	(LCD_Print@text+1)^0,c
  4526   001700  ECAD  F014         	call	_LCD_Print	;wreg free
  4527   001704                     l468:
  4528   001704  0012               	return		;funcret
  4529   001706                     __end_of_LCD_MostrarGuardado:
  4530                           	callstack 0
  4531                           
  4532 ;; *************** function _LCD_PrintFixed2 *****************
  4533 ;; Defined at:
  4534 ;;		line 905 in file "main.c"
  4535 ;; Parameters:    Size  Location     Type
  4536 ;;  value_x100      2   25[COMRAM] unsigned short 
  4537 ;; Auto vars:     Size  Location     Type
  4538 ;;  entero          2   27[COMRAM] unsigned short 
  4539 ;;  decimal         1   29[COMRAM] unsigned char 
  4540 ;; Return value:  Size  Location     Type
  4541 ;;                  1    wreg      void 
  4542 ;; Registers used:
  4543 ;;		wreg, fsr2l, fsr2h, status,2, status,0, cstack
  4544 ;; Tracked objects:
  4545 ;;		On entry : 0/0
  4546 ;;		On exit  : 0/0
  4547 ;;		Unchanged: 0/0
  4548 ;; Data sizes:     COMRAM   BANK0   BANK1   BANK2   BANK3   BANK4   BANK5
  4549 ;;      Params:         2       0       0       0       0       0       0
  4550 ;;      Locals:         3       0       0       0       0       0       0
  4551 ;;      Temps:          0       0       0       0       0       0       0
  4552 ;;      Totals:         5       0       0       0       0       0       0
  4553 ;;Total ram usage:        5 bytes
  4554 ;; Hardware stack levels used: 1
  4555 ;; Hardware stack levels required when called: 2
  4556 ;; This function calls:
  4557 ;;		_LCD_Char
  4558 ;;		_LCD_PrintUInt
  4559 ;;		___awdiv
  4560 ;;		___awmod
  4561 ;;		___lwdiv
  4562 ;;		___lwmod
  4563 ;; This function is called by:
  4564 ;;		_LCD_ActualizarMediciones
  4565 ;;		_LCD_MostrarGuardado
  4566 ;; This function uses a non-reentrant model
  4567 ;;
  4568                           
  4569                           	psect	text23
  4570   0026E4                     __ptext23:
  4571                           	callstack 0
  4572   0026E4                     _LCD_PrintFixed2:
  4573                           	callstack 24
  4574   0026E4                     
  4575                           ;main.c: 905: void LCD_PrintFixed2(uint16_t value_x100);main.c: 906: {;main.c: 907:     
      +                          uint16_t entero;;main.c: 908:     uint8_t decimal;;main.c: 910:     entero = value_x100 
      +                          / 100;
  4576   0026E4  C01B  F006         	movff	LCD_PrintFixed2@value_x100,___lwdiv@dividend
  4577   0026E8  C01C  F007         	movff	LCD_PrintFixed2@value_x100+1,___lwdiv@dividend+1
  4578   0026EC  6A09               	clrf	(___lwdiv@divisor+1)^0,c
  4579   0026EE  0E64               	movlw	100
  4580   0026F0  6E08               	movwf	___lwdiv@divisor^0,c
  4581   0026F2  ECAC  F013         	call	___lwdiv	;wreg free
  4582   0026F6  C006  F01D         	movff	?___lwdiv,LCD_PrintFixed2@entero
  4583   0026FA  C007  F01E         	movff	?___lwdiv+1,LCD_PrintFixed2@entero+1
  4584                           
  4585                           ;main.c: 911:     decimal = (uint8_t)(value_x100 % 100);
  4586   0026FE  C01B  F006         	movff	LCD_PrintFixed2@value_x100,___lwmod@dividend
  4587   002702  C01C  F007         	movff	LCD_PrintFixed2@value_x100+1,___lwmod@dividend+1
  4588   002706  6A09               	clrf	(___lwmod@divisor+1)^0,c
  4589   002708  0E64               	movlw	100
  4590   00270A  6E08               	movwf	___lwmod@divisor^0,c
  4591   00270C  EC1A  F014         	call	___lwmod	;wreg free
  4592   002710  5006               	movf	?___lwmod^0,w,c
  4593   002712  6E1F               	movwf	LCD_PrintFixed2@decimal^0,c
  4594   002714                     
  4595                           ;main.c: 913:     LCD_PrintUInt(entero);
  4596   002714  C01D  F010         	movff	LCD_PrintFixed2@entero,LCD_PrintUInt@value
  4597   002718  C01E  F011         	movff	LCD_PrintFixed2@entero+1,LCD_PrintUInt@value+1
  4598   00271C  EC59  F011         	call	_LCD_PrintUInt	;wreg free
  4599   002720                     
  4600                           ;main.c: 914:     LCD_Char('.');
  4601   002720  0E2E               	movlw	46
  4602   002722  ECCE  F017         	call	_LCD_Char
  4603   002726                     
  4604                           ;main.c: 915:     LCD_Char((char)('0' + (decimal / 10)));
  4605   002726  C01F  F006         	movff	LCD_PrintFixed2@decimal,___awdiv@dividend
  4606   00272A  6A07               	clrf	(___awdiv@dividend+1)^0,c
  4607   00272C  6A09               	clrf	(___awdiv@divisor+1)^0,c
  4608   00272E  0E0A               	movlw	10
  4609   002730  6E08               	movwf	___awdiv@divisor^0,c
  4610   002732  ECF9  F010         	call	___awdiv	;wreg free
  4611   002736  5006               	movf	?___awdiv^0,w,c
  4612   002738  0F30               	addlw	48
  4613   00273A  ECCE  F017         	call	_LCD_Char
  4614   00273E                     
  4615                           ;main.c: 916:     LCD_Char((char)('0' + (decimal % 10)));
  4616   00273E  C01F  F006         	movff	LCD_PrintFixed2@decimal,___awmod@dividend
  4617   002742  6A07               	clrf	(___awmod@dividend+1)^0,c
  4618   002744  6A09               	clrf	(___awmod@divisor+1)^0,c
  4619   002746  0E0A               	movlw	10
  4620   002748  6E08               	movwf	___awmod@divisor^0,c
  4621   00274A  ECB2  F011         	call	___awmod	;wreg free
  4622   00274E  5006               	movf	?___awmod^0,w,c
  4623   002750  0F30               	addlw	48
  4624   002752  ECCE  F017         	call	_LCD_Char
  4625   002756  0012               	return		;funcret
  4626   002758                     __end_of_LCD_PrintFixed2:
  4627                           	callstack 0
  4628                           
  4629 ;; *************** function ___awmod *****************
  4630 ;; Defined at:
  4631 ;;		line 7 in file "C:\Program Files\Microchip\xc8\v3.10\pic\sources\c99\common\awmod.c"
  4632 ;; Parameters:    Size  Location     Type
  4633 ;;  dividend        2    4[COMRAM] int 
  4634 ;;  divisor         2    6[COMRAM] int 
  4635 ;; Auto vars:     Size  Location     Type
  4636 ;;  sign            1    9[COMRAM] unsigned char 
  4637 ;;  counter         1    8[COMRAM] unsigned char 
  4638 ;; Return value:  Size  Location     Type
  4639 ;;                  2    4[COMRAM] int 
  4640 ;; Registers used:
  4641 ;;		wreg, status,2, status,0
  4642 ;; Tracked objects:
  4643 ;;		On entry : 0/0
  4644 ;;		On exit  : 0/0
  4645 ;;		Unchanged: 0/0
  4646 ;; Data sizes:     COMRAM   BANK0   BANK1   BANK2   BANK3   BANK4   BANK5
  4647 ;;      Params:         4       0       0       0       0       0       0
  4648 ;;      Locals:         2       0       0       0       0       0       0
  4649 ;;      Temps:          0       0       0       0       0       0       0
  4650 ;;      Totals:         6       0       0       0       0       0       0
  4651 ;;Total ram usage:        6 bytes
  4652 ;; Hardware stack levels used: 1
  4653 ;; Hardware stack levels required when called: 2
  4654 ;; This function calls:
  4655 ;;		Nothing
  4656 ;; This function is called by:
  4657 ;;		_LCD_PrintFixed2
  4658 ;; This function uses a non-reentrant model
  4659 ;;
  4660                           
  4661                           	psect	text24
  4662   002364                     __ptext24:
  4663                           	callstack 0
  4664   002364                     ___awmod:
  4665                           	callstack 23
  4666   002364  6A0B               	clrf	___awmod@sign^0,c
  4667   002366  BE07               	btfsc	(___awmod@dividend+1)^0,7,c
  4668   002368  EFBA  F011         	goto	u4700
  4669   00236C  EFB8  F011         	goto	u4701
  4670   002370                     u4701:
  4671   002370  EFC0  F011         	goto	l4771
  4672   002374                     u4700:
  4673   002374  6C06               	negf	___awmod@dividend^0,c
  4674   002376  1E07               	comf	(___awmod@dividend+1)^0,f,c
  4675   002378  B0D8               	btfsc	status,0,c
  4676   00237A  2A07               	incf	(___awmod@dividend+1)^0,f,c
  4677   00237C  0E01               	movlw	1
  4678   00237E  6E0B               	movwf	___awmod@sign^0,c
  4679   002380                     l4771:
  4680   002380  BE09               	btfsc	(___awmod@divisor+1)^0,7,c
  4681   002382  EFC7  F011         	goto	u4710
  4682   002386  EFC5  F011         	goto	u4711
  4683   00238A                     u4711:
  4684   00238A  EFCB  F011         	goto	l4775
  4685   00238E                     u4710:
  4686   00238E  6C08               	negf	___awmod@divisor^0,c
  4687   002390  1E09               	comf	(___awmod@divisor+1)^0,f,c
  4688   002392  B0D8               	btfsc	status,0,c
  4689   002394  2A09               	incf	(___awmod@divisor+1)^0,f,c
  4690   002396                     l4775:
  4691   002396  5008               	movf	___awmod@divisor^0,w,c
  4692   002398  1009               	iorwf	(___awmod@divisor+1)^0,w,c
  4693   00239A  B4D8               	btfsc	status,2,c
  4694   00239C  EFD2  F011         	goto	u4721
  4695   0023A0  EFD4  F011         	goto	u4720
  4696   0023A4                     u4721:
  4697   0023A4  EFF8  F011         	goto	l4791
  4698   0023A8                     u4720:
  4699   0023A8  0E01               	movlw	1
  4700   0023AA  6E0A               	movwf	___awmod@counter^0,c
  4701   0023AC  EFDC  F011         	goto	l4781
  4702   0023B0                     l4779:
  4703   0023B0  90D8               	bcf	status,0,c
  4704   0023B2  3608               	rlcf	___awmod@divisor^0,f,c
  4705   0023B4  3609               	rlcf	(___awmod@divisor+1)^0,f,c
  4706   0023B6  2A0A               	incf	___awmod@counter^0,f,c
  4707   0023B8                     l4781:
  4708   0023B8  AE09               	btfss	(___awmod@divisor+1)^0,7,c
  4709   0023BA  EFE1  F011         	goto	u4731
  4710   0023BE  EFE3  F011         	goto	u4730
  4711   0023C2                     u4731:
  4712   0023C2  EFD8  F011         	goto	l4779
  4713   0023C6                     u4730:
  4714   0023C6                     l4783:
  4715   0023C6  5008               	movf	___awmod@divisor^0,w,c
  4716   0023C8  5C06               	subwf	___awmod@dividend^0,w,c
  4717   0023CA  5009               	movf	(___awmod@divisor+1)^0,w,c
  4718   0023CC  5807               	subwfb	(___awmod@dividend+1)^0,w,c
  4719   0023CE  A0D8               	btfss	status,0,c
  4720   0023D0  EFEC  F011         	goto	u4741
  4721   0023D4  EFEE  F011         	goto	u4740
  4722   0023D8                     u4741:
  4723   0023D8  EFF2  F011         	goto	l4787
  4724   0023DC                     u4740:
  4725   0023DC  5008               	movf	___awmod@divisor^0,w,c
  4726   0023DE  5E06               	subwf	___awmod@dividend^0,f,c
  4727   0023E0  5009               	movf	(___awmod@divisor+1)^0,w,c
  4728   0023E2  5A07               	subwfb	(___awmod@dividend+1)^0,f,c
  4729   0023E4                     l4787:
  4730   0023E4  90D8               	bcf	status,0,c
  4731   0023E6  3209               	rrcf	(___awmod@divisor+1)^0,f,c
  4732   0023E8  3208               	rrcf	___awmod@divisor^0,f,c
  4733   0023EA  2E0A               	decfsz	___awmod@counter^0,f,c
  4734   0023EC  EFE3  F011         	goto	l4783
  4735   0023F0                     l4791:
  4736   0023F0  500B               	movf	___awmod@sign^0,w,c
  4737   0023F2  B4D8               	btfsc	status,2,c
  4738   0023F4  EFFE  F011         	goto	u4751
  4739   0023F8  EF00  F012         	goto	u4750
  4740   0023FC                     u4751:
  4741   0023FC  EF04  F012         	goto	l4795
  4742   002400                     u4750:
  4743   002400  6C06               	negf	___awmod@dividend^0,c
  4744   002402  1E07               	comf	(___awmod@dividend+1)^0,f,c
  4745   002404  B0D8               	btfsc	status,0,c
  4746   002406  2A07               	incf	(___awmod@dividend+1)^0,f,c
  4747   002408                     l4795:
  4748   002408  C006  F006         	movff	___awmod@dividend,?___awmod
  4749   00240C  C007  F007         	movff	___awmod@dividend+1,?___awmod+1
  4750   002410  0012               	return		;funcret
  4751   002412                     __end_of___awmod:
  4752                           	callstack 0
  4753                           
  4754 ;; *************** function ___awdiv *****************
  4755 ;; Defined at:
  4756 ;;		line 7 in file "C:\Program Files\Microchip\xc8\v3.10\pic\sources\c99\common\awdiv.c"
  4757 ;; Parameters:    Size  Location     Type
  4758 ;;  dividend        2    4[COMRAM] int 
  4759 ;;  divisor         2    6[COMRAM] int 
  4760 ;; Auto vars:     Size  Location     Type
  4761 ;;  quotient        2   10[COMRAM] int 
  4762 ;;  sign            1    9[COMRAM] unsigned char 
  4763 ;;  counter         1    8[COMRAM] unsigned char 
  4764 ;; Return value:  Size  Location     Type
  4765 ;;                  2    4[COMRAM] int 
  4766 ;; Registers used:
  4767 ;;		wreg, status,2, status,0
  4768 ;; Tracked objects:
  4769 ;;		On entry : 0/0
  4770 ;;		On exit  : 0/0
  4771 ;;		Unchanged: 0/0
  4772 ;; Data sizes:     COMRAM   BANK0   BANK1   BANK2   BANK3   BANK4   BANK5
  4773 ;;      Params:         4       0       0       0       0       0       0
  4774 ;;      Locals:         4       0       0       0       0       0       0
  4775 ;;      Temps:          0       0       0       0       0       0       0
  4776 ;;      Totals:         8       0       0       0       0       0       0
  4777 ;;Total ram usage:        8 bytes
  4778 ;; Hardware stack levels used: 1
  4779 ;; Hardware stack levels required when called: 2
  4780 ;; This function calls:
  4781 ;;		Nothing
  4782 ;; This function is called by:
  4783 ;;		_LCD_PrintFixed2
  4784 ;; This function uses a non-reentrant model
  4785 ;;
  4786                           
  4787                           	psect	text25
  4788   0021F2                     __ptext25:
  4789                           	callstack 0
  4790   0021F2                     ___awdiv:
  4791                           	callstack 23
  4792   0021F2  6A0B               	clrf	___awdiv@sign^0,c
  4793   0021F4  BE09               	btfsc	(___awdiv@divisor+1)^0,7,c
  4794   0021F6  EF01  F011         	goto	u4640
  4795   0021FA  EFFF  F010         	goto	u4641
  4796   0021FE                     u4641:
  4797   0021FE  EF07  F011         	goto	l4727
  4798   002202                     u4640:
  4799   002202  6C08               	negf	___awdiv@divisor^0,c
  4800   002204  1E09               	comf	(___awdiv@divisor+1)^0,f,c
  4801   002206  B0D8               	btfsc	status,0,c
  4802   002208  2A09               	incf	(___awdiv@divisor+1)^0,f,c
  4803   00220A  0E01               	movlw	1
  4804   00220C  6E0B               	movwf	___awdiv@sign^0,c
  4805   00220E                     l4727:
  4806   00220E  BE07               	btfsc	(___awdiv@dividend+1)^0,7,c
  4807   002210  EF0E  F011         	goto	u4650
  4808   002214  EF0C  F011         	goto	u4651
  4809   002218                     u4651:
  4810   002218  EF14  F011         	goto	l4733
  4811   00221C                     u4650:
  4812   00221C  6C06               	negf	___awdiv@dividend^0,c
  4813   00221E  1E07               	comf	(___awdiv@dividend+1)^0,f,c
  4814   002220  B0D8               	btfsc	status,0,c
  4815   002222  2A07               	incf	(___awdiv@dividend+1)^0,f,c
  4816   002224  0E01               	movlw	1
  4817   002226  1A0B               	xorwf	___awdiv@sign^0,f,c
  4818   002228                     l4733:
  4819   002228  6A0D               	clrf	(___awdiv@quotient+1)^0,c
  4820   00222A  0E00               	movlw	0
  4821   00222C  6E0C               	movwf	___awdiv@quotient^0,c
  4822   00222E  5008               	movf	___awdiv@divisor^0,w,c
  4823   002230  1009               	iorwf	(___awdiv@divisor+1)^0,w,c
  4824   002232  B4D8               	btfsc	status,2,c
  4825   002234  EF1E  F011         	goto	u4661
  4826   002238  EF20  F011         	goto	u4660
  4827   00223C                     u4661:
  4828   00223C  EF48  F011         	goto	l4755
  4829   002240                     u4660:
  4830   002240  0E01               	movlw	1
  4831   002242  6E0A               	movwf	___awdiv@counter^0,c
  4832   002244  EF28  F011         	goto	l4741
  4833   002248                     l4739:
  4834   002248  90D8               	bcf	status,0,c
  4835   00224A  3608               	rlcf	___awdiv@divisor^0,f,c
  4836   00224C  3609               	rlcf	(___awdiv@divisor+1)^0,f,c
  4837   00224E  2A0A               	incf	___awdiv@counter^0,f,c
  4838   002250                     l4741:
  4839   002250  AE09               	btfss	(___awdiv@divisor+1)^0,7,c
  4840   002252  EF2D  F011         	goto	u4671
  4841   002256  EF2F  F011         	goto	u4670
  4842   00225A                     u4671:
  4843   00225A  EF24  F011         	goto	l4739
  4844   00225E                     u4670:
  4845   00225E                     l4743:
  4846   00225E  90D8               	bcf	status,0,c
  4847   002260  360C               	rlcf	___awdiv@quotient^0,f,c
  4848   002262  360D               	rlcf	(___awdiv@quotient+1)^0,f,c
  4849   002264  5008               	movf	___awdiv@divisor^0,w,c
  4850   002266  5C06               	subwf	___awdiv@dividend^0,w,c
  4851   002268  5009               	movf	(___awdiv@divisor+1)^0,w,c
  4852   00226A  5807               	subwfb	(___awdiv@dividend+1)^0,w,c
  4853   00226C  A0D8               	btfss	status,0,c
  4854   00226E  EF3B  F011         	goto	u4681
  4855   002272  EF3D  F011         	goto	u4680
  4856   002276                     u4681:
  4857   002276  EF42  F011         	goto	l4751
  4858   00227A                     u4680:
  4859   00227A  5008               	movf	___awdiv@divisor^0,w,c
  4860   00227C  5E06               	subwf	___awdiv@dividend^0,f,c
  4861   00227E  5009               	movf	(___awdiv@divisor+1)^0,w,c
  4862   002280  5A07               	subwfb	(___awdiv@dividend+1)^0,f,c
  4863   002282  800C               	bsf	___awdiv@quotient^0,0,c
  4864   002284                     l4751:
  4865   002284  90D8               	bcf	status,0,c
  4866   002286  3209               	rrcf	(___awdiv@divisor+1)^0,f,c
  4867   002288  3208               	rrcf	___awdiv@divisor^0,f,c
  4868   00228A  2E0A               	decfsz	___awdiv@counter^0,f,c
  4869   00228C  EF2F  F011         	goto	l4743
  4870   002290                     l4755:
  4871   002290  500B               	movf	___awdiv@sign^0,w,c
  4872   002292  B4D8               	btfsc	status,2,c
  4873   002294  EF4E  F011         	goto	u4691
  4874   002298  EF50  F011         	goto	u4690
  4875   00229C                     u4691:
  4876   00229C  EF54  F011         	goto	l4759
  4877   0022A0                     u4690:
  4878   0022A0  6C0C               	negf	___awdiv@quotient^0,c
  4879   0022A2  1E0D               	comf	(___awdiv@quotient+1)^0,f,c
  4880   0022A4  B0D8               	btfsc	status,0,c
  4881   0022A6  2A0D               	incf	(___awdiv@quotient+1)^0,f,c
  4882   0022A8                     l4759:
  4883   0022A8  C00C  F006         	movff	___awdiv@quotient,?___awdiv
  4884   0022AC  C00D  F007         	movff	___awdiv@quotient+1,?___awdiv+1
  4885   0022B0  0012               	return		;funcret
  4886   0022B2                     __end_of___awdiv:
  4887                           	callstack 0
  4888                           
  4889 ;; *************** function _LCD_PrintUInt *****************
  4890 ;; Defined at:
  4891 ;;		line 880 in file "main.c"
  4892 ;; Parameters:    Size  Location     Type
  4893 ;;  value           2   14[COMRAM] unsigned short 
  4894 ;; Auto vars:     Size  Location     Type
  4895 ;;  buffer          6   17[COMRAM] unsigned char [6]
  4896 ;;  j               1   24[COMRAM] unsigned char 
  4897 ;;  i               1   23[COMRAM] unsigned char 
  4898 ;; Return value:  Size  Location     Type
  4899 ;;                  1    wreg      void 
  4900 ;; Registers used:
  4901 ;;		wreg, fsr2l, fsr2h, status,2, status,0, cstack
  4902 ;; Tracked objects:
  4903 ;;		On entry : 0/0
  4904 ;;		On exit  : 0/0
  4905 ;;		Unchanged: 0/0
  4906 ;; Data sizes:     COMRAM   BANK0   BANK1   BANK2   BANK3   BANK4   BANK5
  4907 ;;      Params:         2       0       0       0       0       0       0
  4908 ;;      Locals:         8       0       0       0       0       0       0
  4909 ;;      Temps:          1       0       0       0       0       0       0
  4910 ;;      Totals:        11       0       0       0       0       0       0
  4911 ;;Total ram usage:       11 bytes
  4912 ;; Hardware stack levels used: 1
  4913 ;; Hardware stack levels required when called: 3
  4914 ;; This function calls:
  4915 ;;		_LCD_Char
  4916 ;;		___lwdiv
  4917 ;;		___lwmod
  4918 ;; This function is called by:
  4919 ;;		_LCD_PrintFixed2
  4920 ;; This function uses a non-reentrant model
  4921 ;;
  4922                           
  4923                           	psect	text26
  4924   0022B2                     __ptext26:
  4925                           	callstack 0
  4926   0022B2                     _LCD_PrintUInt:
  4927                           	callstack 22
  4928   0022B2                     
  4929                           ;main.c: 880: void LCD_PrintUInt(uint16_t value);main.c: 881: {;main.c: 882:     char bu
      +                          ffer[6];;main.c: 883:     uint8_t i = 0;
  4930   0022B2  6A19               	clrf	LCD_PrintUInt@i^0,c
  4931   0022B4                     
  4932                           ;main.c: 884:     uint8_t j;;main.c: 886:     if (value == 0)
  4933   0022B4  5010               	movf	LCD_PrintUInt@value^0,w,c
  4934   0022B6  1011               	iorwf	(LCD_PrintUInt@value+1)^0,w,c
  4935   0022B8  A4D8               	btfss	status,2,c
  4936   0022BA  EF61  F011         	goto	u4601
  4937   0022BE  EF63  F011         	goto	u4600
  4938   0022C2                     u4601:
  4939   0022C2  EF86  F011         	goto	l4705
  4940   0022C6                     u4600:
  4941   0022C6                     
  4942                           ;main.c: 887:     {;main.c: 888:         LCD_Char('0');
  4943   0022C6  0E30               	movlw	48
  4944   0022C8  ECCE  F017         	call	_LCD_Char
  4945   0022CC  EFB1  F011         	goto	l475
  4946   0022D0                     l4699:
  4947                           
  4948                           ;main.c: 893:     {;main.c: 894:         buffer[i] = (char)('0' + (value % 10));
  4949   0022D0  5019               	movf	LCD_PrintUInt@i^0,w,c
  4950   0022D2  0F13               	addlw	low LCD_PrintUInt@buffer
  4951   0022D4  6ED9               	movwf	fsr2l,c
  4952   0022D6  6ADA               	clrf	fsr2h,c
  4953   0022D8  C010  F006         	movff	LCD_PrintUInt@value,___lwmod@dividend
  4954   0022DC  C011  F007         	movff	LCD_PrintUInt@value+1,___lwmod@dividend+1
  4955   0022E0  6A09               	clrf	(___lwmod@divisor+1)^0,c
  4956   0022E2  0E0A               	movlw	10
  4957   0022E4  6E08               	movwf	___lwmod@divisor^0,c
  4958   0022E6  EC1A  F014         	call	___lwmod	;wreg free
  4959   0022EA  5006               	movf	?___lwmod^0,w,c
  4960   0022EC  0F30               	addlw	48
  4961   0022EE  6EDF               	movwf	indf2,c
  4962   0022F0                     
  4963                           ;main.c: 895:         value /= 10;
  4964   0022F0  C010  F006         	movff	LCD_PrintUInt@value,___lwdiv@dividend
  4965   0022F4  C011  F007         	movff	LCD_PrintUInt@value+1,___lwdiv@dividend+1
  4966   0022F8  6A09               	clrf	(___lwdiv@divisor+1)^0,c
  4967   0022FA  0E0A               	movlw	10
  4968   0022FC  6E08               	movwf	___lwdiv@divisor^0,c
  4969   0022FE  ECAC  F013         	call	___lwdiv	;wreg free
  4970   002302  C006  F010         	movff	?___lwdiv,LCD_PrintUInt@value
  4971   002306  C007  F011         	movff	?___lwdiv+1,LCD_PrintUInt@value+1
  4972   00230A                     
  4973                           ;main.c: 896:         i++;
  4974   00230A  2A19               	incf	LCD_PrintUInt@i^0,f,c
  4975   00230C                     l4705:
  4976                           
  4977                           ;main.c: 892:     while ((value > 0) && (i < sizeof(buffer)))
  4978   00230C  5010               	movf	LCD_PrintUInt@value^0,w,c
  4979   00230E  1011               	iorwf	(LCD_PrintUInt@value+1)^0,w,c
  4980   002310  B4D8               	btfsc	status,2,c
  4981   002312  EF8D  F011         	goto	u4611
  4982   002316  EF8F  F011         	goto	u4610
  4983   00231A                     u4611:
  4984   00231A  EF97  F011         	goto	l480
  4985   00231E                     u4610:
  4986   00231E  0E05               	movlw	5
  4987   002320  6419               	cpfsgt	LCD_PrintUInt@i^0,c
  4988   002322  EF95  F011         	goto	u4621
  4989   002326  EF97  F011         	goto	u4620
  4990   00232A                     u4621:
  4991   00232A  EF68  F011         	goto	l4699
  4992   00232E                     u4620:
  4993   00232E                     l480:
  4994                           
  4995                           ;main.c: 899:     for (j = i; j > 0; j--)
  4996   00232E  C019  F01A         	movff	LCD_PrintUInt@i,LCD_PrintUInt@j
  4997   002332                     l4709:
  4998   002332  501A               	movf	LCD_PrintUInt@j^0,w,c
  4999   002334  A4D8               	btfss	status,2,c
  5000   002336  EF9F  F011         	goto	u4631
  5001   00233A  EFA1  F011         	goto	u4630
  5002   00233E                     u4631:
  5003   00233E  EFA3  F011         	goto	l4713
  5004   002342                     u4630:
  5005   002342  EFB1  F011         	goto	l475
  5006   002346                     l4713:
  5007                           
  5008                           ;main.c: 900:     {;main.c: 901:         LCD_Char(buffer[j - 1]);
  5009   002346  C01A  F012         	movff	LCD_PrintUInt@j,??_LCD_PrintUInt
  5010   00234A  0EFF               	movlw	255
  5011   00234C  2612               	addwf	??_LCD_PrintUInt^0,f,c
  5012   00234E  5012               	movf	??_LCD_PrintUInt^0,w,c
  5013   002350  0F13               	addlw	low LCD_PrintUInt@buffer
  5014   002352  6ED9               	movwf	fsr2l,c
  5015   002354  6ADA               	clrf	fsr2h,c
  5016   002356  50DF               	movf	indf2,w,c
  5017   002358  ECCE  F017         	call	_LCD_Char
  5018   00235C                     
  5019                           ;main.c: 902:     }
  5020   00235C  061A               	decf	LCD_PrintUInt@j^0,f,c
  5021   00235E  EF99  F011         	goto	l4709
  5022   002362                     l475:
  5023   002362  0012               	return		;funcret
  5024   002364                     __end_of_LCD_PrintUInt:
  5025                           	callstack 0
  5026                           
  5027 ;; *************** function ___lwmod *****************
  5028 ;; Defined at:
  5029 ;;		line 7 in file "C:\Program Files\Microchip\xc8\v3.10\pic\sources\c99\common\lwmod.c"
  5030 ;; Parameters:    Size  Location     Type
  5031 ;;  dividend        2    4[COMRAM] unsigned int 
  5032 ;;  divisor         2    6[COMRAM] unsigned int 
  5033 ;; Auto vars:     Size  Location     Type
  5034 ;;  counter         1    8[COMRAM] unsigned char 
  5035 ;; Return value:  Size  Location     Type
  5036 ;;                  2    4[COMRAM] unsigned int 
  5037 ;; Registers used:
  5038 ;;		wreg, status,2, status,0
  5039 ;; Tracked objects:
  5040 ;;		On entry : 0/0
  5041 ;;		On exit  : 0/0
  5042 ;;		Unchanged: 0/0
  5043 ;; Data sizes:     COMRAM   BANK0   BANK1   BANK2   BANK3   BANK4   BANK5
  5044 ;;      Params:         4       0       0       0       0       0       0
  5045 ;;      Locals:         1       0       0       0       0       0       0
  5046 ;;      Temps:          0       0       0       0       0       0       0
  5047 ;;      Totals:         5       0       0       0       0       0       0
  5048 ;;Total ram usage:        5 bytes
  5049 ;; Hardware stack levels used: 1
  5050 ;; Hardware stack levels required when called: 2
  5051 ;; This function calls:
  5052 ;;		Nothing
  5053 ;; This function is called by:
  5054 ;;		_LCD_PrintUInt
  5055 ;;		_LCD_PrintFixed2
  5056 ;; This function uses a non-reentrant model
  5057 ;;
  5058                           
  5059                           	psect	text27
  5060   002834                     __ptext27:
  5061                           	callstack 0
  5062   002834                     ___lwmod:
  5063                           	callstack 22
  5064   002834  5008               	movf	___lwmod@divisor^0,w,c
  5065   002836  1009               	iorwf	(___lwmod@divisor+1)^0,w,c
  5066   002838  B4D8               	btfsc	status,2,c
  5067   00283A  EF21  F014         	goto	u4531
  5068   00283E  EF23  F014         	goto	u4530
  5069   002842                     u4531:
  5070   002842  EF47  F014         	goto	l1099
  5071   002846                     u4530:
  5072   002846  0E01               	movlw	1
  5073   002848  6E0A               	movwf	___lwmod@counter^0,c
  5074   00284A  EF2B  F014         	goto	l4665
  5075   00284E                     l4663:
  5076   00284E  90D8               	bcf	status,0,c
  5077   002850  3608               	rlcf	___lwmod@divisor^0,f,c
  5078   002852  3609               	rlcf	(___lwmod@divisor+1)^0,f,c
  5079   002854  2A0A               	incf	___lwmod@counter^0,f,c
  5080   002856                     l4665:
  5081   002856  AE09               	btfss	(___lwmod@divisor+1)^0,7,c
  5082   002858  EF30  F014         	goto	u4541
  5083   00285C  EF32  F014         	goto	u4540
  5084   002860                     u4541:
  5085   002860  EF27  F014         	goto	l4663
  5086   002864                     u4540:
  5087   002864                     l4667:
  5088   002864  5008               	movf	___lwmod@divisor^0,w,c
  5089   002866  5C06               	subwf	___lwmod@dividend^0,w,c
  5090   002868  5009               	movf	(___lwmod@divisor+1)^0,w,c
  5091   00286A  5807               	subwfb	(___lwmod@dividend+1)^0,w,c
  5092   00286C  A0D8               	btfss	status,0,c
  5093   00286E  EF3B  F014         	goto	u4551
  5094   002872  EF3D  F014         	goto	u4550
  5095   002876                     u4551:
  5096   002876  EF41  F014         	goto	l4671
  5097   00287A                     u4550:
  5098   00287A  5008               	movf	___lwmod@divisor^0,w,c
  5099   00287C  5E06               	subwf	___lwmod@dividend^0,f,c
  5100   00287E  5009               	movf	(___lwmod@divisor+1)^0,w,c
  5101   002880  5A07               	subwfb	(___lwmod@dividend+1)^0,f,c
  5102   002882                     l4671:
  5103   002882  90D8               	bcf	status,0,c
  5104   002884  3209               	rrcf	(___lwmod@divisor+1)^0,f,c
  5105   002886  3208               	rrcf	___lwmod@divisor^0,f,c
  5106   002888  2E0A               	decfsz	___lwmod@counter^0,f,c
  5107   00288A  EF32  F014         	goto	l4667
  5108   00288E                     l1099:
  5109   00288E  C006  F006         	movff	___lwmod@dividend,?___lwmod
  5110   002892  C007  F007         	movff	___lwmod@dividend+1,?___lwmod+1
  5111   002896  0012               	return		;funcret
  5112   002898                     __end_of___lwmod:
  5113                           	callstack 0
  5114                           
  5115 ;; *************** function ___lwdiv *****************
  5116 ;; Defined at:
  5117 ;;		line 7 in file "C:\Program Files\Microchip\xc8\v3.10\pic\sources\c99\common\lwdiv.c"
  5118 ;; Parameters:    Size  Location     Type
  5119 ;;  dividend        2    4[COMRAM] unsigned int 
  5120 ;;  divisor         2    6[COMRAM] unsigned int 
  5121 ;; Auto vars:     Size  Location     Type
  5122 ;;  quotient        2    9[COMRAM] unsigned int 
  5123 ;;  counter         1    8[COMRAM] unsigned char 
  5124 ;; Return value:  Size  Location     Type
  5125 ;;                  2    4[COMRAM] unsigned int 
  5126 ;; Registers used:
  5127 ;;		wreg, status,2, status,0
  5128 ;; Tracked objects:
  5129 ;;		On entry : 0/0
  5130 ;;		On exit  : 0/0
  5131 ;;		Unchanged: 0/0
  5132 ;; Data sizes:     COMRAM   BANK0   BANK1   BANK2   BANK3   BANK4   BANK5
  5133 ;;      Params:         4       0       0       0       0       0       0
  5134 ;;      Locals:         3       0       0       0       0       0       0
  5135 ;;      Temps:          0       0       0       0       0       0       0
  5136 ;;      Totals:         7       0       0       0       0       0       0
  5137 ;;Total ram usage:        7 bytes
  5138 ;; Hardware stack levels used: 1
  5139 ;; Hardware stack levels required when called: 2
  5140 ;; This function calls:
  5141 ;;		Nothing
  5142 ;; This function is called by:
  5143 ;;		_LCD_PrintUInt
  5144 ;;		_LCD_PrintFixed2
  5145 ;; This function uses a non-reentrant model
  5146 ;;
  5147                           
  5148                           	psect	text28
  5149   002758                     __ptext28:
  5150                           	callstack 0
  5151   002758                     ___lwdiv:
  5152                           	callstack 22
  5153   002758  6A0C               	clrf	(___lwdiv@quotient+1)^0,c
  5154   00275A  0E00               	movlw	0
  5155   00275C  6E0B               	movwf	___lwdiv@quotient^0,c
  5156   00275E  5008               	movf	___lwdiv@divisor^0,w,c
  5157   002760  1009               	iorwf	(___lwdiv@divisor+1)^0,w,c
  5158   002762  B4D8               	btfsc	status,2,c
  5159   002764  EFB6  F013         	goto	u4501
  5160   002768  EFB8  F013         	goto	u4500
  5161   00276C                     u4501:
  5162   00276C  EFE0  F013         	goto	l1089
  5163   002770                     u4500:
  5164   002770  0E01               	movlw	1
  5165   002772  6E0A               	movwf	___lwdiv@counter^0,c
  5166   002774  EFC0  F013         	goto	l4645
  5167   002778                     l4643:
  5168   002778  90D8               	bcf	status,0,c
  5169   00277A  3608               	rlcf	___lwdiv@divisor^0,f,c
  5170   00277C  3609               	rlcf	(___lwdiv@divisor+1)^0,f,c
  5171   00277E  2A0A               	incf	___lwdiv@counter^0,f,c
  5172   002780                     l4645:
  5173   002780  AE09               	btfss	(___lwdiv@divisor+1)^0,7,c
  5174   002782  EFC5  F013         	goto	u4511
  5175   002786  EFC7  F013         	goto	u4510
  5176   00278A                     u4511:
  5177   00278A  EFBC  F013         	goto	l4643
  5178   00278E                     u4510:
  5179   00278E                     l4647:
  5180   00278E  90D8               	bcf	status,0,c
  5181   002790  360B               	rlcf	___lwdiv@quotient^0,f,c
  5182   002792  360C               	rlcf	(___lwdiv@quotient+1)^0,f,c
  5183   002794  5008               	movf	___lwdiv@divisor^0,w,c
  5184   002796  5C06               	subwf	___lwdiv@dividend^0,w,c
  5185   002798  5009               	movf	(___lwdiv@divisor+1)^0,w,c
  5186   00279A  5807               	subwfb	(___lwdiv@dividend+1)^0,w,c
  5187   00279C  A0D8               	btfss	status,0,c
  5188   00279E  EFD3  F013         	goto	u4521
  5189   0027A2  EFD5  F013         	goto	u4520
  5190   0027A6                     u4521:
  5191   0027A6  EFDA  F013         	goto	l4655
  5192   0027AA                     u4520:
  5193   0027AA  5008               	movf	___lwdiv@divisor^0,w,c
  5194   0027AC  5E06               	subwf	___lwdiv@dividend^0,f,c
  5195   0027AE  5009               	movf	(___lwdiv@divisor+1)^0,w,c
  5196   0027B0  5A07               	subwfb	(___lwdiv@dividend+1)^0,f,c
  5197   0027B2  800B               	bsf	___lwdiv@quotient^0,0,c
  5198   0027B4                     l4655:
  5199   0027B4  90D8               	bcf	status,0,c
  5200   0027B6  3209               	rrcf	(___lwdiv@divisor+1)^0,f,c
  5201   0027B8  3208               	rrcf	___lwdiv@divisor^0,f,c
  5202   0027BA  2E0A               	decfsz	___lwdiv@counter^0,f,c
  5203   0027BC  EFC7  F013         	goto	l4647
  5204   0027C0                     l1089:
  5205   0027C0  C00B  F006         	movff	___lwdiv@quotient,?___lwdiv
  5206   0027C4  C00C  F007         	movff	___lwdiv@quotient+1,?___lwdiv+1
  5207   0027C8  0012               	return		;funcret
  5208   0027CA                     __end_of___lwdiv:
  5209                           	callstack 0
  5210                           
  5211 ;; *************** function _DAC_Init *****************
  5212 ;; Defined at:
  5213 ;;		line 311 in file "main.c"
  5214 ;; Parameters:    Size  Location     Type
  5215 ;;		None
  5216 ;; Auto vars:     Size  Location     Type
  5217 ;;		None
  5218 ;; Return value:  Size  Location     Type
  5219 ;;                  1    wreg      void 
  5220 ;; Registers used:
  5221 ;;		wreg, status,2, status,0, prodl, prodh, cstack
  5222 ;; Tracked objects:
  5223 ;;		On entry : 0/0
  5224 ;;		On exit  : 0/0
  5225 ;;		Unchanged: 0/0
  5226 ;; Data sizes:     COMRAM   BANK0   BANK1   BANK2   BANK3   BANK4   BANK5
  5227 ;;      Params:         0       0       0       0       0       0       0
  5228 ;;      Locals:         0       0       0       0       0       0       0
  5229 ;;      Temps:          1       0       0       0       0       0       0
  5230 ;;      Totals:         1       0       0       0       0       0       0
  5231 ;;Total ram usage:        1 bytes
  5232 ;; Hardware stack levels used: 1
  5233 ;; Hardware stack levels required when called: 6
  5234 ;; This function calls:
  5235 ;;		_DAC_ActualizarCorriente
  5236 ;;		_DAC_ActualizarVoltaje
  5237 ;;		_MCP4725_CheckAddress
  5238 ;;		_MCP4725_I2C1_Init
  5239 ;; This function is called by:
  5240 ;;		_main
  5241 ;; This function uses a non-reentrant model
  5242 ;;
  5243                           
  5244                           	psect	text29
  5245   002A0A                     __ptext29:
  5246                           	callstack 0
  5247   002A0A                     _DAC_Init:
  5248                           	callstack 24
  5249   002A0A                     
  5250                           ;main.c: 314:     MCP4725_I2C1_Init();
  5251   002A0A  EC0A  F017         	call	_MCP4725_I2C1_Init	;wreg free
  5252   002A0E                     
  5253                           ;main.c: 316:     _delay((unsigned long)((50)*(1000000UL/4000.0)));
  5254   002A0E  0E11               	movlw	17
  5255   002A10  6E57               	movwf	??_DAC_Init^0,c
  5256   002A12  0E3A               	movlw	58
  5257   002A14                     u6737:
  5258   002A14  2EE8               	decfsz	wreg,f,c
  5259   002A16  D7FE               	bra	u6737
  5260   002A18  2E57               	decfsz	??_DAC_Init^0,f,c
  5261   002A1A  D7FC               	bra	u6737
  5262   002A1C  D000               	nop2	
  5263   002A1E                     
  5264                           ;main.c: 319:     dac_voltaje_ok = MCP4725_CheckAddress(0x60);
  5265   002A1E  0E60               	movlw	96
  5266   002A20  EC71  F017         	call	_MCP4725_CheckAddress
  5267   002A24  0100               	movlb	0	; () banked
  5268   002A26  6F79               	movwf	_dac_voltaje_ok& (0+255),b
  5269   002A28                     
  5270                           ; BSR set to: 0
  5271                           ;main.c: 320:     dac_corriente_ok = MCP4725_CheckAddress(0x61);
  5272   002A28  0E61               	movlw	97
  5273   002A2A  EC71  F017         	call	_MCP4725_CheckAddress
  5274   002A2E  0100               	movlb	0	; () banked
  5275   002A30  6F78               	movwf	_dac_corriente_ok& (0+255),b
  5276   002A32                     
  5277                           ; BSR set to: 0
  5278                           ;main.c: 323:     DAC_ActualizarVoltaje(0.0f);
  5279   002A32  0E00               	movlw	0
  5280   002A34  6E53               	movwf	DAC_ActualizarVoltaje@valor^0,c
  5281   002A36  0E00               	movlw	0
  5282   002A38  6E54               	movwf	(DAC_ActualizarVoltaje@valor+1)^0,c
  5283   002A3A  0E00               	movlw	0
  5284   002A3C  6E55               	movwf	(DAC_ActualizarVoltaje@valor+2)^0,c
  5285   002A3E  0E00               	movlw	0
  5286   002A40  6E56               	movwf	(DAC_ActualizarVoltaje@valor+3)^0,c
  5287   002A42  EC97  F015         	call	_DAC_ActualizarVoltaje	;wreg free
  5288   002A46                     
  5289                           ;main.c: 324:     DAC_ActualizarCorriente(0.0f);
  5290   002A46  0E00               	movlw	0
  5291   002A48  6E53               	movwf	DAC_ActualizarCorriente@valor^0,c
  5292   002A4A  0E00               	movlw	0
  5293   002A4C  6E54               	movwf	(DAC_ActualizarCorriente@valor+1)^0,c
  5294   002A4E  0E00               	movlw	0
  5295   002A50  6E55               	movwf	(DAC_ActualizarCorriente@valor+2)^0,c
  5296   002A52  0E00               	movlw	0
  5297   002A54  6E56               	movwf	(DAC_ActualizarCorriente@valor+3)^0,c
  5298   002A56  ECB7  F015         	call	_DAC_ActualizarCorriente	;wreg free
  5299   002A5A  0012               	return		;funcret
  5300   002A5C                     __end_of_DAC_Init:
  5301                           	callstack 0
  5302                           
  5303 ;; *************** function _MCP4725_I2C1_Init *****************
  5304 ;; Defined at:
  5305 ;;		line 27 in file "./mcp4725_i2c2.h"
  5306 ;; Parameters:    Size  Location     Type
  5307 ;;		None
  5308 ;; Auto vars:     Size  Location     Type
  5309 ;;		None
  5310 ;; Return value:  Size  Location     Type
  5311 ;;                  1    wreg      void 
  5312 ;; Registers used:
  5313 ;;		wreg, status,2
  5314 ;; Tracked objects:
  5315 ;;		On entry : 0/0
  5316 ;;		On exit  : 0/0
  5317 ;;		Unchanged: 0/0
  5318 ;; Data sizes:     COMRAM   BANK0   BANK1   BANK2   BANK3   BANK4   BANK5
  5319 ;;      Params:         0       0       0       0       0       0       0
  5320 ;;      Locals:         0       0       0       0       0       0       0
  5321 ;;      Temps:          0       0       0       0       0       0       0
  5322 ;;      Totals:         0       0       0       0       0       0       0
  5323 ;;Total ram usage:        0 bytes
  5324 ;; Hardware stack levels used: 1
  5325 ;; Hardware stack levels required when called: 2
  5326 ;; This function calls:
  5327 ;;		Nothing
  5328 ;; This function is called by:
  5329 ;;		_DAC_Init
  5330 ;; This function uses a non-reentrant model
  5331 ;;
  5332                           
  5333                           	psect	text30
  5334   002E14                     __ptext30:
  5335                           	callstack 0
  5336   002E14                     _MCP4725_I2C1_Init:
  5337                           	callstack 27
  5338   002E14                     
  5339                           ;./mcp4725_i2c2.h: 35:     ANSELCbits.ANSC3 = 0;
  5340   002E14  010F               	movlb	15	; () banked
  5341   002E16  973A               	bcf	58,3,b	;volatile
  5342                           
  5343                           ;./mcp4725_i2c2.h: 36:     ANSELCbits.ANSC4 = 0;
  5344   002E18  993A               	bcf	58,4,b	;volatile
  5345                           
  5346                           ;./mcp4725_i2c2.h: 38:     TRISCbits.TRISC3 = 1;
  5347   002E1A  8694               	bsf	148,3,c	;volatile
  5348                           
  5349                           ;./mcp4725_i2c2.h: 39:     TRISCbits.TRISC4 = 1;
  5350   002E1C  8894               	bsf	148,4,c	;volatile
  5351                           
  5352                           ;./mcp4725_i2c2.h: 41:     SSP1CON1bits.SSPEN = 0;
  5353   002E1E  9AC6               	bcf	198,5,c	;volatile
  5354   002E20                     
  5355                           ; BSR set to: 15
  5356                           ;./mcp4725_i2c2.h: 43:     SSP1CON1 = 0x28;
  5357   002E20  0E28               	movlw	40
  5358   002E22  6EC6               	movwf	198,c	;volatile
  5359   002E24                     
  5360                           ; BSR set to: 15
  5361                           ;./mcp4725_i2c2.h: 44:     SSP1CON2 = 0x00;
  5362   002E24  6AC5               	clrf	197,c	;volatile
  5363                           
  5364                           ;./mcp4725_i2c2.h: 45:     SSP1STAT = 0x80;
  5365   002E26  0E80               	movlw	128
  5366   002E28  6EC7               	movwf	199,c	;volatile
  5367                           
  5368                           ;./mcp4725_i2c2.h: 47:     SSP1ADD = (uint8_t)((1000000UL / (4UL * 100000UL)) - 1);
  5369   002E2A  0E01               	movlw	1
  5370   002E2C  6EC8               	movwf	200,c	;volatile
  5371   002E2E                     
  5372                           ; BSR set to: 15
  5373                           ;./mcp4725_i2c2.h: 49:     SSP1CON1bits.WCOL = 0;
  5374   002E2E  9EC6               	bcf	198,7,c	;volatile
  5375   002E30                     
  5376                           ; BSR set to: 15
  5377                           ;./mcp4725_i2c2.h: 50:     SSP1CON1bits.SSPOV = 0;
  5378   002E30  9CC6               	bcf	198,6,c	;volatile
  5379   002E32                     
  5380                           ; BSR set to: 15
  5381   002E32  0012               	return		;funcret
  5382   002E34                     __end_of_MCP4725_I2C1_Init:
  5383                           	callstack 0
  5384                           
  5385 ;; *************** function _MCP4725_CheckAddress *****************
  5386 ;; Defined at:
  5387 ;;		line 114 in file "./mcp4725_i2c2.h"
  5388 ;; Parameters:    Size  Location     Type
  5389 ;;  address_7bit    1    wreg     unsigned char 
  5390 ;; Auto vars:     Size  Location     Type
  5391 ;;  address_7bit    1    6[COMRAM] unsigned char 
  5392 ;;  ack             1    7[COMRAM] _Bool 
  5393 ;; Return value:  Size  Location     Type
  5394 ;;                  1    wreg      _Bool 
  5395 ;; Registers used:
  5396 ;;		wreg, status,2, status,0, cstack
  5397 ;; Tracked objects:
  5398 ;;		On entry : 0/0
  5399 ;;		On exit  : 0/0
  5400 ;;		Unchanged: 0/0
  5401 ;; Data sizes:     COMRAM   BANK0   BANK1   BANK2   BANK3   BANK4   BANK5
  5402 ;;      Params:         0       0       0       0       0       0       0
  5403 ;;      Locals:         2       0       0       0       0       0       0
  5404 ;;      Temps:          0       0       0       0       0       0       0
  5405 ;;      Totals:         2       0       0       0       0       0       0
  5406 ;;Total ram usage:        2 bytes
  5407 ;; Hardware stack levels used: 1
  5408 ;; Hardware stack levels required when called: 3
  5409 ;; This function calls:
  5410 ;;		_MCP4725_I2C1_Start
  5411 ;;		_MCP4725_I2C1_Stop
  5412 ;;		_MCP4725_I2C1_Write
  5413 ;; This function is called by:
  5414 ;;		_DAC_Init
  5415 ;; This function uses a non-reentrant model
  5416 ;;
  5417                           
  5418                           	psect	text31
  5419   002EE2                     __ptext31:
  5420                           	callstack 0
  5421   002EE2                     _MCP4725_CheckAddress:
  5422                           	callstack 26
  5423                           
  5424                           ; BSR set to: 15
  5425                           ;incstack = 0
  5426                           ;MCP4725_CheckAddress@address_7bit stored from wreg
  5427   002EE2  6E08               	movwf	MCP4725_CheckAddress@address_7bit^0,c
  5428   002EE4                     
  5429                           ;./mcp4725_i2c2.h: 114: static _Bool MCP4725_CheckAddress(uint8_t address_7bit);./mcp472
      +                          5_i2c2.h: 115: {;./mcp4725_i2c2.h: 116:     _Bool ack;;./mcp4725_i2c2.h: 118:     MCP472
      +                          5_I2C1_Start();
  5430   002EE4  ECA0  F017         	call	_MCP4725_I2C1_Start	;wreg free
  5431                           
  5432                           ;./mcp4725_i2c2.h: 119:     ack = MCP4725_I2C1_Write((uint8_t)(address_7bit << 1));
  5433   002EE8  5008               	movf	MCP4725_CheckAddress@address_7bit^0,w,c
  5434   002EEA  2408               	addwf	MCP4725_CheckAddress@address_7bit^0,w,c
  5435   002EEC  EC42  F016         	call	_MCP4725_I2C1_Write
  5436   002EF0  6E09               	movwf	MCP4725_CheckAddress@ack^0,c
  5437                           
  5438                           ;./mcp4725_i2c2.h: 120:     MCP4725_I2C1_Stop();
  5439   002EF2  EC95  F017         	call	_MCP4725_I2C1_Stop	;wreg free
  5440   002EF6                     
  5441                           ;./mcp4725_i2c2.h: 122:     return ack;
  5442   002EF6  5009               	movf	MCP4725_CheckAddress@ack^0,w,c
  5443   002EF8  0012               	return		;funcret
  5444   002EFA                     __end_of_MCP4725_CheckAddress:
  5445                           	callstack 0
  5446                           
  5447 ;; *************** function _DAC_ActualizarVoltaje *****************
  5448 ;; Defined at:
  5449 ;;		line 346 in file "main.c"
  5450 ;; Parameters:    Size  Location     Type
  5451 ;;  valor           4   81[COMRAM] float 
  5452 ;; Auto vars:     Size  Location     Type
  5453 ;;		None
  5454 ;; Return value:  Size  Location     Type
  5455 ;;                  1    wreg      void 
  5456 ;; Registers used:
  5457 ;;		wreg, status,2, status,0, prodl, prodh, cstack
  5458 ;; Tracked objects:
  5459 ;;		On entry : 0/0
  5460 ;;		On exit  : 0/0
  5461 ;;		Unchanged: 0/0
  5462 ;; Data sizes:     COMRAM   BANK0   BANK1   BANK2   BANK3   BANK4   BANK5
  5463 ;;      Params:         4       0       0       0       0       0       0
  5464 ;;      Locals:         0       0       0       0       0       0       0
  5465 ;;      Temps:          0       0       0       0       0       0       0
  5466 ;;      Totals:         4       0       0       0       0       0       0
  5467 ;;Total ram usage:        4 bytes
  5468 ;; Hardware stack levels used: 1
  5469 ;; Hardware stack levels required when called: 2
  5470 ;; This function calls:
  5471 ;;		_DAC_NormalizarSetpoint
  5472 ;;		_MCP4725_WriteRaw_Fast
  5473 ;; This function is called by:
  5474 ;;		_DAC_Init
  5475 ;;		_Entrada_Guardar
  5476 ;; This function uses a non-reentrant model
  5477 ;;
  5478                           
  5479                           	psect	text32
  5480   002B2E                     __ptext32:
  5481                           	callstack 0
  5482   002B2E                     _DAC_ActualizarVoltaje:
  5483                           	callstack 26
  5484   002B2E                     
  5485                           ;main.c: 346: void DAC_ActualizarVoltaje(float valor);main.c: 347: {;main.c: 348:     da
      +                          c_voltaje_code = DAC_NormalizarSetpoint(valor, 30.0f);
  5486   002B2E  C053  F047         	movff	DAC_ActualizarVoltaje@valor,DAC_NormalizarSetpoint@valor
  5487   002B32  C054  F048         	movff	DAC_ActualizarVoltaje@valor+1,DAC_NormalizarSetpoint@valor+1
  5488   002B36  C055  F049         	movff	DAC_ActualizarVoltaje@valor+2,DAC_NormalizarSetpoint@valor+2
  5489   002B3A  C056  F04A         	movff	DAC_ActualizarVoltaje@valor+3,DAC_NormalizarSetpoint@valor+3
  5490   002B3E  0E00               	movlw	0
  5491   002B40  6E4B               	movwf	DAC_NormalizarSetpoint@valor_maximo^0,c
  5492   002B42  0E00               	movlw	0
  5493   002B44  6E4C               	movwf	(DAC_NormalizarSetpoint@valor_maximo+1)^0,c
  5494   002B46  0EF0               	movlw	240
  5495   002B48  6E4D               	movwf	(DAC_NormalizarSetpoint@valor_maximo+2)^0,c
  5496   002B4A  0E41               	movlw	65
  5497   002B4C  6E4E               	movwf	(DAC_NormalizarSetpoint@valor_maximo+3)^0,c
  5498   002B4E  EC00  F00F         	call	_DAC_NormalizarSetpoint	;wreg free
  5499   002B52  C047  F076         	movff	?_DAC_NormalizarSetpoint,_dac_voltaje_code
  5500   002B56  C048  F077         	movff	?_DAC_NormalizarSetpoint+1,_dac_voltaje_code+1
  5501   002B5A                     
  5502                           ;main.c: 349:     dac_voltaje_ok = MCP4725_WriteRaw_Fast(0x60, dac_voltaje_code);
  5503   002B5A  C076  F008         	movff	_dac_voltaje_code,MCP4725_WriteRaw_Fast@value_12bit
  5504   002B5E  C077  F009         	movff	_dac_voltaje_code+1,MCP4725_WriteRaw_Fast@value_12bit+1
  5505   002B62  0E60               	movlw	96
  5506   002B64  EC7D  F014         	call	_MCP4725_WriteRaw_Fast
  5507   002B68  0100               	movlb	0	; () banked
  5508   002B6A  6F79               	movwf	_dac_voltaje_ok& (0+255),b
  5509   002B6C                     
  5510                           ; BSR set to: 0
  5511   002B6C  0012               	return		;funcret
  5512   002B6E                     __end_of_DAC_ActualizarVoltaje:
  5513                           	callstack 0
  5514                           
  5515 ;; *************** function _DAC_ActualizarCorriente *****************
  5516 ;; Defined at:
  5517 ;;		line 352 in file "main.c"
  5518 ;; Parameters:    Size  Location     Type
  5519 ;;  valor           4   81[COMRAM] float 
  5520 ;; Auto vars:     Size  Location     Type
  5521 ;;		None
  5522 ;; Return value:  Size  Location     Type
  5523 ;;                  1    wreg      void 
  5524 ;; Registers used:
  5525 ;;		wreg, status,2, status,0, prodl, prodh, cstack
  5526 ;; Tracked objects:
  5527 ;;		On entry : 0/0
  5528 ;;		On exit  : 0/0
  5529 ;;		Unchanged: 0/0
  5530 ;; Data sizes:     COMRAM   BANK0   BANK1   BANK2   BANK3   BANK4   BANK5
  5531 ;;      Params:         4       0       0       0       0       0       0
  5532 ;;      Locals:         0       0       0       0       0       0       0
  5533 ;;      Temps:          0       0       0       0       0       0       0
  5534 ;;      Totals:         4       0       0       0       0       0       0
  5535 ;;Total ram usage:        4 bytes
  5536 ;; Hardware stack levels used: 1
  5537 ;; Hardware stack levels required when called: 2
  5538 ;; This function calls:
  5539 ;;		_DAC_NormalizarSetpoint
  5540 ;;		_MCP4725_WriteRaw_Fast
  5541 ;; This function is called by:
  5542 ;;		_DAC_Init
  5543 ;;		_Entrada_Guardar
  5544 ;; This function uses a non-reentrant model
  5545 ;;
  5546                           
  5547                           	psect	text33
  5548   002B6E                     __ptext33:
  5549                           	callstack 0
  5550   002B6E                     _DAC_ActualizarCorriente:
  5551                           	callstack 26
  5552   002B6E                     
  5553                           ;main.c: 352: void DAC_ActualizarCorriente(float valor);main.c: 353: {;main.c: 354:     
      +                          dac_corriente_code = DAC_NormalizarSetpoint(valor, 3.0f);
  5554   002B6E  C053  F047         	movff	DAC_ActualizarCorriente@valor,DAC_NormalizarSetpoint@valor
  5555   002B72  C054  F048         	movff	DAC_ActualizarCorriente@valor+1,DAC_NormalizarSetpoint@valor+1
  5556   002B76  C055  F049         	movff	DAC_ActualizarCorriente@valor+2,DAC_NormalizarSetpoint@valor+2
  5557   002B7A  C056  F04A         	movff	DAC_ActualizarCorriente@valor+3,DAC_NormalizarSetpoint@valor+3
  5558   002B7E  0E00               	movlw	0
  5559   002B80  6E4B               	movwf	DAC_NormalizarSetpoint@valor_maximo^0,c
  5560   002B82  0E00               	movlw	0
  5561   002B84  6E4C               	movwf	(DAC_NormalizarSetpoint@valor_maximo+1)^0,c
  5562   002B86  0E40               	movlw	64
  5563   002B88  6E4D               	movwf	(DAC_NormalizarSetpoint@valor_maximo+2)^0,c
  5564   002B8A  0E40               	movlw	64
  5565   002B8C  6E4E               	movwf	(DAC_NormalizarSetpoint@valor_maximo+3)^0,c
  5566   002B8E  EC00  F00F         	call	_DAC_NormalizarSetpoint	;wreg free
  5567   002B92  C047  F074         	movff	?_DAC_NormalizarSetpoint,_dac_corriente_code
  5568   002B96  C048  F075         	movff	?_DAC_NormalizarSetpoint+1,_dac_corriente_code+1
  5569   002B9A                     
  5570                           ;main.c: 355:     dac_corriente_ok = MCP4725_WriteRaw_Fast(0x61, dac_corriente_code);
  5571   002B9A  C074  F008         	movff	_dac_corriente_code,MCP4725_WriteRaw_Fast@value_12bit
  5572   002B9E  C075  F009         	movff	_dac_corriente_code+1,MCP4725_WriteRaw_Fast@value_12bit+1
  5573   002BA2  0E61               	movlw	97
  5574   002BA4  EC7D  F014         	call	_MCP4725_WriteRaw_Fast
  5575   002BA8  0100               	movlb	0	; () banked
  5576   002BAA  6F78               	movwf	_dac_corriente_ok& (0+255),b
  5577   002BAC                     
  5578                           ; BSR set to: 0
  5579   002BAC  0012               	return		;funcret
  5580   002BAE                     __end_of_DAC_ActualizarCorriente:
  5581                           	callstack 0
  5582                           
  5583 ;; *************** function _MCP4725_WriteRaw_Fast *****************
  5584 ;; Defined at:
  5585 ;;		line 125 in file "./mcp4725_i2c2.h"
  5586 ;; Parameters:    Size  Location     Type
  5587 ;;  address_7bit    1    wreg     unsigned char 
  5588 ;;  value_12bit     2    6[COMRAM] unsigned short 
  5589 ;; Auto vars:     Size  Location     Type
  5590 ;;  address_7bit    1   10[COMRAM] unsigned char 
  5591 ;;  ok              1   13[COMRAM] _Bool 
  5592 ;;  data_low        1   12[COMRAM] unsigned char 
  5593 ;;  data_high       1   11[COMRAM] unsigned char 
  5594 ;; Return value:  Size  Location     Type
  5595 ;;                  1    wreg      _Bool 
  5596 ;; Registers used:
  5597 ;;		wreg, status,2, status,0, cstack
  5598 ;; Tracked objects:
  5599 ;;		On entry : 0/0
  5600 ;;		On exit  : 0/0
  5601 ;;		Unchanged: 0/0
  5602 ;; Data sizes:     COMRAM   BANK0   BANK1   BANK2   BANK3   BANK4   BANK5
  5603 ;;      Params:         2       0       0       0       0       0       0
  5604 ;;      Locals:         4       0       0       0       0       0       0
  5605 ;;      Temps:          2       0       0       0       0       0       0
  5606 ;;      Totals:         8       0       0       0       0       0       0
  5607 ;;Total ram usage:        8 bytes
  5608 ;; Hardware stack levels used: 1
  5609 ;; Hardware stack levels required when called: 2
  5610 ;; This function calls:
  5611 ;;		_MCP4725_I2C1_Start
  5612 ;;		_MCP4725_I2C1_Stop
  5613 ;;		_MCP4725_I2C1_Write
  5614 ;; This function is called by:
  5615 ;;		_DAC_ActualizarVoltaje
  5616 ;;		_DAC_ActualizarCorriente
  5617 ;;		_MCP4725_WriteVoltage_Fast
  5618 ;; This function uses a non-reentrant model
  5619 ;;
  5620                           
  5621                           	psect	text34
  5622   0028FA                     __ptext34:
  5623                           	callstack 0
  5624   0028FA                     _MCP4725_WriteRaw_Fast:
  5625                           	callstack 25
  5626                           
  5627                           ; BSR set to: 0
  5628                           ;incstack = 0
  5629                           ;MCP4725_WriteRaw_Fast@address_7bit stored from wreg
  5630   0028FA  6E0C               	movwf	MCP4725_WriteRaw_Fast@address_7bit^0,c
  5631   0028FC                     
  5632                           ;./mcp4725_i2c2.h: 125: static _Bool MCP4725_WriteRaw_Fast(uint8_t address_7bit, uint16_
      +                          t value_12bit);./mcp4725_i2c2.h: 126: {;./mcp4725_i2c2.h: 127:     _Bool ok = 1;
  5633   0028FC  0E01               	movlw	1
  5634   0028FE  6E0F               	movwf	MCP4725_WriteRaw_Fast@ok^0,c
  5635   002900                     
  5636                           ;./mcp4725_i2c2.h: 129:     if(value_12bit > 4095)
  5637   002900  0E10               	movlw	16
  5638   002902  5C09               	subwf	(MCP4725_WriteRaw_Fast@value_12bit+1)^0,w,c
  5639   002904  A0D8               	btfss	status,0,c
  5640   002906  EF87  F014         	goto	u5781
  5641   00290A  EF89  F014         	goto	u5780
  5642   00290E                     u5781:
  5643   00290E  EF8C  F014         	goto	l5397
  5644   002912                     u5780:
  5645   002912                     
  5646                           ;./mcp4725_i2c2.h: 130:     {;./mcp4725_i2c2.h: 131:         value_12bit = 4095;
  5647   002912  0E0F               	movlw	15
  5648   002914  6E09               	movwf	(MCP4725_WriteRaw_Fast@value_12bit+1)^0,c
  5649   002916  6808               	setf	MCP4725_WriteRaw_Fast@value_12bit^0,c
  5650   002918                     l5397:
  5651                           
  5652                           ;./mcp4725_i2c2.h: 143:     uint8_t data_high = (uint8_t)((value_12bit >> 8) & 0x0F);
  5653   002918  5009               	movf	(MCP4725_WriteRaw_Fast@value_12bit+1)^0,w,c
  5654   00291A  0B0F               	andlw	15
  5655   00291C  6E0D               	movwf	MCP4725_WriteRaw_Fast@data_high^0,c
  5656   00291E                     
  5657                           ;./mcp4725_i2c2.h: 144:     uint8_t data_low = (uint8_t)(value_12bit & 0xFF);
  5658   00291E  C008  F00E         	movff	MCP4725_WriteRaw_Fast@value_12bit,MCP4725_WriteRaw_Fast@data_low
  5659   002922                     
  5660                           ;./mcp4725_i2c2.h: 146:     MCP4725_I2C1_Start();
  5661   002922  ECA0  F017         	call	_MCP4725_I2C1_Start	;wreg free
  5662   002926                     
  5663                           ;./mcp4725_i2c2.h: 148:     ok &= MCP4725_I2C1_Write((uint8_t)(address_7bit << 1));
  5664   002926  500C               	movf	MCP4725_WriteRaw_Fast@address_7bit^0,w,c
  5665   002928  240C               	addwf	MCP4725_WriteRaw_Fast@address_7bit^0,w,c
  5666   00292A  EC42  F016         	call	_MCP4725_I2C1_Write
  5667   00292E  6E0A               	movwf	??_MCP4725_WriteRaw_Fast^0,c
  5668   002930  6A0B               	clrf	(??_MCP4725_WriteRaw_Fast+1)^0,c
  5669   002932  500A               	movf	??_MCP4725_WriteRaw_Fast^0,w,c
  5670   002934  160F               	andwf	MCP4725_WriteRaw_Fast@ok^0,f,c
  5671   002936                     
  5672                           ;./mcp4725_i2c2.h: 149:     ok &= MCP4725_I2C1_Write(data_high);
  5673   002936  500D               	movf	MCP4725_WriteRaw_Fast@data_high^0,w,c
  5674   002938  EC42  F016         	call	_MCP4725_I2C1_Write
  5675   00293C  6E0A               	movwf	??_MCP4725_WriteRaw_Fast^0,c
  5676   00293E  6A0B               	clrf	(??_MCP4725_WriteRaw_Fast+1)^0,c
  5677   002940  500A               	movf	??_MCP4725_WriteRaw_Fast^0,w,c
  5678   002942  160F               	andwf	MCP4725_WriteRaw_Fast@ok^0,f,c
  5679   002944                     
  5680                           ;./mcp4725_i2c2.h: 150:     ok &= MCP4725_I2C1_Write(data_low);
  5681   002944  500E               	movf	MCP4725_WriteRaw_Fast@data_low^0,w,c
  5682   002946  EC42  F016         	call	_MCP4725_I2C1_Write
  5683   00294A  6E0A               	movwf	??_MCP4725_WriteRaw_Fast^0,c
  5684   00294C  6A0B               	clrf	(??_MCP4725_WriteRaw_Fast+1)^0,c
  5685   00294E  500A               	movf	??_MCP4725_WriteRaw_Fast^0,w,c
  5686   002950  160F               	andwf	MCP4725_WriteRaw_Fast@ok^0,f,c
  5687   002952                     
  5688                           ;./mcp4725_i2c2.h: 152:     MCP4725_I2C1_Stop();
  5689   002952  EC95  F017         	call	_MCP4725_I2C1_Stop	;wreg free
  5690   002956                     
  5691                           ;./mcp4725_i2c2.h: 154:     return ok;
  5692   002956  500F               	movf	MCP4725_WriteRaw_Fast@ok^0,w,c
  5693   002958  0012               	return		;funcret
  5694   00295A                     __end_of_MCP4725_WriteRaw_Fast:
  5695                           	callstack 0
  5696                           
  5697 ;; *************** function _MCP4725_I2C1_Write *****************
  5698 ;; Defined at:
  5699 ;;		line 89 in file "./mcp4725_i2c2.h"
  5700 ;; Parameters:    Size  Location     Type
  5701 ;;  data            1    wreg     unsigned char 
  5702 ;; Auto vars:     Size  Location     Type
  5703 ;;  data            1    5[COMRAM] unsigned char 
  5704 ;; Return value:  Size  Location     Type
  5705 ;;                  1    wreg      _Bool 
  5706 ;; Registers used:
  5707 ;;		wreg, status,2, status,0, cstack
  5708 ;; Tracked objects:
  5709 ;;		On entry : 0/0
  5710 ;;		On exit  : 0/0
  5711 ;;		Unchanged: 0/0
  5712 ;; Data sizes:     COMRAM   BANK0   BANK1   BANK2   BANK3   BANK4   BANK5
  5713 ;;      Params:         0       0       0       0       0       0       0
  5714 ;;      Locals:         1       0       0       0       0       0       0
  5715 ;;      Temps:          0       0       0       0       0       0       0
  5716 ;;      Totals:         1       0       0       0       0       0       0
  5717 ;;Total ram usage:        1 bytes
  5718 ;; Hardware stack levels used: 1
  5719 ;; Hardware stack levels required when called: 2
  5720 ;; This function calls:
  5721 ;;		_MCP4725_I2C1_Wait
  5722 ;; This function is called by:
  5723 ;;		_MCP4725_CheckAddress
  5724 ;;		_MCP4725_WriteRaw_Fast
  5725 ;;		_MCP4725_WriteRaw_Standard
  5726 ;;		_MCP4725_WriteRaw_EEPROM
  5727 ;; This function uses a non-reentrant model
  5728 ;;
  5729                           
  5730                           	psect	text35
  5731   002C84                     __ptext35:
  5732                           	callstack 0
  5733   002C84                     _MCP4725_I2C1_Write:
  5734                           	callstack 24
  5735                           
  5736                           ;incstack = 0
  5737                           ;MCP4725_I2C1_Write@data stored from wreg
  5738   002C84  6E07               	movwf	MCP4725_I2C1_Write@data^0,c
  5739   002C86                     
  5740                           ;./mcp4725_i2c2.h: 89: static _Bool MCP4725_I2C1_Write(uint8_t data);./mcp4725_i2c2.h: 9
      +                          0: {;./mcp4725_i2c2.h: 91:     MCP4725_I2C1_Wait();
  5741   002C86  EC8C  F016         	call	_MCP4725_I2C1_Wait	;wreg free
  5742   002C8A                     
  5743                           ;./mcp4725_i2c2.h: 93:     SSP1CON1bits.WCOL = 0;
  5744   002C8A  9EC6               	bcf	198,7,c	;volatile
  5745   002C8C                     
  5746                           ;./mcp4725_i2c2.h: 94:     SSP1BUF = data;
  5747   002C8C  C007  FFC9         	movff	MCP4725_I2C1_Write@data,4041	;volatile
  5748   002C90                     l261:
  5749                           
  5750                           ;./mcp4725_i2c2.h: 96:     while(SSP1STAT & 0x01)
  5751   002C90  B0C7               	btfsc	199,0,c	;volatile
  5752   002C92  EF4D  F016         	goto	u4821
  5753   002C96  EF4F  F016         	goto	u4820
  5754   002C9A                     u4821:
  5755   002C9A  EF48  F016         	goto	l261
  5756   002C9E                     u4820:
  5757   002C9E                     
  5758                           ;./mcp4725_i2c2.h: 101:     MCP4725_I2C1_Wait();
  5759   002C9E  EC8C  F016         	call	_MCP4725_I2C1_Wait	;wreg free
  5760   002CA2                     
  5761                           ;./mcp4725_i2c2.h: 107:     return (SSP1CON2bits.ACKSTAT == 0);
  5762   002CA2  ACC5               	btfss	197,6,c	;volatile
  5763   002CA4  EF56  F016         	goto	u4831
  5764   002CA8  EF59  F016         	goto	u4830
  5765   002CAC                     u4831:
  5766   002CAC  0E01               	movlw	1
  5767   002CAE  EF5A  F016         	goto	u4840
  5768   002CB2                     u4830:
  5769   002CB2  0E00               	movlw	0
  5770   002CB4                     u4840:
  5771   002CB4  0012               	return		;funcret
  5772   002CB6                     __end_of_MCP4725_I2C1_Write:
  5773                           	callstack 0
  5774                           
  5775 ;; *************** function _MCP4725_I2C1_Stop *****************
  5776 ;; Defined at:
  5777 ;;		line 77 in file "./mcp4725_i2c2.h"
  5778 ;; Parameters:    Size  Location     Type
  5779 ;;		None
  5780 ;; Auto vars:     Size  Location     Type
  5781 ;;		None
  5782 ;; Return value:  Size  Location     Type
  5783 ;;                  1    wreg      void 
  5784 ;; Registers used:
  5785 ;;		wreg, status,2, status,0, cstack
  5786 ;; Tracked objects:
  5787 ;;		On entry : 0/0
  5788 ;;		On exit  : 0/0
  5789 ;;		Unchanged: 0/0
  5790 ;; Data sizes:     COMRAM   BANK0   BANK1   BANK2   BANK3   BANK4   BANK5
  5791 ;;      Params:         0       0       0       0       0       0       0
  5792 ;;      Locals:         0       0       0       0       0       0       0
  5793 ;;      Temps:          0       0       0       0       0       0       0
  5794 ;;      Totals:         0       0       0       0       0       0       0
  5795 ;;Total ram usage:        0 bytes
  5796 ;; Hardware stack levels used: 1
  5797 ;; Hardware stack levels required when called: 2
  5798 ;; This function calls:
  5799 ;;		_MCP4725_I2C1_Wait
  5800 ;; This function is called by:
  5801 ;;		_MCP4725_CheckAddress
  5802 ;;		_MCP4725_WriteRaw_Fast
  5803 ;;		_MCP4725_WriteRaw_Standard
  5804 ;;		_MCP4725_WriteRaw_EEPROM
  5805 ;; This function uses a non-reentrant model
  5806 ;;
  5807                           
  5808                           	psect	text36
  5809   002F2A                     __ptext36:
  5810                           	callstack 0
  5811   002F2A                     _MCP4725_I2C1_Stop:
  5812                           	callstack 24
  5813   002F2A                     
  5814                           ;./mcp4725_i2c2.h: 79:     MCP4725_I2C1_Wait();
  5815   002F2A  EC8C  F016         	call	_MCP4725_I2C1_Wait	;wreg free
  5816   002F2E                     
  5817                           ;./mcp4725_i2c2.h: 81:     SSP1CON2bits.PEN = 1;
  5818   002F2E  84C5               	bsf	197,2,c	;volatile
  5819   002F30                     l255:
  5820                           
  5821                           ;./mcp4725_i2c2.h: 83:     while(SSP1CON2bits.PEN)
  5822   002F30  B4C5               	btfsc	197,2,c	;volatile
  5823   002F32  EF9D  F017         	goto	u4811
  5824   002F36  EF9F  F017         	goto	u4810
  5825   002F3A                     u4811:
  5826   002F3A  EF98  F017         	goto	l255
  5827   002F3E                     u4810:
  5828   002F3E  0012               	return		;funcret
  5829   002F40                     __end_of_MCP4725_I2C1_Stop:
  5830                           	callstack 0
  5831                           
  5832 ;; *************** function _MCP4725_I2C1_Start *****************
  5833 ;; Defined at:
  5834 ;;		line 65 in file "./mcp4725_i2c2.h"
  5835 ;; Parameters:    Size  Location     Type
  5836 ;;		None
  5837 ;; Auto vars:     Size  Location     Type
  5838 ;;		None
  5839 ;; Return value:  Size  Location     Type
  5840 ;;                  1    wreg      void 
  5841 ;; Registers used:
  5842 ;;		wreg, status,2, status,0, cstack
  5843 ;; Tracked objects:
  5844 ;;		On entry : 0/0
  5845 ;;		On exit  : 0/0
  5846 ;;		Unchanged: 0/0
  5847 ;; Data sizes:     COMRAM   BANK0   BANK1   BANK2   BANK3   BANK4   BANK5
  5848 ;;      Params:         0       0       0       0       0       0       0
  5849 ;;      Locals:         0       0       0       0       0       0       0
  5850 ;;      Temps:          0       0       0       0       0       0       0
  5851 ;;      Totals:         0       0       0       0       0       0       0
  5852 ;;Total ram usage:        0 bytes
  5853 ;; Hardware stack levels used: 1
  5854 ;; Hardware stack levels required when called: 2
  5855 ;; This function calls:
  5856 ;;		_MCP4725_I2C1_Wait
  5857 ;; This function is called by:
  5858 ;;		_MCP4725_CheckAddress
  5859 ;;		_MCP4725_WriteRaw_Fast
  5860 ;;		_MCP4725_WriteRaw_Standard
  5861 ;;		_MCP4725_WriteRaw_EEPROM
  5862 ;; This function uses a non-reentrant model
  5863 ;;
  5864                           
  5865                           	psect	text37
  5866   002F40                     __ptext37:
  5867                           	callstack 0
  5868   002F40                     _MCP4725_I2C1_Start:
  5869                           	callstack 24
  5870   002F40                     
  5871                           ;./mcp4725_i2c2.h: 67:     MCP4725_I2C1_Wait();
  5872   002F40  EC8C  F016         	call	_MCP4725_I2C1_Wait	;wreg free
  5873   002F44                     
  5874                           ;./mcp4725_i2c2.h: 69:     SSP1CON2bits.SEN = 1;
  5875   002F44  80C5               	bsf	197,0,c	;volatile
  5876   002F46                     l249:
  5877                           
  5878                           ;./mcp4725_i2c2.h: 71:     while(SSP1CON2bits.SEN)
  5879   002F46  B0C5               	btfsc	197,0,c	;volatile
  5880   002F48  EFA8  F017         	goto	u4801
  5881   002F4C  EFAA  F017         	goto	u4800
  5882   002F50                     u4801:
  5883   002F50  EFA3  F017         	goto	l249
  5884   002F54                     u4800:
  5885   002F54  0012               	return		;funcret
  5886   002F56                     __end_of_MCP4725_I2C1_Start:
  5887                           	callstack 0
  5888                           
  5889 ;; *************** function _MCP4725_I2C1_Wait *****************
  5890 ;; Defined at:
  5891 ;;		line 57 in file "./mcp4725_i2c2.h"
  5892 ;; Parameters:    Size  Location     Type
  5893 ;;		None
  5894 ;; Auto vars:     Size  Location     Type
  5895 ;;		None
  5896 ;; Return value:  Size  Location     Type
  5897 ;;                  1    wreg      void 
  5898 ;; Registers used:
  5899 ;;		wreg, status,2, status,0
  5900 ;; Tracked objects:
  5901 ;;		On entry : 0/0
  5902 ;;		On exit  : 0/0
  5903 ;;		Unchanged: 0/0
  5904 ;; Data sizes:     COMRAM   BANK0   BANK1   BANK2   BANK3   BANK4   BANK5
  5905 ;;      Params:         0       0       0       0       0       0       0
  5906 ;;      Locals:         0       0       0       0       0       0       0
  5907 ;;      Temps:          1       0       0       0       0       0       0
  5908 ;;      Totals:         1       0       0       0       0       0       0
  5909 ;;Total ram usage:        1 bytes
  5910 ;; Hardware stack levels used: 1
  5911 ;; Hardware stack levels required when called: 2
  5912 ;; This function calls:
  5913 ;;		Nothing
  5914 ;; This function is called by:
  5915 ;;		_MCP4725_I2C1_Start
  5916 ;;		_MCP4725_I2C1_Stop
  5917 ;;		_MCP4725_I2C1_Write
  5918 ;; This function uses a non-reentrant model
  5919 ;;
  5920                           
  5921                           	psect	text38
  5922   002D18                     __ptext38:
  5923                           	callstack 0
  5924   002D18                     _MCP4725_I2C1_Wait:
  5925                           	callstack 23
  5926   002D18                     l4687:
  5927                           
  5928                           ;./mcp4725_i2c2.h: 59:     while((SSP1CON2 & 0x1F) || (SSP1STAT & 0x04))
  5929   002D18  CFC5 F006          	movff	4037,??_MCP4725_I2C1_Wait	;volatile
  5930   002D1C  0E1F               	movlw	31
  5931   002D1E  1606               	andwf	??_MCP4725_I2C1_Wait^0,f,c
  5932   002D20  A4D8               	btfss	status,2,c
  5933   002D22  EF95  F016         	goto	u4581
  5934   002D26  EF97  F016         	goto	u4580
  5935   002D2A                     u4581:
  5936   002D2A  EF8C  F016         	goto	l4687
  5937   002D2E                     u4580:
  5938   002D2E  B4C7               	btfsc	199,2,c	;volatile
  5939   002D30  EF9C  F016         	goto	u4591
  5940   002D34  EF9E  F016         	goto	u4590
  5941   002D38                     u4591:
  5942   002D38  EF8C  F016         	goto	l4687
  5943   002D3C                     u4590:
  5944   002D3C  0012               	return		;funcret
  5945   002D3E                     __end_of_MCP4725_I2C1_Wait:
  5946                           	callstack 0
  5947                           
  5948 ;; *************** function _DAC_NormalizarSetpoint *****************
  5949 ;; Defined at:
  5950 ;;		line 327 in file "main.c"
  5951 ;; Parameters:    Size  Location     Type
  5952 ;;  valor           4   69[COMRAM] float 
  5953 ;;  valor_maximo    4   73[COMRAM] float 
  5954 ;; Auto vars:     Size  Location     Type
  5955 ;;  resultado       4   77[COMRAM] float 
  5956 ;; Return value:  Size  Location     Type
  5957 ;;                  2   69[COMRAM] unsigned short 
  5958 ;; Registers used:
  5959 ;;		wreg, status,2, status,0, prodl, prodh, cstack
  5960 ;; Tracked objects:
  5961 ;;		On entry : 0/0
  5962 ;;		On exit  : 0/0
  5963 ;;		Unchanged: 0/0
  5964 ;; Data sizes:     COMRAM   BANK0   BANK1   BANK2   BANK3   BANK4   BANK5
  5965 ;;      Params:         8       0       0       0       0       0       0
  5966 ;;      Locals:         4       0       0       0       0       0       0
  5967 ;;      Temps:          0       0       0       0       0       0       0
  5968 ;;      Totals:        12       0       0       0       0       0       0
  5969 ;;Total ram usage:       12 bytes
  5970 ;; Hardware stack levels used: 1
  5971 ;; Hardware stack levels required when called: 2
  5972 ;; This function calls:
  5973 ;;		___fladd
  5974 ;;		___fldiv
  5975 ;;		___flge
  5976 ;;		___flmul
  5977 ;;		___fltol
  5978 ;; This function is called by:
  5979 ;;		_DAC_ActualizarVoltaje
  5980 ;;		_DAC_ActualizarCorriente
  5981 ;; This function uses a non-reentrant model
  5982 ;;
  5983                           
  5984                           	psect	text39
  5985   001E00                     __ptext39:
  5986                           	callstack 0
  5987   001E00                     _DAC_NormalizarSetpoint:
  5988                           	callstack 25
  5989   001E00                     
  5990                           ;main.c: 327: uint16_t DAC_NormalizarSetpoint(float valor, float valor_maximo);main.c: 3
      +                          28: {;main.c: 329:     float resultado;;main.c: 331:     if (valor <= 0.0f)
  5991   001E00  0E00               	movlw	0
  5992   001E02  6E06               	movwf	___flge@ff1^0,c
  5993   001E04  0E00               	movlw	0
  5994   001E06  6E07               	movwf	(___flge@ff1+1)^0,c
  5995   001E08  0E00               	movlw	0
  5996   001E0A  6E08               	movwf	(___flge@ff1+2)^0,c
  5997   001E0C  0E00               	movlw	0
  5998   001E0E  6E09               	movwf	(___flge@ff1+3)^0,c
  5999   001E10  C047  F00A         	movff	DAC_NormalizarSetpoint@valor,___flge@ff2
  6000   001E14  C048  F00B         	movff	DAC_NormalizarSetpoint@valor+1,___flge@ff2+1
  6001   001E18  C049  F00C         	movff	DAC_NormalizarSetpoint@valor+2,___flge@ff2+2
  6002   001E1C  C04A  F00D         	movff	DAC_NormalizarSetpoint@valor+3,___flge@ff2+3
  6003   001E20  EC0C  F010         	call	___flge	;wreg free
  6004   001E24  A0D8               	btfss	status,0,c
  6005   001E26  EF17  F00F         	goto	u5791
  6006   001E2A  EF19  F00F         	goto	u5790
  6007   001E2E                     u5791:
  6008   001E2E  EF1E  F00F         	goto	l5439
  6009   001E32                     u5790:
  6010   001E32                     
  6011                           ;main.c: 332:     {;main.c: 333:         return 0;
  6012   001E32  6A48               	clrf	(?_DAC_NormalizarSetpoint+1)^0,c
  6013   001E34  0E00               	movlw	0
  6014   001E36  6E47               	movwf	?_DAC_NormalizarSetpoint^0,c
  6015   001E38  EF88  F00F         	goto	l365
  6016   001E3C                     l5439:
  6017                           
  6018                           ;main.c: 336:     if (valor >= valor_maximo)
  6019   001E3C  C047  F006         	movff	DAC_NormalizarSetpoint@valor,___flge@ff1
  6020   001E40  C048  F007         	movff	DAC_NormalizarSetpoint@valor+1,___flge@ff1+1
  6021   001E44  C049  F008         	movff	DAC_NormalizarSetpoint@valor+2,___flge@ff1+2
  6022   001E48  C04A  F009         	movff	DAC_NormalizarSetpoint@valor+3,___flge@ff1+3
  6023   001E4C  C04B  F00A         	movff	DAC_NormalizarSetpoint@valor_maximo,___flge@ff2
  6024   001E50  C04C  F00B         	movff	DAC_NormalizarSetpoint@valor_maximo+1,___flge@ff2+1
  6025   001E54  C04D  F00C         	movff	DAC_NormalizarSetpoint@valor_maximo+2,___flge@ff2+2
  6026   001E58  C04E  F00D         	movff	DAC_NormalizarSetpoint@valor_maximo+3,___flge@ff2+3
  6027   001E5C  EC0C  F010         	call	___flge	;wreg free
  6028   001E60  A0D8               	btfss	status,0,c
  6029   001E62  EF35  F00F         	goto	u5801
  6030   001E66  EF37  F00F         	goto	u5800
  6031   001E6A                     u5801:
  6032   001E6A  EF3C  F00F         	goto	l5445
  6033   001E6E                     u5800:
  6034   001E6E                     
  6035                           ;main.c: 337:     {;main.c: 338:         return 4095;
  6036   001E6E  0E0F               	movlw	15
  6037   001E70  6E48               	movwf	(?_DAC_NormalizarSetpoint+1)^0,c
  6038   001E72  6847               	setf	?_DAC_NormalizarSetpoint^0,c
  6039   001E74  EF88  F00F         	goto	l365
  6040   001E78                     l5445:
  6041                           
  6042                           ;main.c: 341:     resultado = (valor * 4095.0f) / valor_maximo;
  6043   001E78  0E00               	movlw	0
  6044   001E7A  6E18               	movwf	___flmul@a^0,c
  6045   001E7C  0EF0               	movlw	240
  6046   001E7E  6E19               	movwf	(___flmul@a+1)^0,c
  6047   001E80  0E7F               	movlw	127
  6048   001E82  6E1A               	movwf	(___flmul@a+2)^0,c
  6049   001E84  0E45               	movlw	69
  6050   001E86  6E1B               	movwf	(___flmul@a+3)^0,c
  6051   001E88  C047  F014         	movff	DAC_NormalizarSetpoint@valor,___flmul@b
  6052   001E8C  C048  F015         	movff	DAC_NormalizarSetpoint@valor+1,___flmul@b+1
  6053   001E90  C049  F016         	movff	DAC_NormalizarSetpoint@valor+2,___flmul@b+2
  6054   001E94  C04A  F017         	movff	DAC_NormalizarSetpoint@valor+3,___flmul@b+3
  6055   001E98  ECD9  F005         	call	___flmul	;wreg free
  6056   001E9C  C014  F02D         	movff	?___flmul,___fldiv@b
  6057   001EA0  C015  F02E         	movff	?___flmul+1,___fldiv@b+1
  6058   001EA4  C016  F02F         	movff	?___flmul+2,___fldiv@b+2
  6059   001EA8  C017  F030         	movff	?___flmul+3,___fldiv@b+3
  6060   001EAC  C04B  F031         	movff	DAC_NormalizarSetpoint@valor_maximo,___fldiv@a
  6061   001EB0  C04C  F032         	movff	DAC_NormalizarSetpoint@valor_maximo+1,___fldiv@a+1
  6062   001EB4  C04D  F033         	movff	DAC_NormalizarSetpoint@valor_maximo+2,___fldiv@a+2
  6063   001EB8  C04E  F034         	movff	DAC_NormalizarSetpoint@valor_maximo+3,___fldiv@a+3
  6064   001EBC  ECEC  F007         	call	___fldiv	;wreg free
  6065   001EC0  C02D  F04F         	movff	?___fldiv,DAC_NormalizarSetpoint@resultado
  6066   001EC4  C02E  F050         	movff	?___fldiv+1,DAC_NormalizarSetpoint@resultado+1
  6067   001EC8  C02F  F051         	movff	?___fldiv+2,DAC_NormalizarSetpoint@resultado+2
  6068   001ECC  C030  F052         	movff	?___fldiv+3,DAC_NormalizarSetpoint@resultado+3
  6069   001ED0                     
  6070                           ;main.c: 343:     return (uint16_t)(resultado + 0.5f);
  6071   001ED0  0E00               	movlw	0
  6072   001ED2  6E31               	movwf	___fladd@a^0,c
  6073   001ED4  0E00               	movlw	0
  6074   001ED6  6E32               	movwf	(___fladd@a+1)^0,c
  6075   001ED8  0E00               	movlw	0
  6076   001EDA  6E33               	movwf	(___fladd@a+2)^0,c
  6077   001EDC  0E3F               	movlw	63
  6078   001EDE  6E34               	movwf	(___fladd@a+3)^0,c
  6079   001EE0  C04F  F02D         	movff	DAC_NormalizarSetpoint@resultado,___fladd@b
  6080   001EE4  C050  F02E         	movff	DAC_NormalizarSetpoint@resultado+1,___fladd@b+1
  6081   001EE8  C051  F02F         	movff	DAC_NormalizarSetpoint@resultado+2,___fladd@b+2
  6082   001EEC  C052  F030         	movff	DAC_NormalizarSetpoint@resultado+3,___fladd@b+3
  6083   001EF0  EC7E  F003         	call	___fladd	;wreg free
  6084   001EF4  C02D  F03D         	movff	?___fladd,___fltol@f1
  6085   001EF8  C02E  F03E         	movff	?___fladd+1,___fltol@f1+1
  6086   001EFC  C02F  F03F         	movff	?___fladd+2,___fltol@f1+2
  6087   001F00  C030  F040         	movff	?___fladd+3,___fltol@f1+3
  6088   001F04  EC89  F00F         	call	___fltol	;wreg free
  6089   001F08  C03D  F047         	movff	?___fltol,?_DAC_NormalizarSetpoint
  6090   001F0C  C03E  F048         	movff	?___fltol+1,?_DAC_NormalizarSetpoint+1
  6091   001F10                     l365:
  6092   001F10  0012               	return		;funcret
  6093   001F12                     __end_of_DAC_NormalizarSetpoint:
  6094                           	callstack 0
  6095                           
  6096 ;; *************** function ___fltol *****************
  6097 ;; Defined at:
  6098 ;;		line 43 in file "C:\Program Files\Microchip\xc8\v3.10\pic\sources\c99\common\fltol.c"
  6099 ;; Parameters:    Size  Location     Type
  6100 ;;  f1              4   59[COMRAM] unsigned short 
  6101 ;; Auto vars:     Size  Location     Type
  6102 ;;  exp1            1   68[COMRAM] unsigned char 
  6103 ;;  sign1           1   67[COMRAM] unsigned char 
  6104 ;; Return value:  Size  Location     Type
  6105 ;;                  4   59[COMRAM] long 
  6106 ;; Registers used:
  6107 ;;		wreg, status,2, status,0
  6108 ;; Tracked objects:
  6109 ;;		On entry : 0/0
  6110 ;;		On exit  : 0/0
  6111 ;;		Unchanged: 0/0
  6112 ;; Data sizes:     COMRAM   BANK0   BANK1   BANK2   BANK3   BANK4   BANK5
  6113 ;;      Params:         4       0       0       0       0       0       0
  6114 ;;      Locals:         2       0       0       0       0       0       0
  6115 ;;      Temps:          4       0       0       0       0       0       0
  6116 ;;      Totals:        10       0       0       0       0       0       0
  6117 ;;Total ram usage:       10 bytes
  6118 ;; Hardware stack levels used: 1
  6119 ;; Hardware stack levels required when called: 2
  6120 ;; This function calls:
  6121 ;;		Nothing
  6122 ;; This function is called by:
  6123 ;;		_DAC_NormalizarSetpoint
  6124 ;;		_MCP4725_VoltageToCode
  6125 ;; This function uses a non-reentrant model
  6126 ;;
  6127                           
  6128                           	psect	text40
  6129   001F12                     __ptext40:
  6130                           	callstack 0
  6131   001F12                     ___fltol:
  6132                           	callstack 24
  6133   001F12  343F               	rlcf	(___fltol@f1+2)^0,w,c
  6134   001F14  3440               	rlcf	(___fltol@f1+3)^0,w,c
  6135   001F16  6E46               	movwf	___fltol@exp1^0,c
  6136   001F18  5046               	movf	___fltol@exp1^0,w,c
  6137   001F1A  A4D8               	btfss	status,2,c
  6138   001F1C  EF92  F00F         	goto	u5711
  6139   001F20  EF94  F00F         	goto	u5710
  6140   001F24                     u5711:
  6141   001F24  EF9E  F00F         	goto	l5345
  6142   001F28                     u5710:
  6143   001F28                     l5341:
  6144   001F28  0E00               	movlw	0
  6145   001F2A  6E3D               	movwf	?___fltol^0,c
  6146   001F2C  0E00               	movlw	0
  6147   001F2E  6E3E               	movwf	(?___fltol+1)^0,c
  6148   001F30  0E00               	movlw	0
  6149   001F32  6E3F               	movwf	(?___fltol+2)^0,c
  6150   001F34  0E00               	movlw	0
  6151   001F36  6E40               	movwf	(?___fltol+3)^0,c
  6152   001F38  EF0B  F010         	goto	l895
  6153   001F3C                     l5345:
  6154   001F3C  C03D  F041         	movff	___fltol@f1,??___fltol
  6155   001F40  C03E  F042         	movff	___fltol@f1+1,??___fltol+1
  6156   001F44  C03F  F043         	movff	___fltol@f1+2,??___fltol+2
  6157   001F48  C040  F044         	movff	___fltol@f1+3,??___fltol+3
  6158   001F4C  0E20               	movlw	32
  6159   001F4E  EFAE  F00F         	goto	u5720
  6160   001F52                     u5725:
  6161   001F52  90D8               	bcf	status,0,c
  6162   001F54  3244               	rrcf	(??___fltol+3)^0,f,c
  6163   001F56  3243               	rrcf	(??___fltol+2)^0,f,c
  6164   001F58  3242               	rrcf	(??___fltol+1)^0,f,c
  6165   001F5A  3241               	rrcf	??___fltol^0,f,c
  6166   001F5C                     u5720:
  6167   001F5C  2EE8               	decfsz	wreg,f,c
  6168   001F5E  EFA9  F00F         	goto	u5725
  6169   001F62  5041               	movf	??___fltol^0,w,c
  6170   001F64  6E45               	movwf	___fltol@sign1^0,c
  6171   001F66  8E3F               	bsf	(___fltol@f1+2)^0,7,c
  6172   001F68  0EFF               	movlw	255
  6173   001F6A  163D               	andwf	___fltol@f1^0,f,c
  6174   001F6C  0EFF               	movlw	255
  6175   001F6E  163E               	andwf	(___fltol@f1+1)^0,f,c
  6176   001F70  0EFF               	movlw	255
  6177   001F72  163F               	andwf	(___fltol@f1+2)^0,f,c
  6178   001F74  0E00               	movlw	0
  6179   001F76  1640               	andwf	(___fltol@f1+3)^0,f,c
  6180   001F78  0E96               	movlw	150
  6181   001F7A  5E46               	subwf	___fltol@exp1^0,f,c
  6182   001F7C  BE46               	btfsc	___fltol@exp1^0,7,c
  6183   001F7E  EFC5  F00F         	goto	u5730
  6184   001F82  EFC3  F00F         	goto	u5731
  6185   001F86                     u5731:
  6186   001F86  EFDB  F00F         	goto	l5365
  6187   001F8A                     u5730:
  6188   001F8A  5046               	movf	___fltol@exp1^0,w,c
  6189   001F8C  0A80               	xorlw	128
  6190   001F8E  0F97               	addlw	151
  6191   001F90  B0D8               	btfsc	status,0,c
  6192   001F92  EFCD  F00F         	goto	u5741
  6193   001F96  EFCF  F00F         	goto	u5740
  6194   001F9A                     u5741:
  6195   001F9A  EFD1  F00F         	goto	l5361
  6196   001F9E                     u5740:
  6197   001F9E  EF94  F00F         	goto	l5341
  6198   001FA2                     l5361:
  6199   001FA2  90D8               	bcf	status,0,c
  6200   001FA4  3240               	rrcf	(___fltol@f1+3)^0,f,c
  6201   001FA6  323F               	rrcf	(___fltol@f1+2)^0,f,c
  6202   001FA8  323E               	rrcf	(___fltol@f1+1)^0,f,c
  6203   001FAA  323D               	rrcf	___fltol@f1^0,f,c
  6204   001FAC  3E46               	incfsz	___fltol@exp1^0,f,c
  6205   001FAE  EFD1  F00F         	goto	l5361
  6206   001FB2  EFF3  F00F         	goto	l5375
  6207   001FB6                     l5365:
  6208   001FB6  0E1F               	movlw	31
  6209   001FB8  6446               	cpfsgt	___fltol@exp1^0,c
  6210   001FBA  EFE1  F00F         	goto	u5751
  6211   001FBE  EFE3  F00F         	goto	u5750
  6212   001FC2                     u5751:
  6213   001FC2  EFEB  F00F         	goto	l5373
  6214   001FC6                     u5750:
  6215   001FC6  EF94  F00F         	goto	l5341
  6216   001FCA                     l5371:
  6217   001FCA  90D8               	bcf	status,0,c
  6218   001FCC  363D               	rlcf	___fltol@f1^0,f,c
  6219   001FCE  363E               	rlcf	(___fltol@f1+1)^0,f,c
  6220   001FD0  363F               	rlcf	(___fltol@f1+2)^0,f,c
  6221   001FD2  3640               	rlcf	(___fltol@f1+3)^0,f,c
  6222   001FD4  0646               	decf	___fltol@exp1^0,f,c
  6223   001FD6                     l5373:
  6224   001FD6  5046               	movf	___fltol@exp1^0,w,c
  6225   001FD8  A4D8               	btfss	status,2,c
  6226   001FDA  EFF1  F00F         	goto	u5761
  6227   001FDE  EFF3  F00F         	goto	u5760
  6228   001FE2                     u5761:
  6229   001FE2  EFE5  F00F         	goto	l5371
  6230   001FE6                     u5760:
  6231   001FE6                     l5375:
  6232   001FE6  5045               	movf	___fltol@sign1^0,w,c
  6233   001FE8  B4D8               	btfsc	status,2,c
  6234   001FEA  EFF9  F00F         	goto	u5771
  6235   001FEE  EFFB  F00F         	goto	u5770
  6236   001FF2                     u5771:
  6237   001FF2  EF03  F010         	goto	l5379
  6238   001FF6                     u5770:
  6239   001FF6  1E40               	comf	(___fltol@f1+3)^0,f,c
  6240   001FF8  1E3F               	comf	(___fltol@f1+2)^0,f,c
  6241   001FFA  1E3E               	comf	(___fltol@f1+1)^0,f,c
  6242   001FFC  6C3D               	negf	___fltol@f1^0,c
  6243   001FFE  0E00               	movlw	0
  6244   002000  223E               	addwfc	(___fltol@f1+1)^0,f,c
  6245   002002  223F               	addwfc	(___fltol@f1+2)^0,f,c
  6246   002004  2240               	addwfc	(___fltol@f1+3)^0,f,c
  6247   002006                     l5379:
  6248   002006  C03D  F03D         	movff	___fltol@f1,?___fltol
  6249   00200A  C03E  F03E         	movff	___fltol@f1+1,?___fltol+1
  6250   00200E  C03F  F03F         	movff	___fltol@f1+2,?___fltol+2
  6251   002012  C040  F040         	movff	___fltol@f1+3,?___fltol+3
  6252   002016                     l895:
  6253   002016  0012               	return		;funcret
  6254   002018                     __end_of___fltol:
  6255                           	callstack 0
  6256                           
  6257 ;; *************** function ___flmul *****************
  6258 ;; Defined at:
  6259 ;;		line 8 in file "C:\Program Files\Microchip\xc8\v3.10\pic\sources\c99\common\sprcmul.c"
  6260 ;; Parameters:    Size  Location     Type
  6261 ;;  b               4   18[COMRAM] long 
  6262 ;;  a               4   22[COMRAM] long 
  6263 ;; Auto vars:     Size  Location     Type
  6264 ;;  prod            4   37[COMRAM] struct .
  6265 ;;  grs             4   32[COMRAM] unsigned long 
  6266 ;;  temp            2   41[COMRAM] struct .
  6267 ;;  bexp            1   36[COMRAM] unsigned char 
  6268 ;;  aexp            1   31[COMRAM] unsigned char 
  6269 ;;  sign            1   30[COMRAM] unsigned char 
  6270 ;; Return value:  Size  Location     Type
  6271 ;;                  4   18[COMRAM] unsigned char 
  6272 ;; Registers used:
  6273 ;;		wreg, status,2, status,0, prodl, prodh
  6274 ;; Tracked objects:
  6275 ;;		On entry : 0/0
  6276 ;;		On exit  : 0/0
  6277 ;;		Unchanged: 0/0
  6278 ;; Data sizes:     COMRAM   BANK0   BANK1   BANK2   BANK3   BANK4   BANK5
  6279 ;;      Params:         8       0       0       0       0       0       0
  6280 ;;      Locals:        13       0       0       0       0       0       0
  6281 ;;      Temps:          4       0       0       0       0       0       0
  6282 ;;      Totals:        25       0       0       0       0       0       0
  6283 ;;Total ram usage:       25 bytes
  6284 ;; Hardware stack levels used: 1
  6285 ;; Hardware stack levels required when called: 2
  6286 ;; This function calls:
  6287 ;;		Nothing
  6288 ;; This function is called by:
  6289 ;;		_DAC_NormalizarSetpoint
  6290 ;;		_Numero_ConvertirAFloat
  6291 ;;		_MCP4725_VoltageToCode
  6292 ;; This function uses a non-reentrant model
  6293 ;;
  6294                           
  6295                           	psect	text41
  6296   000BB2                     __ptext41:
  6297                           	callstack 0
  6298   000BB2                     ___flmul:
  6299                           	callstack 24
  6300   000BB2  5017               	movf	(___flmul@b+3)^0,w,c
  6301   000BB4  0B80               	andlw	128
  6302   000BB6  6E20               	movwf	___flmul@sign^0,c
  6303   000BB8  5017               	movf	(___flmul@b+3)^0,w,c
  6304   000BBA  2417               	addwf	(___flmul@b+3)^0,w,c
  6305   000BBC  6E26               	movwf	___flmul@bexp^0,c
  6306   000BBE  AE16               	btfss	(___flmul@b+2)^0,7,c
  6307   000BC0  EFE4  F005         	goto	u5471
  6308   000BC4  EFE6  F005         	goto	u5470
  6309   000BC8                     u5471:
  6310   000BC8  EFE7  F005         	goto	l5195
  6311   000BCC                     u5470:
  6312   000BCC  8026               	bsf	___flmul@bexp^0,0,c
  6313   000BCE                     l5195:
  6314   000BCE  5026               	movf	___flmul@bexp^0,w,c
  6315   000BD0  B4D8               	btfsc	status,2,c
  6316   000BD2  EFED  F005         	goto	u5481
  6317   000BD6  EFEF  F005         	goto	u5480
  6318   000BDA                     u5481:
  6319   000BDA  EF02  F006         	goto	l5203
  6320   000BDE                     u5480:
  6321   000BDE  2826               	incf	___flmul@bexp^0,w,c
  6322   000BE0  A4D8               	btfss	status,2,c
  6323   000BE2  EFF5  F005         	goto	u5491
  6324   000BE6  EFF7  F005         	goto	u5490
  6325   000BEA                     u5491:
  6326   000BEA  EFFF  F005         	goto	l5201
  6327   000BEE                     u5490:
  6328   000BEE  0E00               	movlw	0
  6329   000BF0  6E14               	movwf	___flmul@b^0,c
  6330   000BF2  0E00               	movlw	0
  6331   000BF4  6E15               	movwf	(___flmul@b+1)^0,c
  6332   000BF6  0E00               	movlw	0
  6333   000BF8  6E16               	movwf	(___flmul@b+2)^0,c
  6334   000BFA  0E00               	movlw	0
  6335   000BFC  6E17               	movwf	(___flmul@b+3)^0,c
  6336   000BFE                     l5201:
  6337   000BFE  8E16               	bsf	(___flmul@b+2)^0,7,c
  6338   000C00  EF0A  F006         	goto	l5205
  6339   000C04                     l5203:
  6340   000C04  0E00               	movlw	0
  6341   000C06  6E14               	movwf	___flmul@b^0,c
  6342   000C08  0E00               	movlw	0
  6343   000C0A  6E15               	movwf	(___flmul@b+1)^0,c
  6344   000C0C  0E00               	movlw	0
  6345   000C0E  6E16               	movwf	(___flmul@b+2)^0,c
  6346   000C10  0E00               	movlw	0
  6347   000C12  6E17               	movwf	(___flmul@b+3)^0,c
  6348   000C14                     l5205:
  6349   000C14  501B               	movf	(___flmul@a+3)^0,w,c
  6350   000C16  0B80               	andlw	128
  6351   000C18  1A20               	xorwf	___flmul@sign^0,f,c
  6352   000C1A  501B               	movf	(___flmul@a+3)^0,w,c
  6353   000C1C  241B               	addwf	(___flmul@a+3)^0,w,c
  6354   000C1E  6E21               	movwf	___flmul@aexp^0,c
  6355   000C20  AE1A               	btfss	(___flmul@a+2)^0,7,c
  6356   000C22  EF15  F006         	goto	u5501
  6357   000C26  EF17  F006         	goto	u5500
  6358   000C2A                     u5501:
  6359   000C2A  EF18  F006         	goto	l5213
  6360   000C2E                     u5500:
  6361   000C2E  8021               	bsf	___flmul@aexp^0,0,c
  6362   000C30                     l5213:
  6363   000C30  5021               	movf	___flmul@aexp^0,w,c
  6364   000C32  B4D8               	btfsc	status,2,c
  6365   000C34  EF1E  F006         	goto	u5511
  6366   000C38  EF20  F006         	goto	u5510
  6367   000C3C                     u5511:
  6368   000C3C  EF33  F006         	goto	l5221
  6369   000C40                     u5510:
  6370   000C40  2821               	incf	___flmul@aexp^0,w,c
  6371   000C42  A4D8               	btfss	status,2,c
  6372   000C44  EF26  F006         	goto	u5521
  6373   000C48  EF28  F006         	goto	u5520
  6374   000C4C                     u5521:
  6375   000C4C  EF30  F006         	goto	l5219
  6376   000C50                     u5520:
  6377   000C50  0E00               	movlw	0
  6378   000C52  6E18               	movwf	___flmul@a^0,c
  6379   000C54  0E00               	movlw	0
  6380   000C56  6E19               	movwf	(___flmul@a+1)^0,c
  6381   000C58  0E00               	movlw	0
  6382   000C5A  6E1A               	movwf	(___flmul@a+2)^0,c
  6383   000C5C  0E00               	movlw	0
  6384   000C5E  6E1B               	movwf	(___flmul@a+3)^0,c
  6385   000C60                     l5219:
  6386   000C60  8E1A               	bsf	(___flmul@a+2)^0,7,c
  6387   000C62  EF3B  F006         	goto	l1212
  6388   000C66                     l5221:
  6389   000C66  0E00               	movlw	0
  6390   000C68  6E18               	movwf	___flmul@a^0,c
  6391   000C6A  0E00               	movlw	0
  6392   000C6C  6E19               	movwf	(___flmul@a+1)^0,c
  6393   000C6E  0E00               	movlw	0
  6394   000C70  6E1A               	movwf	(___flmul@a+2)^0,c
  6395   000C72  0E00               	movlw	0
  6396   000C74  6E1B               	movwf	(___flmul@a+3)^0,c
  6397   000C76                     l1212:
  6398   000C76  5021               	movf	___flmul@aexp^0,w,c
  6399   000C78  B4D8               	btfsc	status,2,c
  6400   000C7A  EF41  F006         	goto	u5531
  6401   000C7E  EF43  F006         	goto	u5530
  6402   000C82                     u5531:
  6403   000C82  EF4B  F006         	goto	l5225
  6404   000C86                     u5530:
  6405   000C86  5026               	movf	___flmul@bexp^0,w,c
  6406   000C88  A4D8               	btfss	status,2,c
  6407   000C8A  EF49  F006         	goto	u5541
  6408   000C8E  EF4B  F006         	goto	u5540
  6409   000C92                     u5541:
  6410   000C92  EF55  F006         	goto	l5229
  6411   000C96                     u5540:
  6412   000C96                     l5225:
  6413   000C96  0E00               	movlw	0
  6414   000C98  6E14               	movwf	?___flmul^0,c
  6415   000C9A  0E00               	movlw	0
  6416   000C9C  6E15               	movwf	(?___flmul+1)^0,c
  6417   000C9E  0E00               	movlw	0
  6418   000CA0  6E16               	movwf	(?___flmul+2)^0,c
  6419   000CA2  0E00               	movlw	0
  6420   000CA4  6E17               	movwf	(?___flmul+3)^0,c
  6421   000CA6  EFEB  F007         	goto	l1216
  6422   000CAA                     l5229:
  6423   000CAA  501A               	movf	(___flmul@a+2)^0,w,c
  6424   000CAC  0214               	mulwf	___flmul@b^0,c
  6425   000CAE  CFF3 F02B          	movff	prodl,___flmul@temp
  6426   000CB2  CFF4 F02C          	movff	prodh,___flmul@temp+1
  6427   000CB6  502B               	movf	___flmul@temp^0,w,c
  6428   000CB8  6E22               	movwf	___flmul@grs^0,c
  6429   000CBA  6A23               	clrf	(___flmul@grs+1)^0,c
  6430   000CBC  6A24               	clrf	(___flmul@grs+2)^0,c
  6431   000CBE  6A25               	clrf	(___flmul@grs+3)^0,c
  6432   000CC0  502C               	movf	(___flmul@temp+1)^0,w,c
  6433   000CC2  6E27               	movwf	___flmul@prod^0,c
  6434   000CC4  6A28               	clrf	(___flmul@prod+1)^0,c
  6435   000CC6  6A29               	clrf	(___flmul@prod+2)^0,c
  6436   000CC8  6A2A               	clrf	(___flmul@prod+3)^0,c
  6437   000CCA  5019               	movf	(___flmul@a+1)^0,w,c
  6438   000CCC  0215               	mulwf	(___flmul@b+1)^0,c
  6439   000CCE  CFF3 F02B          	movff	prodl,___flmul@temp
  6440   000CD2  CFF4 F02C          	movff	prodh,___flmul@temp+1
  6441   000CD6  502B               	movf	___flmul@temp^0,w,c
  6442   000CD8  2622               	addwf	___flmul@grs^0,f,c
  6443   000CDA  0E00               	movlw	0
  6444   000CDC  2223               	addwfc	(___flmul@grs+1)^0,f,c
  6445   000CDE  2224               	addwfc	(___flmul@grs+2)^0,f,c
  6446   000CE0  2225               	addwfc	(___flmul@grs+3)^0,f,c
  6447   000CE2  502C               	movf	(___flmul@temp+1)^0,w,c
  6448   000CE4  2627               	addwf	___flmul@prod^0,f,c
  6449   000CE6  0E00               	movlw	0
  6450   000CE8  2228               	addwfc	(___flmul@prod+1)^0,f,c
  6451   000CEA  2229               	addwfc	(___flmul@prod+2)^0,f,c
  6452   000CEC  222A               	addwfc	(___flmul@prod+3)^0,f,c
  6453   000CEE  5018               	movf	___flmul@a^0,w,c
  6454   000CF0  0216               	mulwf	(___flmul@b+2)^0,c
  6455   000CF2  CFF3 F02B          	movff	prodl,___flmul@temp
  6456   000CF6  CFF4 F02C          	movff	prodh,___flmul@temp+1
  6457   000CFA  502B               	movf	___flmul@temp^0,w,c
  6458   000CFC  2622               	addwf	___flmul@grs^0,f,c
  6459   000CFE  0E00               	movlw	0
  6460   000D00  2223               	addwfc	(___flmul@grs+1)^0,f,c
  6461   000D02  2224               	addwfc	(___flmul@grs+2)^0,f,c
  6462   000D04  2225               	addwfc	(___flmul@grs+3)^0,f,c
  6463   000D06  502C               	movf	(___flmul@temp+1)^0,w,c
  6464   000D08  2627               	addwf	___flmul@prod^0,f,c
  6465   000D0A  0E00               	movlw	0
  6466   000D0C  2228               	addwfc	(___flmul@prod+1)^0,f,c
  6467   000D0E  2229               	addwfc	(___flmul@prod+2)^0,f,c
  6468   000D10  222A               	addwfc	(___flmul@prod+3)^0,f,c
  6469   000D12  C024  F025         	movff	___flmul@grs+2,___flmul@grs+3
  6470   000D16  C023  F024         	movff	___flmul@grs+1,___flmul@grs+2
  6471   000D1A  C022  F023         	movff	___flmul@grs,___flmul@grs+1
  6472   000D1E  6A22               	clrf	___flmul@grs^0,c
  6473   000D20  5018               	movf	___flmul@a^0,w,c
  6474   000D22  0215               	mulwf	(___flmul@b+1)^0,c
  6475   000D24  CFF3 F02B          	movff	prodl,___flmul@temp
  6476   000D28  CFF4 F02C          	movff	prodh,___flmul@temp+1
  6477   000D2C  502B               	movf	___flmul@temp^0,w,c
  6478   000D2E  2622               	addwf	___flmul@grs^0,f,c
  6479   000D30  502C               	movf	(___flmul@temp+1)^0,w,c
  6480   000D32  2223               	addwfc	(___flmul@grs+1)^0,f,c
  6481   000D34  0E00               	movlw	0
  6482   000D36  2224               	addwfc	(___flmul@grs+2)^0,f,c
  6483   000D38  0E00               	movlw	0
  6484   000D3A  2225               	addwfc	(___flmul@grs+3)^0,f,c
  6485   000D3C  5019               	movf	(___flmul@a+1)^0,w,c
  6486   000D3E  0214               	mulwf	___flmul@b^0,c
  6487   000D40  CFF3 F02B          	movff	prodl,___flmul@temp
  6488   000D44  CFF4 F02C          	movff	prodh,___flmul@temp+1
  6489   000D48  502B               	movf	___flmul@temp^0,w,c
  6490   000D4A  2622               	addwf	___flmul@grs^0,f,c
  6491   000D4C  502C               	movf	(___flmul@temp+1)^0,w,c
  6492   000D4E  2223               	addwfc	(___flmul@grs+1)^0,f,c
  6493   000D50  0E00               	movlw	0
  6494   000D52  2224               	addwfc	(___flmul@grs+2)^0,f,c
  6495   000D54  0E00               	movlw	0
  6496   000D56  2225               	addwfc	(___flmul@grs+3)^0,f,c
  6497   000D58  C024  F025         	movff	___flmul@grs+2,___flmul@grs+3
  6498   000D5C  C023  F024         	movff	___flmul@grs+1,___flmul@grs+2
  6499   000D60  C022  F023         	movff	___flmul@grs,___flmul@grs+1
  6500   000D64  6A22               	clrf	___flmul@grs^0,c
  6501   000D66  5018               	movf	___flmul@a^0,w,c
  6502   000D68  0214               	mulwf	___flmul@b^0,c
  6503   000D6A  CFF3 F02B          	movff	prodl,___flmul@temp
  6504   000D6E  CFF4 F02C          	movff	prodh,___flmul@temp+1
  6505   000D72  502B               	movf	___flmul@temp^0,w,c
  6506   000D74  2622               	addwf	___flmul@grs^0,f,c
  6507   000D76  502C               	movf	(___flmul@temp+1)^0,w,c
  6508   000D78  2223               	addwfc	(___flmul@grs+1)^0,f,c
  6509   000D7A  0E00               	movlw	0
  6510   000D7C  2224               	addwfc	(___flmul@grs+2)^0,f,c
  6511   000D7E  0E00               	movlw	0
  6512   000D80  2225               	addwfc	(___flmul@grs+3)^0,f,c
  6513   000D82  501A               	movf	(___flmul@a+2)^0,w,c
  6514   000D84  0215               	mulwf	(___flmul@b+1)^0,c
  6515   000D86  CFF3 F02B          	movff	prodl,___flmul@temp
  6516   000D8A  CFF4 F02C          	movff	prodh,___flmul@temp+1
  6517   000D8E  502B               	movf	___flmul@temp^0,w,c
  6518   000D90  2627               	addwf	___flmul@prod^0,f,c
  6519   000D92  502C               	movf	(___flmul@temp+1)^0,w,c
  6520   000D94  2228               	addwfc	(___flmul@prod+1)^0,f,c
  6521   000D96  0E00               	movlw	0
  6522   000D98  2229               	addwfc	(___flmul@prod+2)^0,f,c
  6523   000D9A  0E00               	movlw	0
  6524   000D9C  222A               	addwfc	(___flmul@prod+3)^0,f,c
  6525   000D9E  5019               	movf	(___flmul@a+1)^0,w,c
  6526   000DA0  0216               	mulwf	(___flmul@b+2)^0,c
  6527   000DA2  CFF3 F02B          	movff	prodl,___flmul@temp
  6528   000DA6  CFF4 F02C          	movff	prodh,___flmul@temp+1
  6529   000DAA  502B               	movf	___flmul@temp^0,w,c
  6530   000DAC  2627               	addwf	___flmul@prod^0,f,c
  6531   000DAE  502C               	movf	(___flmul@temp+1)^0,w,c
  6532   000DB0  2228               	addwfc	(___flmul@prod+1)^0,f,c
  6533   000DB2  0E00               	movlw	0
  6534   000DB4  2229               	addwfc	(___flmul@prod+2)^0,f,c
  6535   000DB6  0E00               	movlw	0
  6536   000DB8  222A               	addwfc	(___flmul@prod+3)^0,f,c
  6537   000DBA  501A               	movf	(___flmul@a+2)^0,w,c
  6538   000DBC  0216               	mulwf	(___flmul@b+2)^0,c
  6539   000DBE  CFF3 F02B          	movff	prodl,___flmul@temp
  6540   000DC2  CFF4 F02C          	movff	prodh,___flmul@temp+1
  6541   000DC6  502B               	movf	___flmul@temp^0,w,c
  6542   000DC8  6E1C               	movwf	??___flmul^0,c
  6543   000DCA  502C               	movf	(___flmul@temp+1)^0,w,c
  6544   000DCC  6E1D               	movwf	(??___flmul+1)^0,c
  6545   000DCE  6A1E               	clrf	(??___flmul+2)^0,c
  6546   000DD0  6A1F               	clrf	(??___flmul+3)^0,c
  6547   000DD2  C01E  F01F         	movff	??___flmul+2,??___flmul+3
  6548   000DD6  C01D  F01E         	movff	??___flmul+1,??___flmul+2
  6549   000DDA  C01C  F01D         	movff	??___flmul,??___flmul+1
  6550   000DDE  6A1C               	clrf	??___flmul^0,c
  6551   000DE0  501C               	movf	??___flmul^0,w,c
  6552   000DE2  2627               	addwf	___flmul@prod^0,f,c
  6553   000DE4  501D               	movf	(??___flmul+1)^0,w,c
  6554   000DE6  2228               	addwfc	(___flmul@prod+1)^0,f,c
  6555   000DE8  501E               	movf	(??___flmul+2)^0,w,c
  6556   000DEA  2229               	addwfc	(___flmul@prod+2)^0,f,c
  6557   000DEC  501F               	movf	(??___flmul+3)^0,w,c
  6558   000DEE  222A               	addwfc	(___flmul@prod+3)^0,f,c
  6559   000DF0  C022  F01C         	movff	___flmul@grs,??___flmul
  6560   000DF4  C023  F01D         	movff	___flmul@grs+1,??___flmul+1
  6561   000DF8  C024  F01E         	movff	___flmul@grs+2,??___flmul+2
  6562   000DFC  C025  F01F         	movff	___flmul@grs+3,??___flmul+3
  6563   000E00  0E19               	movlw	25
  6564   000E02  EF08  F007         	goto	u5550
  6565   000E06                     u5555:
  6566   000E06  90D8               	bcf	status,0,c
  6567   000E08  321F               	rrcf	(??___flmul+3)^0,f,c
  6568   000E0A  321E               	rrcf	(??___flmul+2)^0,f,c
  6569   000E0C  321D               	rrcf	(??___flmul+1)^0,f,c
  6570   000E0E  321C               	rrcf	??___flmul^0,f,c
  6571   000E10                     u5550:
  6572   000E10  2EE8               	decfsz	wreg,f,c
  6573   000E12  EF03  F007         	goto	u5555
  6574   000E16  501C               	movf	??___flmul^0,w,c
  6575   000E18  2627               	addwf	___flmul@prod^0,f,c
  6576   000E1A  501D               	movf	(??___flmul+1)^0,w,c
  6577   000E1C  2228               	addwfc	(___flmul@prod+1)^0,f,c
  6578   000E1E  501E               	movf	(??___flmul+2)^0,w,c
  6579   000E20  2229               	addwfc	(___flmul@prod+2)^0,f,c
  6580   000E22  501F               	movf	(??___flmul+3)^0,w,c
  6581   000E24  222A               	addwfc	(___flmul@prod+3)^0,f,c
  6582   000E26  C024  F025         	movff	___flmul@grs+2,___flmul@grs+3
  6583   000E2A  C023  F024         	movff	___flmul@grs+1,___flmul@grs+2
  6584   000E2E  C022  F023         	movff	___flmul@grs,___flmul@grs+1
  6585   000E32  6A22               	clrf	___flmul@grs^0,c
  6586   000E34  5021               	movf	___flmul@aexp^0,w,c
  6587   000E36  C026  F01C         	movff	___flmul@bexp,??___flmul
  6588   000E3A  6A1D               	clrf	(??___flmul+1)^0,c
  6589   000E3C  261C               	addwf	??___flmul^0,f,c
  6590   000E3E  0E00               	movlw	0
  6591   000E40  221D               	addwfc	(??___flmul+1)^0,f,c
  6592   000E42  0E82               	movlw	130
  6593   000E44  241C               	addwf	??___flmul^0,w,c
  6594   000E46  6E2B               	movwf	___flmul@temp^0,c
  6595   000E48  0EFF               	movlw	255
  6596   000E4A  201D               	addwfc	(??___flmul+1)^0,w,c
  6597   000E4C  6E2C               	movwf	(___flmul@temp+1)^0,c
  6598   000E4E  EF3E  F007         	goto	l5277
  6599   000E52                     l5271:
  6600   000E52  90D8               	bcf	status,0,c
  6601   000E54  3627               	rlcf	___flmul@prod^0,f,c
  6602   000E56  3628               	rlcf	(___flmul@prod+1)^0,f,c
  6603   000E58  3629               	rlcf	(___flmul@prod+2)^0,f,c
  6604   000E5A  362A               	rlcf	(___flmul@prod+3)^0,f,c
  6605   000E5C  AE25               	btfss	(___flmul@grs+3)^0,7,c
  6606   000E5E  EF33  F007         	goto	u5561
  6607   000E62  EF35  F007         	goto	u5560
  6608   000E66                     u5561:
  6609   000E66  EF36  F007         	goto	l1219
  6610   000E6A                     u5560:
  6611   000E6A  8027               	bsf	___flmul@prod^0,0,c
  6612   000E6C                     l1219:
  6613   000E6C  90D8               	bcf	status,0,c
  6614   000E6E  3622               	rlcf	___flmul@grs^0,f,c
  6615   000E70  3623               	rlcf	(___flmul@grs+1)^0,f,c
  6616   000E72  3624               	rlcf	(___flmul@grs+2)^0,f,c
  6617   000E74  3625               	rlcf	(___flmul@grs+3)^0,f,c
  6618   000E76  062B               	decf	___flmul@temp^0,f,c
  6619   000E78  A0D8               	btfss	status,0,c
  6620   000E7A  062C               	decf	(___flmul@temp+1)^0,f,c
  6621   000E7C                     l5277:
  6622   000E7C  AE29               	btfss	(___flmul@prod+2)^0,7,c
  6623   000E7E  EF43  F007         	goto	u5571
  6624   000E82  EF45  F007         	goto	u5570
  6625   000E86                     u5571:
  6626   000E86  EF29  F007         	goto	l5271
  6627   000E8A                     u5570:
  6628   000E8A  6A21               	clrf	___flmul@aexp^0,c
  6629   000E8C  AE25               	btfss	(___flmul@grs+3)^0,7,c
  6630   000E8E  EF4B  F007         	goto	u5581
  6631   000E92  EF4D  F007         	goto	u5580
  6632   000E96                     u5581:
  6633   000E96  EF71  F007         	goto	l1221
  6634   000E9A                     u5580:
  6635   000E9A  0EFF               	movlw	255
  6636   000E9C  1422               	andwf	___flmul@grs^0,w,c
  6637   000E9E  6E1C               	movwf	??___flmul^0,c
  6638   000EA0  0EFF               	movlw	255
  6639   000EA2  1423               	andwf	(___flmul@grs+1)^0,w,c
  6640   000EA4  6E1D               	movwf	(??___flmul+1)^0,c
  6641   000EA6  0EFF               	movlw	255
  6642   000EA8  1424               	andwf	(___flmul@grs+2)^0,w,c
  6643   000EAA  6E1E               	movwf	(??___flmul+2)^0,c
  6644   000EAC  0E7F               	movlw	127
  6645   000EAE  1425               	andwf	(___flmul@grs+3)^0,w,c
  6646   000EB0  6E1F               	movwf	(??___flmul+3)^0,c
  6647   000EB2  501C               	movf	??___flmul^0,w,c
  6648   000EB4  101D               	iorwf	(??___flmul+1)^0,w,c
  6649   000EB6  101E               	iorwf	(??___flmul+2)^0,w,c
  6650   000EB8  101F               	iorwf	(??___flmul+3)^0,w,c
  6651   000EBA  B4D8               	btfsc	status,2,c
  6652   000EBC  EF62  F007         	goto	u5591
  6653   000EC0  EF64  F007         	goto	u5590
  6654   000EC4                     u5591:
  6655   000EC4  EF68  F007         	goto	l1222
  6656   000EC8                     u5590:
  6657   000EC8                     l5281:
  6658   000EC8  0E01               	movlw	1
  6659   000ECA  6E21               	movwf	___flmul@aexp^0,c
  6660   000ECC  EF71  F007         	goto	l1221
  6661   000ED0                     l1222:
  6662   000ED0  A027               	btfss	___flmul@prod^0,0,c
  6663   000ED2  EF6D  F007         	goto	u5601
  6664   000ED6  EF6F  F007         	goto	u5600
  6665   000EDA                     u5601:
  6666   000EDA  EF71  F007         	goto	l1221
  6667   000EDE                     u5600:
  6668   000EDE  EF64  F007         	goto	l5281
  6669   000EE2                     l1221:
  6670   000EE2  5021               	movf	___flmul@aexp^0,w,c
  6671   000EE4  B4D8               	btfsc	status,2,c
  6672   000EE6  EF77  F007         	goto	u5611
  6673   000EEA  EF79  F007         	goto	u5610
  6674   000EEE                     u5611:
  6675   000EEE  EF9D  F007         	goto	l5293
  6676   000EF2                     u5610:
  6677   000EF2  0E01               	movlw	1
  6678   000EF4  2627               	addwf	___flmul@prod^0,f,c
  6679   000EF6  0E00               	movlw	0
  6680   000EF8  2228               	addwfc	(___flmul@prod+1)^0,f,c
  6681   000EFA  2229               	addwfc	(___flmul@prod+2)^0,f,c
  6682   000EFC  222A               	addwfc	(___flmul@prod+3)^0,f,c
  6683   000EFE  A02A               	btfss	(___flmul@prod+3)^0,0,c
  6684   000F00  EF84  F007         	goto	u5621
  6685   000F04  EF86  F007         	goto	u5620
  6686   000F08                     u5621:
  6687   000F08  EF9D  F007         	goto	l5293
  6688   000F0C                     u5620:
  6689   000F0C  C027  F01C         	movff	___flmul@prod,??___flmul
  6690   000F10  C028  F01D         	movff	___flmul@prod+1,??___flmul+1
  6691   000F14  C029  F01E         	movff	___flmul@prod+2,??___flmul+2
  6692   000F18  C02A  F01F         	movff	___flmul@prod+3,??___flmul+3
  6693   000F1C  341F               	rlcf	(??___flmul+3)^0,w,c
  6694   000F1E  321F               	rrcf	(??___flmul+3)^0,f,c
  6695   000F20  321E               	rrcf	(??___flmul+2)^0,f,c
  6696   000F22  321D               	rrcf	(??___flmul+1)^0,f,c
  6697   000F24  321C               	rrcf	??___flmul^0,f,c
  6698   000F26  C01C  F027         	movff	??___flmul,___flmul@prod
  6699   000F2A  C01D  F028         	movff	??___flmul+1,___flmul@prod+1
  6700   000F2E  C01E  F029         	movff	??___flmul+2,___flmul@prod+2
  6701   000F32  C01F  F02A         	movff	??___flmul+3,___flmul@prod+3
  6702   000F36  4A2B               	infsnz	___flmul@temp^0,f,c
  6703   000F38  2A2C               	incf	(___flmul@temp+1)^0,f,c
  6704   000F3A                     l5293:
  6705   000F3A  BE2C               	btfsc	(___flmul@temp+1)^0,7,c
  6706   000F3C  EFA8  F007         	goto	u5631
  6707   000F40  502C               	movf	(___flmul@temp+1)^0,w,c
  6708   000F42  E108               	bnz	u5630
  6709   000F44  282B               	incf	___flmul@temp^0,w,c
  6710   000F46  A0D8               	btfss	status,0,c
  6711   000F48  EFA8  F007         	goto	u5631
  6712   000F4C  EFAA  F007         	goto	u5630
  6713   000F50                     u5631:
  6714   000F50  EFB4  F007         	goto	l5297
  6715   000F54                     u5630:
  6716   000F54  0E00               	movlw	0
  6717   000F56  6E27               	movwf	___flmul@prod^0,c
  6718   000F58  0E00               	movlw	0
  6719   000F5A  6E28               	movwf	(___flmul@prod+1)^0,c
  6720   000F5C  0E80               	movlw	128
  6721   000F5E  6E29               	movwf	(___flmul@prod+2)^0,c
  6722   000F60  0E7F               	movlw	127
  6723   000F62  6E2A               	movwf	(___flmul@prod+3)^0,c
  6724   000F64  EFE1  F007         	goto	l5311
  6725   000F68                     l5297:
  6726   000F68  BE2C               	btfsc	(___flmul@temp+1)^0,7,c
  6727   000F6A  EFC1  F007         	goto	u5640
  6728   000F6E  502C               	movf	(___flmul@temp+1)^0,w,c
  6729   000F70  E106               	bnz	u5641
  6730   000F72  042B               	decf	___flmul@temp^0,w,c
  6731   000F74  B0D8               	btfsc	status,0,c
  6732   000F76  EFBF  F007         	goto	u5641
  6733   000F7A  EFC1  F007         	goto	u5640
  6734   000F7E                     u5641:
  6735   000F7E  EFCC  F007         	goto	l1229
  6736   000F82                     u5640:
  6737   000F82  0E00               	movlw	0
  6738   000F84  6E27               	movwf	___flmul@prod^0,c
  6739   000F86  0E00               	movlw	0
  6740   000F88  6E28               	movwf	(___flmul@prod+1)^0,c
  6741   000F8A  0E00               	movlw	0
  6742   000F8C  6E29               	movwf	(___flmul@prod+2)^0,c
  6743   000F8E  0E00               	movlw	0
  6744   000F90  6E2A               	movwf	(___flmul@prod+3)^0,c
  6745   000F92  6A20               	clrf	___flmul@sign^0,c
  6746   000F94  EFE1  F007         	goto	l5311
  6747   000F98                     l1229:
  6748   000F98  C02B  F026         	movff	___flmul@temp,___flmul@bexp
  6749   000F9C  0EFF               	movlw	255
  6750   000F9E  1627               	andwf	___flmul@prod^0,f,c
  6751   000FA0  0EFF               	movlw	255
  6752   000FA2  1628               	andwf	(___flmul@prod+1)^0,f,c
  6753   000FA4  0E7F               	movlw	127
  6754   000FA6  1629               	andwf	(___flmul@prod+2)^0,f,c
  6755   000FA8  0E00               	movlw	0
  6756   000FAA  162A               	andwf	(___flmul@prod+3)^0,f,c
  6757   000FAC  A026               	btfss	___flmul@bexp^0,0,c
  6758   000FAE  EFDB  F007         	goto	u5651
  6759   000FB2  EFDD  F007         	goto	u5650
  6760   000FB6                     u5651:
  6761   000FB6  EFDE  F007         	goto	l5309
  6762   000FBA                     u5650:
  6763   000FBA  8E29               	bsf	(___flmul@prod+2)^0,7,c
  6764   000FBC                     l5309:
  6765   000FBC  90D8               	bcf	status,0,c
  6766   000FBE  3026               	rrcf	___flmul@bexp^0,w,c
  6767   000FC0  6E2A               	movwf	(___flmul@prod+3)^0,c
  6768   000FC2                     l5311:
  6769   000FC2  5020               	movf	___flmul@sign^0,w,c
  6770   000FC4  122A               	iorwf	(___flmul@prod+3)^0,f,c
  6771   000FC6  C027  F014         	movff	___flmul@prod,?___flmul
  6772   000FCA  C028  F015         	movff	___flmul@prod+1,?___flmul+1
  6773   000FCE  C029  F016         	movff	___flmul@prod+2,?___flmul+2
  6774   000FD2  C02A  F017         	movff	___flmul@prod+3,?___flmul+3
  6775   000FD6                     l1216:
  6776   000FD6  0012               	return		;funcret
  6777   000FD8                     __end_of___flmul:
  6778                           	callstack 0
  6779                           
  6780 ;; *************** function ___flge *****************
  6781 ;; Defined at:
  6782 ;;		line 4 in file "C:\Program Files\Microchip\xc8\v3.10\pic\sources\c99\common\flge.c"
  6783 ;; Parameters:    Size  Location     Type
  6784 ;;  ff1             4    4[COMRAM] unsigned char 
  6785 ;;  ff2             4    8[COMRAM] unsigned char 
  6786 ;; Auto vars:     Size  Location     Type
  6787 ;;		None
  6788 ;; Return value:  Size  Location     Type
  6789 ;;		None               void
  6790 ;; Registers used:
  6791 ;;		wreg, status,2, status,0
  6792 ;; Tracked objects:
  6793 ;;		On entry : 0/0
  6794 ;;		On exit  : 0/0
  6795 ;;		Unchanged: 0/0
  6796 ;; Data sizes:     COMRAM   BANK0   BANK1   BANK2   BANK3   BANK4   BANK5
  6797 ;;      Params:         8       0       0       0       0       0       0
  6798 ;;      Locals:         0       0       0       0       0       0       0
  6799 ;;      Temps:          4       0       0       0       0       0       0
  6800 ;;      Totals:        12       0       0       0       0       0       0
  6801 ;;Total ram usage:       12 bytes
  6802 ;; Hardware stack levels used: 1
  6803 ;; Hardware stack levels required when called: 2
  6804 ;; This function calls:
  6805 ;;		Nothing
  6806 ;; This function is called by:
  6807 ;;		_DAC_NormalizarSetpoint
  6808 ;;		_Entrada_Guardar
  6809 ;;		_MCP4725_VoltageToCode
  6810 ;; This function uses a non-reentrant model
  6811 ;;
  6812                           
  6813                           	psect	text42
  6814   002018                     __ptext42:
  6815                           	callstack 0
  6816   002018                     ___flge:
  6817                           	callstack 24
  6818   002018  0E00               	movlw	0
  6819   00201A  1406               	andwf	___flge@ff1^0,w,c
  6820   00201C  6E0E               	movwf	??___flge^0,c
  6821   00201E  0E00               	movlw	0
  6822   002020  1407               	andwf	(___flge@ff1+1)^0,w,c
  6823   002022  6E0F               	movwf	(??___flge+1)^0,c
  6824   002024  0E80               	movlw	128
  6825   002026  1408               	andwf	(___flge@ff1+2)^0,w,c
  6826   002028  6E10               	movwf	(??___flge+2)^0,c
  6827   00202A  0E7F               	movlw	127
  6828   00202C  1409               	andwf	(___flge@ff1+3)^0,w,c
  6829   00202E  6E11               	movwf	(??___flge+3)^0,c
  6830   002030  500E               	movf	??___flge^0,w,c
  6831   002032  100F               	iorwf	(??___flge+1)^0,w,c
  6832   002034  1010               	iorwf	(??___flge+2)^0,w,c
  6833   002036  1011               	iorwf	(??___flge+3)^0,w,c
  6834   002038  A4D8               	btfss	status,2,c
  6835   00203A  EF21  F010         	goto	u5661
  6836   00203E  EF23  F010         	goto	u5660
  6837   002042                     u5661:
  6838   002042  EF2B  F010         	goto	l5321
  6839   002046                     u5660:
  6840   002046  0E00               	movlw	0
  6841   002048  6E06               	movwf	___flge@ff1^0,c
  6842   00204A  0E00               	movlw	0
  6843   00204C  6E07               	movwf	(___flge@ff1+1)^0,c
  6844   00204E  0E00               	movlw	0
  6845   002050  6E08               	movwf	(___flge@ff1+2)^0,c
  6846   002052  0E00               	movlw	0
  6847   002054  6E09               	movwf	(___flge@ff1+3)^0,c
  6848   002056                     l5321:
  6849   002056  0E00               	movlw	0
  6850   002058  140A               	andwf	___flge@ff2^0,w,c
  6851   00205A  6E0E               	movwf	??___flge^0,c
  6852   00205C  0E00               	movlw	0
  6853   00205E  140B               	andwf	(___flge@ff2+1)^0,w,c
  6854   002060  6E0F               	movwf	(??___flge+1)^0,c
  6855   002062  0E80               	movlw	128
  6856   002064  140C               	andwf	(___flge@ff2+2)^0,w,c
  6857   002066  6E10               	movwf	(??___flge+2)^0,c
  6858   002068  0E7F               	movlw	127
  6859   00206A  140D               	andwf	(___flge@ff2+3)^0,w,c
  6860   00206C  6E11               	movwf	(??___flge+3)^0,c
  6861   00206E  500E               	movf	??___flge^0,w,c
  6862   002070  100F               	iorwf	(??___flge+1)^0,w,c
  6863   002072  1010               	iorwf	(??___flge+2)^0,w,c
  6864   002074  1011               	iorwf	(??___flge+3)^0,w,c
  6865   002076  A4D8               	btfss	status,2,c
  6866   002078  EF40  F010         	goto	u5671
  6867   00207C  EF42  F010         	goto	u5670
  6868   002080                     u5671:
  6869   002080  EF4A  F010         	goto	l5325
  6870   002084                     u5670:
  6871   002084  0E00               	movlw	0
  6872   002086  6E0A               	movwf	___flge@ff2^0,c
  6873   002088  0E00               	movlw	0
  6874   00208A  6E0B               	movwf	(___flge@ff2+1)^0,c
  6875   00208C  0E00               	movlw	0
  6876   00208E  6E0C               	movwf	(___flge@ff2+2)^0,c
  6877   002090  0E00               	movlw	0
  6878   002092  6E0D               	movwf	(___flge@ff2+3)^0,c
  6879   002094                     l5325:
  6880   002094  AE09               	btfss	(___flge@ff1+3)^0,7,c
  6881   002096  EF4F  F010         	goto	u5681
  6882   00209A  EF51  F010         	goto	u5680
  6883   00209E                     u5681:
  6884   00209E  EF5A  F010         	goto	l5329
  6885   0020A2                     u5680:
  6886   0020A2  6C06               	negf	___flge@ff1^0,c
  6887   0020A4  1E07               	comf	(___flge@ff1+1)^0,f,c
  6888   0020A6  B0D8               	btfsc	status,0,c
  6889   0020A8  2A07               	incf	(___flge@ff1+1)^0,f,c
  6890   0020AA  1E08               	comf	(___flge@ff1+2)^0,f,c
  6891   0020AC  B0D8               	btfsc	status,0,c
  6892   0020AE  2A08               	incf	(___flge@ff1+2)^0,f,c
  6893   0020B0  0E80               	movlw	128
  6894   0020B2  5609               	subfwb	(___flge@ff1+3)^0,f,c
  6895   0020B4                     l5329:
  6896   0020B4  AE0D               	btfss	(___flge@ff2+3)^0,7,c
  6897   0020B6  EF5F  F010         	goto	u5691
  6898   0020BA  EF61  F010         	goto	u5690
  6899   0020BE                     u5691:
  6900   0020BE  EF6A  F010         	goto	l863
  6901   0020C2                     u5690:
  6902   0020C2  6C0A               	negf	___flge@ff2^0,c
  6903   0020C4  1E0B               	comf	(___flge@ff2+1)^0,f,c
  6904   0020C6  B0D8               	btfsc	status,0,c
  6905   0020C8  2A0B               	incf	(___flge@ff2+1)^0,f,c
  6906   0020CA  1E0C               	comf	(___flge@ff2+2)^0,f,c
  6907   0020CC  B0D8               	btfsc	status,0,c
  6908   0020CE  2A0C               	incf	(___flge@ff2+2)^0,f,c
  6909   0020D0  0E80               	movlw	128
  6910   0020D2  560D               	subfwb	(___flge@ff2+3)^0,f,c
  6911   0020D4                     l863:
  6912   0020D4  0E00               	movlw	0
  6913   0020D6  1A06               	xorwf	___flge@ff1^0,f,c
  6914   0020D8  0E00               	movlw	0
  6915   0020DA  1A07               	xorwf	(___flge@ff1+1)^0,f,c
  6916   0020DC  0E00               	movlw	0
  6917   0020DE  1A08               	xorwf	(___flge@ff1+2)^0,f,c
  6918   0020E0  0E80               	movlw	128
  6919   0020E2  1A09               	xorwf	(___flge@ff1+3)^0,f,c
  6920   0020E4  0E00               	movlw	0
  6921   0020E6  1A0A               	xorwf	___flge@ff2^0,f,c
  6922   0020E8  0E00               	movlw	0
  6923   0020EA  1A0B               	xorwf	(___flge@ff2+1)^0,f,c
  6924   0020EC  0E00               	movlw	0
  6925   0020EE  1A0C               	xorwf	(___flge@ff2+2)^0,f,c
  6926   0020F0  0E80               	movlw	128
  6927   0020F2  1A0D               	xorwf	(___flge@ff2+3)^0,f,c
  6928   0020F4  500A               	movf	___flge@ff2^0,w,c
  6929   0020F6  5C06               	subwf	___flge@ff1^0,w,c
  6930   0020F8  500B               	movf	(___flge@ff2+1)^0,w,c
  6931   0020FA  5807               	subwfb	(___flge@ff1+1)^0,w,c
  6932   0020FC  500C               	movf	(___flge@ff2+2)^0,w,c
  6933   0020FE  5808               	subwfb	(___flge@ff1+2)^0,w,c
  6934   002100  500D               	movf	(___flge@ff2+3)^0,w,c
  6935   002102  5809               	subwfb	(___flge@ff1+3)^0,w,c
  6936   002104  B0D8               	btfsc	status,0,c
  6937   002106  EF87  F010         	goto	u5701
  6938   00210A  EF89  F010         	goto	u5700
  6939   00210E                     u5701:
  6940   00210E  EF8C  F010         	goto	l5335
  6941   002112                     u5700:
  6942   002112  90D8               	bcf	status,0,c
  6943   002114  EF8D  F010         	goto	l868
  6944   002118                     l5335:
  6945   002118  80D8               	bsf	status,0,c
  6946   00211A                     l868:
  6947   00211A  0012               	return		;funcret
  6948   00211C                     __end_of___flge:
  6949                           	callstack 0
  6950                           
  6951 ;; *************** function ___fldiv *****************
  6952 ;; Defined at:
  6953 ;;		line 11 in file "C:\Program Files\Microchip\xc8\v3.10\pic\sources\c99\common\sprcdiv.c"
  6954 ;; Parameters:    Size  Location     Type
  6955 ;;  b               4   43[COMRAM] unsigned char 
  6956 ;;  a               4   47[COMRAM] unsigned char 
  6957 ;; Auto vars:     Size  Location     Type
  6958 ;;  grs             4   62[COMRAM] unsigned long 
  6959 ;;  rem             4   55[COMRAM] unsigned long 
  6960 ;;  new_exp         2   60[COMRAM] short 
  6961 ;;  aexp            1   67[COMRAM] unsigned char 
  6962 ;;  bexp            1   66[COMRAM] unsigned char 
  6963 ;;  sign            1   59[COMRAM] unsigned char 
  6964 ;; Return value:  Size  Location     Type
  6965 ;;                  4   43[COMRAM] unsigned char 
  6966 ;; Registers used:
  6967 ;;		wreg, status,2, status,0
  6968 ;; Tracked objects:
  6969 ;;		On entry : 0/0
  6970 ;;		On exit  : 0/0
  6971 ;;		Unchanged: 0/0
  6972 ;; Data sizes:     COMRAM   BANK0   BANK1   BANK2   BANK3   BANK4   BANK5
  6973 ;;      Params:         8       0       0       0       0       0       0
  6974 ;;      Locals:        13       0       0       0       0       0       0
  6975 ;;      Temps:          4       0       0       0       0       0       0
  6976 ;;      Totals:        25       0       0       0       0       0       0
  6977 ;;Total ram usage:       25 bytes
  6978 ;; Hardware stack levels used: 1
  6979 ;; Hardware stack levels required when called: 2
  6980 ;; This function calls:
  6981 ;;		Nothing
  6982 ;; This function is called by:
  6983 ;;		_DAC_NormalizarSetpoint
  6984 ;;		_MCP4725_VoltageToCode
  6985 ;; This function uses a non-reentrant model
  6986 ;;
  6987                           
  6988                           	psect	text43
  6989   000FD8                     __ptext43:
  6990                           	callstack 0
  6991   000FD8                     ___fldiv:
  6992                           	callstack 24
  6993   000FD8  5030               	movf	(___fldiv@b+3)^0,w,c
  6994   000FDA  0B80               	andlw	128
  6995   000FDC  6E3D               	movwf	___fldiv@sign^0,c
  6996   000FDE  5030               	movf	(___fldiv@b+3)^0,w,c
  6997   000FE0  2430               	addwf	(___fldiv@b+3)^0,w,c
  6998   000FE2  6E44               	movwf	___fldiv@bexp^0,c
  6999   000FE4  AE2F               	btfss	(___fldiv@b+2)^0,7,c
  7000   000FE6  EFF7  F007         	goto	u5241
  7001   000FEA  EFF9  F007         	goto	u5240
  7002   000FEE                     u5241:
  7003   000FEE  EFFA  F007         	goto	l5059
  7004   000FF2                     u5240:
  7005   000FF2  8044               	bsf	___fldiv@bexp^0,0,c
  7006   000FF4                     l5059:
  7007   000FF4  5044               	movf	___fldiv@bexp^0,w,c
  7008   000FF6  B4D8               	btfsc	status,2,c
  7009   000FF8  EF00  F008         	goto	u5251
  7010   000FFC  EF02  F008         	goto	u5250
  7011   001000                     u5251:
  7012   001000  EF16  F008         	goto	l5069
  7013   001004                     u5250:
  7014   001004  2844               	incf	___fldiv@bexp^0,w,c
  7015   001006  A4D8               	btfss	status,2,c
  7016   001008  EF08  F008         	goto	u5261
  7017   00100C  EF0A  F008         	goto	u5260
  7018   001010                     u5261:
  7019   001010  EF12  F008         	goto	l5065
  7020   001014                     u5260:
  7021   001014  0E00               	movlw	0
  7022   001016  6E2D               	movwf	___fldiv@b^0,c
  7023   001018  0E00               	movlw	0
  7024   00101A  6E2E               	movwf	(___fldiv@b+1)^0,c
  7025   00101C  0E00               	movlw	0
  7026   00101E  6E2F               	movwf	(___fldiv@b+2)^0,c
  7027   001020  0E00               	movlw	0
  7028   001022  6E30               	movwf	(___fldiv@b+3)^0,c
  7029   001024                     l5065:
  7030   001024  8E2F               	bsf	(___fldiv@b+2)^0,7,c
  7031   001026  6A30               	clrf	(___fldiv@b+3)^0,c
  7032   001028  EF1E  F008         	goto	l5071
  7033   00102C                     l5069:
  7034   00102C  0E00               	movlw	0
  7035   00102E  6E2D               	movwf	___fldiv@b^0,c
  7036   001030  0E00               	movlw	0
  7037   001032  6E2E               	movwf	(___fldiv@b+1)^0,c
  7038   001034  0E00               	movlw	0
  7039   001036  6E2F               	movwf	(___fldiv@b+2)^0,c
  7040   001038  0E00               	movlw	0
  7041   00103A  6E30               	movwf	(___fldiv@b+3)^0,c
  7042   00103C                     l5071:
  7043   00103C  5034               	movf	(___fldiv@a+3)^0,w,c
  7044   00103E  0B80               	andlw	128
  7045   001040  1A3D               	xorwf	___fldiv@sign^0,f,c
  7046   001042  5034               	movf	(___fldiv@a+3)^0,w,c
  7047   001044  2434               	addwf	(___fldiv@a+3)^0,w,c
  7048   001046  6E45               	movwf	___fldiv@aexp^0,c
  7049   001048  AE33               	btfss	(___fldiv@a+2)^0,7,c
  7050   00104A  EF29  F008         	goto	u5271
  7051   00104E  EF2B  F008         	goto	u5270
  7052   001052                     u5271:
  7053   001052  EF2C  F008         	goto	l5079
  7054   001056                     u5270:
  7055   001056  8045               	bsf	___fldiv@aexp^0,0,c
  7056   001058                     l5079:
  7057   001058  5045               	movf	___fldiv@aexp^0,w,c
  7058   00105A  B4D8               	btfsc	status,2,c
  7059   00105C  EF32  F008         	goto	u5281
  7060   001060  EF34  F008         	goto	u5280
  7061   001064                     u5281:
  7062   001064  EF48  F008         	goto	l5089
  7063   001068                     u5280:
  7064   001068  2845               	incf	___fldiv@aexp^0,w,c
  7065   00106A  A4D8               	btfss	status,2,c
  7066   00106C  EF3A  F008         	goto	u5291
  7067   001070  EF3C  F008         	goto	u5290
  7068   001074                     u5291:
  7069   001074  EF44  F008         	goto	l5085
  7070   001078                     u5290:
  7071   001078  0E00               	movlw	0
  7072   00107A  6E31               	movwf	___fldiv@a^0,c
  7073   00107C  0E00               	movlw	0
  7074   00107E  6E32               	movwf	(___fldiv@a+1)^0,c
  7075   001080  0E00               	movlw	0
  7076   001082  6E33               	movwf	(___fldiv@a+2)^0,c
  7077   001084  0E00               	movlw	0
  7078   001086  6E34               	movwf	(___fldiv@a+3)^0,c
  7079   001088                     l5085:
  7080   001088  8E33               	bsf	(___fldiv@a+2)^0,7,c
  7081   00108A  6A34               	clrf	(___fldiv@a+3)^0,c
  7082   00108C  EF50  F008         	goto	l5091
  7083   001090                     l5089:
  7084   001090  0E00               	movlw	0
  7085   001092  6E31               	movwf	___fldiv@a^0,c
  7086   001094  0E00               	movlw	0
  7087   001096  6E32               	movwf	(___fldiv@a+1)^0,c
  7088   001098  0E00               	movlw	0
  7089   00109A  6E33               	movwf	(___fldiv@a+2)^0,c
  7090   00109C  0E00               	movlw	0
  7091   00109E  6E34               	movwf	(___fldiv@a+3)^0,c
  7092   0010A0                     l5091:
  7093   0010A0  5031               	movf	___fldiv@a^0,w,c
  7094   0010A2  1032               	iorwf	(___fldiv@a+1)^0,w,c
  7095   0010A4  1033               	iorwf	(___fldiv@a+2)^0,w,c
  7096   0010A6  1034               	iorwf	(___fldiv@a+3)^0,w,c
  7097   0010A8  A4D8               	btfss	status,2,c
  7098   0010AA  EF59  F008         	goto	u5301
  7099   0010AE  EF5B  F008         	goto	u5300
  7100   0010B2                     u5301:
  7101   0010B2  EF73  F008         	goto	l5103
  7102   0010B6                     u5300:
  7103   0010B6  0E00               	movlw	0
  7104   0010B8  6E2D               	movwf	___fldiv@b^0,c
  7105   0010BA  0E00               	movlw	0
  7106   0010BC  6E2E               	movwf	(___fldiv@b+1)^0,c
  7107   0010BE  0E00               	movlw	0
  7108   0010C0  6E2F               	movwf	(___fldiv@b+2)^0,c
  7109   0010C2  0E00               	movlw	0
  7110   0010C4  6E30               	movwf	(___fldiv@b+3)^0,c
  7111   0010C6  0E80               	movlw	128
  7112   0010C8  122F               	iorwf	(___fldiv@b+2)^0,f,c
  7113   0010CA  0E7F               	movlw	127
  7114   0010CC  1230               	iorwf	(___fldiv@b+3)^0,f,c
  7115   0010CE                     l5097:
  7116   0010CE  503D               	movf	___fldiv@sign^0,w,c
  7117   0010D0  1230               	iorwf	(___fldiv@b+3)^0,f,c
  7118   0010D2  C02D  F02D         	movff	___fldiv@b,?___fldiv
  7119   0010D6  C02E  F02E         	movff	___fldiv@b+1,?___fldiv+1
  7120   0010DA  C02F  F02F         	movff	___fldiv@b+2,?___fldiv+2
  7121   0010DE  C030  F030         	movff	___fldiv@b+3,?___fldiv+3
  7122   0010E2  EFB2  F009         	goto	l1180
  7123   0010E6                     l5103:
  7124   0010E6  5044               	movf	___fldiv@bexp^0,w,c
  7125   0010E8  A4D8               	btfss	status,2,c
  7126   0010EA  EF79  F008         	goto	u5311
  7127   0010EE  EF7B  F008         	goto	u5310
  7128   0010F2                     u5311:
  7129   0010F2  EF85  F008         	goto	l5111
  7130   0010F6                     u5310:
  7131   0010F6  0E00               	movlw	0
  7132   0010F8  6E2D               	movwf	?___fldiv^0,c
  7133   0010FA  0E00               	movlw	0
  7134   0010FC  6E2E               	movwf	(?___fldiv+1)^0,c
  7135   0010FE  0E00               	movlw	0
  7136   001100  6E2F               	movwf	(?___fldiv+2)^0,c
  7137   001102  0E00               	movlw	0
  7138   001104  6E30               	movwf	(?___fldiv+3)^0,c
  7139   001106  EFB2  F009         	goto	l1180
  7140   00110A                     l5111:
  7141   00110A  5045               	movf	___fldiv@aexp^0,w,c
  7142   00110C  C044  F035         	movff	___fldiv@bexp,??___fldiv
  7143   001110  6A36               	clrf	(??___fldiv+1)^0,c
  7144   001112  5E35               	subwf	??___fldiv^0,f,c
  7145   001114  0E00               	movlw	0
  7146   001116  5A36               	subwfb	(??___fldiv+1)^0,f,c
  7147   001118  0E7F               	movlw	127
  7148   00111A  2435               	addwf	??___fldiv^0,w,c
  7149   00111C  6E3E               	movwf	___fldiv@new_exp^0,c
  7150   00111E  0E00               	movlw	0
  7151   001120  2036               	addwfc	(??___fldiv+1)^0,w,c
  7152   001122  6E3F               	movwf	(___fldiv@new_exp+1)^0,c
  7153   001124  C02D  F039         	movff	___fldiv@b,___fldiv@rem
  7154   001128  C02E  F03A         	movff	___fldiv@b+1,___fldiv@rem+1
  7155   00112C  C02F  F03B         	movff	___fldiv@b+2,___fldiv@rem+2
  7156   001130  C030  F03C         	movff	___fldiv@b+3,___fldiv@rem+3
  7157   001134  0E00               	movlw	0
  7158   001136  6E2D               	movwf	___fldiv@b^0,c
  7159   001138  0E00               	movlw	0
  7160   00113A  6E2E               	movwf	(___fldiv@b+1)^0,c
  7161   00113C  0E00               	movlw	0
  7162   00113E  6E2F               	movwf	(___fldiv@b+2)^0,c
  7163   001140  0E00               	movlw	0
  7164   001142  6E30               	movwf	(___fldiv@b+3)^0,c
  7165   001144  0E00               	movlw	0
  7166   001146  6E40               	movwf	___fldiv@grs^0,c
  7167   001148  0E00               	movlw	0
  7168   00114A  6E41               	movwf	(___fldiv@grs+1)^0,c
  7169   00114C  0E00               	movlw	0
  7170   00114E  6E42               	movwf	(___fldiv@grs+2)^0,c
  7171   001150  0E00               	movlw	0
  7172   001152  6E43               	movwf	(___fldiv@grs+3)^0,c
  7173   001154  6A45               	clrf	___fldiv@aexp^0,c
  7174   001156  EFE5  F008         	goto	l1182
  7175   00115A                     l5121:
  7176   00115A  5045               	movf	___fldiv@aexp^0,w,c
  7177   00115C  B4D8               	btfsc	status,2,c
  7178   00115E  EFB3  F008         	goto	u5321
  7179   001162  EFB5  F008         	goto	u5320
  7180   001166                     u5321:
  7181   001166  EFCC  F008         	goto	l5129
  7182   00116A                     u5320:
  7183   00116A  90D8               	bcf	status,0,c
  7184   00116C  3639               	rlcf	___fldiv@rem^0,f,c
  7185   00116E  363A               	rlcf	(___fldiv@rem+1)^0,f,c
  7186   001170  363B               	rlcf	(___fldiv@rem+2)^0,f,c
  7187   001172  363C               	rlcf	(___fldiv@rem+3)^0,f,c
  7188   001174  90D8               	bcf	status,0,c
  7189   001176  362D               	rlcf	___fldiv@b^0,f,c
  7190   001178  362E               	rlcf	(___fldiv@b+1)^0,f,c
  7191   00117A  362F               	rlcf	(___fldiv@b+2)^0,f,c
  7192   00117C  3630               	rlcf	(___fldiv@b+3)^0,f,c
  7193   00117E  AE43               	btfss	(___fldiv@grs+3)^0,7,c
  7194   001180  EFC4  F008         	goto	u5331
  7195   001184  EFC6  F008         	goto	u5330
  7196   001188                     u5331:
  7197   001188  EFC7  F008         	goto	l1185
  7198   00118C                     u5330:
  7199   00118C  802D               	bsf	___fldiv@b^0,0,c
  7200   00118E                     l1185:
  7201   00118E  90D8               	bcf	status,0,c
  7202   001190  3640               	rlcf	___fldiv@grs^0,f,c
  7203   001192  3641               	rlcf	(___fldiv@grs+1)^0,f,c
  7204   001194  3642               	rlcf	(___fldiv@grs+2)^0,f,c
  7205   001196  3643               	rlcf	(___fldiv@grs+3)^0,f,c
  7206   001198                     l5129:
  7207   001198  5031               	movf	___fldiv@a^0,w,c
  7208   00119A  5C39               	subwf	___fldiv@rem^0,w,c
  7209   00119C  5032               	movf	(___fldiv@a+1)^0,w,c
  7210   00119E  583A               	subwfb	(___fldiv@rem+1)^0,w,c
  7211   0011A0  5033               	movf	(___fldiv@a+2)^0,w,c
  7212   0011A2  583B               	subwfb	(___fldiv@rem+2)^0,w,c
  7213   0011A4  5034               	movf	(___fldiv@a+3)^0,w,c
  7214   0011A6  583C               	subwfb	(___fldiv@rem+3)^0,w,c
  7215   0011A8  A0D8               	btfss	status,0,c
  7216   0011AA  EFD9  F008         	goto	u5341
  7217   0011AE  EFDB  F008         	goto	u5340
  7218   0011B2                     u5341:
  7219   0011B2  EFE4  F008         	goto	l5135
  7220   0011B6                     u5340:
  7221   0011B6  8C43               	bsf	(___fldiv@grs+3)^0,6,c
  7222   0011B8  5031               	movf	___fldiv@a^0,w,c
  7223   0011BA  5E39               	subwf	___fldiv@rem^0,f,c
  7224   0011BC  5032               	movf	(___fldiv@a+1)^0,w,c
  7225   0011BE  5A3A               	subwfb	(___fldiv@rem+1)^0,f,c
  7226   0011C0  5033               	movf	(___fldiv@a+2)^0,w,c
  7227   0011C2  5A3B               	subwfb	(___fldiv@rem+2)^0,f,c
  7228   0011C4  5034               	movf	(___fldiv@a+3)^0,w,c
  7229   0011C6  5A3C               	subwfb	(___fldiv@rem+3)^0,f,c
  7230   0011C8                     l5135:
  7231   0011C8  2A45               	incf	___fldiv@aexp^0,f,c
  7232   0011CA                     l1182:
  7233   0011CA  0E19               	movlw	25
  7234   0011CC  6445               	cpfsgt	___fldiv@aexp^0,c
  7235   0011CE  EFEB  F008         	goto	u5351
  7236   0011D2  EFED  F008         	goto	u5350
  7237   0011D6                     u5351:
  7238   0011D6  EFAD  F008         	goto	l5121
  7239   0011DA                     u5350:
  7240   0011DA  5039               	movf	___fldiv@rem^0,w,c
  7241   0011DC  103A               	iorwf	(___fldiv@rem+1)^0,w,c
  7242   0011DE  103B               	iorwf	(___fldiv@rem+2)^0,w,c
  7243   0011E0  103C               	iorwf	(___fldiv@rem+3)^0,w,c
  7244   0011E2  B4D8               	btfsc	status,2,c
  7245   0011E4  EFF6  F008         	goto	u5361
  7246   0011E8  EFF8  F008         	goto	u5360
  7247   0011EC                     u5361:
  7248   0011EC  EF10  F009         	goto	l5147
  7249   0011F0                     u5360:
  7250   0011F0  8040               	bsf	___fldiv@grs^0,0,c
  7251   0011F2  EF10  F009         	goto	l5147
  7252   0011F6                     l5141:
  7253   0011F6  90D8               	bcf	status,0,c
  7254   0011F8  362D               	rlcf	___fldiv@b^0,f,c
  7255   0011FA  362E               	rlcf	(___fldiv@b+1)^0,f,c
  7256   0011FC  362F               	rlcf	(___fldiv@b+2)^0,f,c
  7257   0011FE  3630               	rlcf	(___fldiv@b+3)^0,f,c
  7258   001200  AE43               	btfss	(___fldiv@grs+3)^0,7,c
  7259   001202  EF05  F009         	goto	u5371
  7260   001206  EF07  F009         	goto	u5370
  7261   00120A                     u5371:
  7262   00120A  EF08  F009         	goto	l1191
  7263   00120E                     u5370:
  7264   00120E  802D               	bsf	___fldiv@b^0,0,c
  7265   001210                     l1191:
  7266   001210  90D8               	bcf	status,0,c
  7267   001212  3640               	rlcf	___fldiv@grs^0,f,c
  7268   001214  3641               	rlcf	(___fldiv@grs+1)^0,f,c
  7269   001216  3642               	rlcf	(___fldiv@grs+2)^0,f,c
  7270   001218  3643               	rlcf	(___fldiv@grs+3)^0,f,c
  7271   00121A  063E               	decf	___fldiv@new_exp^0,f,c
  7272   00121C  A0D8               	btfss	status,0,c
  7273   00121E  063F               	decf	(___fldiv@new_exp+1)^0,f,c
  7274   001220                     l5147:
  7275   001220  AE2F               	btfss	(___fldiv@b+2)^0,7,c
  7276   001222  EF15  F009         	goto	u5381
  7277   001226  EF17  F009         	goto	u5380
  7278   00122A                     u5381:
  7279   00122A  EFFB  F008         	goto	l5141
  7280   00122E                     u5380:
  7281   00122E  6A45               	clrf	___fldiv@aexp^0,c
  7282   001230  AE43               	btfss	(___fldiv@grs+3)^0,7,c
  7283   001232  EF1D  F009         	goto	u5391
  7284   001236  EF1F  F009         	goto	u5390
  7285   00123A                     u5391:
  7286   00123A  EF43  F009         	goto	l1193
  7287   00123E                     u5390:
  7288   00123E  0EFF               	movlw	255
  7289   001240  1440               	andwf	___fldiv@grs^0,w,c
  7290   001242  6E35               	movwf	??___fldiv^0,c
  7291   001244  0EFF               	movlw	255
  7292   001246  1441               	andwf	(___fldiv@grs+1)^0,w,c
  7293   001248  6E36               	movwf	(??___fldiv+1)^0,c
  7294   00124A  0EFF               	movlw	255
  7295   00124C  1442               	andwf	(___fldiv@grs+2)^0,w,c
  7296   00124E  6E37               	movwf	(??___fldiv+2)^0,c
  7297   001250  0E7F               	movlw	127
  7298   001252  1443               	andwf	(___fldiv@grs+3)^0,w,c
  7299   001254  6E38               	movwf	(??___fldiv+3)^0,c
  7300   001256  5035               	movf	??___fldiv^0,w,c
  7301   001258  1036               	iorwf	(??___fldiv+1)^0,w,c
  7302   00125A  1037               	iorwf	(??___fldiv+2)^0,w,c
  7303   00125C  1038               	iorwf	(??___fldiv+3)^0,w,c
  7304   00125E  B4D8               	btfsc	status,2,c
  7305   001260  EF34  F009         	goto	u5401
  7306   001264  EF36  F009         	goto	u5400
  7307   001268                     u5401:
  7308   001268  EF3A  F009         	goto	l1194
  7309   00126C                     u5400:
  7310   00126C                     l5151:
  7311   00126C  0E01               	movlw	1
  7312   00126E  6E45               	movwf	___fldiv@aexp^0,c
  7313   001270  EF43  F009         	goto	l1193
  7314   001274                     l1194:
  7315   001274  A02D               	btfss	___fldiv@b^0,0,c
  7316   001276  EF3F  F009         	goto	u5411
  7317   00127A  EF41  F009         	goto	u5410
  7318   00127E                     u5411:
  7319   00127E  EF43  F009         	goto	l1193
  7320   001282                     u5410:
  7321   001282  EF36  F009         	goto	l5151
  7322   001286                     l1193:
  7323   001286  5045               	movf	___fldiv@aexp^0,w,c
  7324   001288  B4D8               	btfsc	status,2,c
  7325   00128A  EF49  F009         	goto	u5421
  7326   00128E  EF4B  F009         	goto	u5420
  7327   001292                     u5421:
  7328   001292  EF6F  F009         	goto	l5163
  7329   001296                     u5420:
  7330   001296  0E01               	movlw	1
  7331   001298  262D               	addwf	___fldiv@b^0,f,c
  7332   00129A  0E00               	movlw	0
  7333   00129C  222E               	addwfc	(___fldiv@b+1)^0,f,c
  7334   00129E  222F               	addwfc	(___fldiv@b+2)^0,f,c
  7335   0012A0  2230               	addwfc	(___fldiv@b+3)^0,f,c
  7336   0012A2  A030               	btfss	(___fldiv@b+3)^0,0,c
  7337   0012A4  EF56  F009         	goto	u5431
  7338   0012A8  EF58  F009         	goto	u5430
  7339   0012AC                     u5431:
  7340   0012AC  EF6F  F009         	goto	l5163
  7341   0012B0                     u5430:
  7342   0012B0  C02D  F035         	movff	___fldiv@b,??___fldiv
  7343   0012B4  C02E  F036         	movff	___fldiv@b+1,??___fldiv+1
  7344   0012B8  C02F  F037         	movff	___fldiv@b+2,??___fldiv+2
  7345   0012BC  C030  F038         	movff	___fldiv@b+3,??___fldiv+3
  7346   0012C0  3438               	rlcf	(??___fldiv+3)^0,w,c
  7347   0012C2  3238               	rrcf	(??___fldiv+3)^0,f,c
  7348   0012C4  3237               	rrcf	(??___fldiv+2)^0,f,c
  7349   0012C6  3236               	rrcf	(??___fldiv+1)^0,f,c
  7350   0012C8  3235               	rrcf	??___fldiv^0,f,c
  7351   0012CA  C035  F02D         	movff	??___fldiv,___fldiv@b
  7352   0012CE  C036  F02E         	movff	??___fldiv+1,___fldiv@b+1
  7353   0012D2  C037  F02F         	movff	??___fldiv+2,___fldiv@b+2
  7354   0012D6  C038  F030         	movff	??___fldiv+3,___fldiv@b+3
  7355   0012DA  4A3E               	infsnz	___fldiv@new_exp^0,f,c
  7356   0012DC  2A3F               	incf	(___fldiv@new_exp+1)^0,f,c
  7357   0012DE                     l5163:
  7358   0012DE  BE3F               	btfsc	(___fldiv@new_exp+1)^0,7,c
  7359   0012E0  EF7A  F009         	goto	u5441
  7360   0012E4  503F               	movf	(___fldiv@new_exp+1)^0,w,c
  7361   0012E6  E108               	bnz	u5440
  7362   0012E8  283E               	incf	___fldiv@new_exp^0,w,c
  7363   0012EA  A0D8               	btfss	status,0,c
  7364   0012EC  EF7A  F009         	goto	u5441
  7365   0012F0  EF7C  F009         	goto	u5440
  7366   0012F4                     u5441:
  7367   0012F4  EF87  F009         	goto	l5167
  7368   0012F8                     u5440:
  7369   0012F8  0E00               	movlw	0
  7370   0012FA  6E3F               	movwf	(___fldiv@new_exp+1)^0,c
  7371   0012FC  683E               	setf	___fldiv@new_exp^0,c
  7372   0012FE  0E00               	movlw	0
  7373   001300  6E2D               	movwf	___fldiv@b^0,c
  7374   001302  0E00               	movlw	0
  7375   001304  6E2E               	movwf	(___fldiv@b+1)^0,c
  7376   001306  0E00               	movlw	0
  7377   001308  6E2F               	movwf	(___fldiv@b+2)^0,c
  7378   00130A  0E00               	movlw	0
  7379   00130C  6E30               	movwf	(___fldiv@b+3)^0,c
  7380   00130E                     l5167:
  7381   00130E  BE3F               	btfsc	(___fldiv@new_exp+1)^0,7,c
  7382   001310  EF94  F009         	goto	u5450
  7383   001314  503F               	movf	(___fldiv@new_exp+1)^0,w,c
  7384   001316  E106               	bnz	u5451
  7385   001318  043E               	decf	___fldiv@new_exp^0,w,c
  7386   00131A  B0D8               	btfsc	status,0,c
  7387   00131C  EF92  F009         	goto	u5451
  7388   001320  EF94  F009         	goto	u5450
  7389   001324                     u5451:
  7390   001324  EFA0  F009         	goto	l5173
  7391   001328                     u5450:
  7392   001328  6A3F               	clrf	(___fldiv@new_exp+1)^0,c
  7393   00132A  0E00               	movlw	0
  7394   00132C  6E3E               	movwf	___fldiv@new_exp^0,c
  7395   00132E  0E00               	movlw	0
  7396   001330  6E2D               	movwf	___fldiv@b^0,c
  7397   001332  0E00               	movlw	0
  7398   001334  6E2E               	movwf	(___fldiv@b+1)^0,c
  7399   001336  0E00               	movlw	0
  7400   001338  6E2F               	movwf	(___fldiv@b+2)^0,c
  7401   00133A  0E00               	movlw	0
  7402   00133C  6E30               	movwf	(___fldiv@b+3)^0,c
  7403   00133E  6A3D               	clrf	___fldiv@sign^0,c
  7404   001340                     l5173:
  7405   001340  C03E  F044         	movff	___fldiv@new_exp,___fldiv@bexp
  7406   001344  A044               	btfss	___fldiv@bexp^0,0,c
  7407   001346  EFA7  F009         	goto	u5461
  7408   00134A  EFA9  F009         	goto	u5460
  7409   00134E                     u5461:
  7410   00134E  EFAC  F009         	goto	l5179
  7411   001352                     u5460:
  7412   001352  8E2F               	bsf	(___fldiv@b+2)^0,7,c
  7413   001354  EFAD  F009         	goto	l5181
  7414   001358                     l5179:
  7415   001358  9E2F               	bcf	(___fldiv@b+2)^0,7,c
  7416   00135A                     l5181:
  7417   00135A  90D8               	bcf	status,0,c
  7418   00135C  3044               	rrcf	___fldiv@bexp^0,w,c
  7419   00135E  6E30               	movwf	(___fldiv@b+3)^0,c
  7420   001360  EF67  F008         	goto	l5097
  7421   001364                     l1180:
  7422   001364  0012               	return		;funcret
  7423   001366                     __end_of___fldiv:
  7424                           	callstack 0
  7425                           
  7426 ;; *************** function ___fladd *****************
  7427 ;; Defined at:
  7428 ;;		line 10 in file "C:\Program Files\Microchip\xc8\v3.10\pic\sources\c99\common\sprcadd.c"
  7429 ;; Parameters:    Size  Location     Type
  7430 ;;  b               4   43[COMRAM] unsigned char 
  7431 ;;  a               4   47[COMRAM] unsigned char 
  7432 ;; Auto vars:     Size  Location     Type
  7433 ;;  grs             1   58[COMRAM] unsigned char 
  7434 ;;  bexp            1   57[COMRAM] unsigned char 
  7435 ;;  aexp            1   56[COMRAM] unsigned char 
  7436 ;;  signs           1   55[COMRAM] unsigned char 
  7437 ;; Return value:  Size  Location     Type
  7438 ;;                  4   43[COMRAM] unsigned char 
  7439 ;; Registers used:
  7440 ;;		wreg, status,2, status,0
  7441 ;; Tracked objects:
  7442 ;;		On entry : 0/0
  7443 ;;		On exit  : 0/0
  7444 ;;		Unchanged: 0/0
  7445 ;; Data sizes:     COMRAM   BANK0   BANK1   BANK2   BANK3   BANK4   BANK5
  7446 ;;      Params:         8       0       0       0       0       0       0
  7447 ;;      Locals:         4       0       0       0       0       0       0
  7448 ;;      Temps:          4       0       0       0       0       0       0
  7449 ;;      Totals:        16       0       0       0       0       0       0
  7450 ;;Total ram usage:       16 bytes
  7451 ;; Hardware stack levels used: 1
  7452 ;; Hardware stack levels required when called: 2
  7453 ;; This function calls:
  7454 ;;		Nothing
  7455 ;; This function is called by:
  7456 ;;		_DAC_NormalizarSetpoint
  7457 ;;		_Numero_ConvertirAFloat
  7458 ;;		_MCP4725_VoltageToCode
  7459 ;; This function uses a non-reentrant model
  7460 ;;
  7461                           
  7462                           	psect	text44
  7463   0006FC                     __ptext44:
  7464                           	callstack 0
  7465   0006FC                     ___fladd:
  7466                           	callstack 24
  7467   0006FC  5030               	movf	(___fladd@b+3)^0,w,c
  7468   0006FE  0B80               	andlw	128
  7469   000700  6E39               	movwf	___fladd@signs^0,c
  7470   000702  5030               	movf	(___fladd@b+3)^0,w,c
  7471   000704  2430               	addwf	(___fladd@b+3)^0,w,c
  7472   000706  6E3B               	movwf	___fladd@bexp^0,c
  7473   000708  AE2F               	btfss	(___fladd@b+2)^0,7,c
  7474   00070A  EF89  F003         	goto	u4851
  7475   00070E  EF8B  F003         	goto	u4850
  7476   000712                     u4851:
  7477   000712  EF8C  F003         	goto	l4865
  7478   000716                     u4850:
  7479   000716  803B               	bsf	___fladd@bexp^0,0,c
  7480   000718                     l4865:
  7481   000718  503B               	movf	___fladd@bexp^0,w,c
  7482   00071A  B4D8               	btfsc	status,2,c
  7483   00071C  EF92  F003         	goto	u4861
  7484   000720  EF94  F003         	goto	u4860
  7485   000724                     u4861:
  7486   000724  EFA8  F003         	goto	l4875
  7487   000728                     u4860:
  7488   000728  283B               	incf	___fladd@bexp^0,w,c
  7489   00072A  A4D8               	btfss	status,2,c
  7490   00072C  EF9A  F003         	goto	u4871
  7491   000730  EF9C  F003         	goto	u4870
  7492   000734                     u4871:
  7493   000734  EFA4  F003         	goto	l4871
  7494   000738                     u4870:
  7495   000738  0E00               	movlw	0
  7496   00073A  6E2D               	movwf	___fladd@b^0,c
  7497   00073C  0E00               	movlw	0
  7498   00073E  6E2E               	movwf	(___fladd@b+1)^0,c
  7499   000740  0E00               	movlw	0
  7500   000742  6E2F               	movwf	(___fladd@b+2)^0,c
  7501   000744  0E00               	movlw	0
  7502   000746  6E30               	movwf	(___fladd@b+3)^0,c
  7503   000748                     l4871:
  7504   000748  8E2F               	bsf	(___fladd@b+2)^0,7,c
  7505   00074A  6A30               	clrf	(___fladd@b+3)^0,c
  7506   00074C  EFB0  F003         	goto	l4877
  7507   000750                     l4875:
  7508   000750  0E00               	movlw	0
  7509   000752  6E2D               	movwf	___fladd@b^0,c
  7510   000754  0E00               	movlw	0
  7511   000756  6E2E               	movwf	(___fladd@b+1)^0,c
  7512   000758  0E00               	movlw	0
  7513   00075A  6E2F               	movwf	(___fladd@b+2)^0,c
  7514   00075C  0E00               	movlw	0
  7515   00075E  6E30               	movwf	(___fladd@b+3)^0,c
  7516   000760                     l4877:
  7517   000760  5034               	movf	(___fladd@a+3)^0,w,c
  7518   000762  0B80               	andlw	128
  7519   000764  6E3A               	movwf	___fladd@aexp^0,c
  7520   000766  5039               	movf	___fladd@signs^0,w,c
  7521   000768  183A               	xorwf	___fladd@aexp^0,w,c
  7522   00076A  B4D8               	btfsc	status,2,c
  7523   00076C  EFBA  F003         	goto	u4881
  7524   000770  EFBC  F003         	goto	u4880
  7525   000774                     u4881:
  7526   000774  EFBD  F003         	goto	l4883
  7527   000778                     u4880:
  7528   000778  8C39               	bsf	___fladd@signs^0,6,c
  7529   00077A                     l4883:
  7530   00077A  5034               	movf	(___fladd@a+3)^0,w,c
  7531   00077C  2434               	addwf	(___fladd@a+3)^0,w,c
  7532   00077E  6E3A               	movwf	___fladd@aexp^0,c
  7533   000780  AE33               	btfss	(___fladd@a+2)^0,7,c
  7534   000782  EFC5  F003         	goto	u4891
  7535   000786  EFC7  F003         	goto	u4890
  7536   00078A                     u4891:
  7537   00078A  EFC8  F003         	goto	l4889
  7538   00078E                     u4890:
  7539   00078E  803A               	bsf	___fladd@aexp^0,0,c
  7540   000790                     l4889:
  7541   000790  503A               	movf	___fladd@aexp^0,w,c
  7542   000792  B4D8               	btfsc	status,2,c
  7543   000794  EFCE  F003         	goto	u4901
  7544   000798  EFD0  F003         	goto	u4900
  7545   00079C                     u4901:
  7546   00079C  EFE4  F003         	goto	l4899
  7547   0007A0                     u4900:
  7548   0007A0  283A               	incf	___fladd@aexp^0,w,c
  7549   0007A2  A4D8               	btfss	status,2,c
  7550   0007A4  EFD6  F003         	goto	u4911
  7551   0007A8  EFD8  F003         	goto	u4910
  7552   0007AC                     u4911:
  7553   0007AC  EFE0  F003         	goto	l4895
  7554   0007B0                     u4910:
  7555   0007B0  0E00               	movlw	0
  7556   0007B2  6E31               	movwf	___fladd@a^0,c
  7557   0007B4  0E00               	movlw	0
  7558   0007B6  6E32               	movwf	(___fladd@a+1)^0,c
  7559   0007B8  0E00               	movlw	0
  7560   0007BA  6E33               	movwf	(___fladd@a+2)^0,c
  7561   0007BC  0E00               	movlw	0
  7562   0007BE  6E34               	movwf	(___fladd@a+3)^0,c
  7563   0007C0                     l4895:
  7564   0007C0  8E33               	bsf	(___fladd@a+2)^0,7,c
  7565   0007C2  6A34               	clrf	(___fladd@a+3)^0,c
  7566   0007C4  EFEC  F003         	goto	l4901
  7567   0007C8                     l4899:
  7568   0007C8  0E00               	movlw	0
  7569   0007CA  6E31               	movwf	___fladd@a^0,c
  7570   0007CC  0E00               	movlw	0
  7571   0007CE  6E32               	movwf	(___fladd@a+1)^0,c
  7572   0007D0  0E00               	movlw	0
  7573   0007D2  6E33               	movwf	(___fladd@a+2)^0,c
  7574   0007D4  0E00               	movlw	0
  7575   0007D6  6E34               	movwf	(___fladd@a+3)^0,c
  7576   0007D8                     l4901:
  7577   0007D8  503B               	movf	___fladd@bexp^0,w,c
  7578   0007DA  5C3A               	subwf	___fladd@aexp^0,w,c
  7579   0007DC  B0D8               	btfsc	status,0,c
  7580   0007DE  EFF3  F003         	goto	u4921
  7581   0007E2  EFF5  F003         	goto	u4920
  7582   0007E6                     u4921:
  7583   0007E6  EF1C  F004         	goto	l4937
  7584   0007EA                     u4920:
  7585   0007EA  AC39               	btfss	___fladd@signs^0,6,c
  7586   0007EC  EFFA  F003         	goto	u4931
  7587   0007F0  EFFC  F003         	goto	u4930
  7588   0007F4                     u4931:
  7589   0007F4  EFFE  F003         	goto	l4907
  7590   0007F8                     u4930:
  7591   0007F8  0E80               	movlw	128
  7592   0007FA  1A39               	xorwf	___fladd@signs^0,f,c
  7593   0007FC                     l4907:
  7594   0007FC  C03B  F03C         	movff	___fladd@bexp,___fladd@grs
  7595   000800  C03A  F03B         	movff	___fladd@aexp,___fladd@bexp
  7596   000804  C03C  F03A         	movff	___fladd@grs,___fladd@aexp
  7597   000808  C02D  F03C         	movff	___fladd@b,___fladd@grs
  7598   00080C  C031  F02D         	movff	___fladd@a,___fladd@b
  7599   000810  C03C  F031         	movff	___fladd@grs,___fladd@a
  7600   000814  C02E  F03C         	movff	___fladd@b+1,___fladd@grs
  7601   000818  C032  F02E         	movff	___fladd@a+1,___fladd@b+1
  7602   00081C  C03C  F032         	movff	___fladd@grs,___fladd@a+1
  7603   000820  C02F  F03C         	movff	___fladd@b+2,___fladd@grs
  7604   000824  C033  F02F         	movff	___fladd@a+2,___fladd@b+2
  7605   000828  C03C  F033         	movff	___fladd@grs,___fladd@a+2
  7606   00082C  C030  F03C         	movff	___fladd@b+3,___fladd@grs
  7607   000830  C034  F030         	movff	___fladd@a+3,___fladd@b+3
  7608   000834  C03C  F034         	movff	___fladd@grs,___fladd@a+3
  7609   000838                     l4937:
  7610   000838  6A3C               	clrf	___fladd@grs^0,c
  7611   00083A  503B               	movf	___fladd@bexp^0,w,c
  7612   00083C  C03A  F035         	movff	___fladd@aexp,??___fladd
  7613   000840  6A36               	clrf	(??___fladd+1)^0,c
  7614   000842  5E35               	subwf	??___fladd^0,f,c
  7615   000844  0E00               	movlw	0
  7616   000846  5A36               	subwfb	(??___fladd+1)^0,f,c
  7617   000848  BE36               	btfsc	(??___fladd+1)^0,7,c
  7618   00084A  EF30  F004         	goto	u4941
  7619   00084E  5036               	movf	(??___fladd+1)^0,w,c
  7620   000850  E109               	bnz	u4940
  7621   000852  0E1A               	movlw	26
  7622   000854  5C35               	subwf	??___fladd^0,w,c
  7623   000856  A0D8               	btfss	status,0,c
  7624   000858  EF30  F004         	goto	u4941
  7625   00085C  EF32  F004         	goto	u4940
  7626   000860                     u4941:
  7627   000860  EF69  F004         	goto	l1127
  7628   000864                     u4940:
  7629   000864  502D               	movf	___fladd@b^0,w,c
  7630   000866  102E               	iorwf	(___fladd@b+1)^0,w,c
  7631   000868  102F               	iorwf	(___fladd@b+2)^0,w,c
  7632   00086A  1030               	iorwf	(___fladd@b+3)^0,w,c
  7633   00086C  A4D8               	btfss	status,2,c
  7634   00086E  EF3B  F004         	goto	u4951
  7635   000872  EF3E  F004         	goto	u4950
  7636   000876                     u4951:
  7637   000876  0E01               	movlw	1
  7638   000878  EF3F  F004         	goto	u4960
  7639   00087C                     u4950:
  7640   00087C  0E00               	movlw	0
  7641   00087E                     u4960:
  7642   00087E  6E3C               	movwf	___fladd@grs^0,c
  7643   000880  0E00               	movlw	0
  7644   000882  6E2D               	movwf	___fladd@b^0,c
  7645   000884  0E00               	movlw	0
  7646   000886  6E2E               	movwf	(___fladd@b+1)^0,c
  7647   000888  0E00               	movlw	0
  7648   00088A  6E2F               	movwf	(___fladd@b+2)^0,c
  7649   00088C  0E00               	movlw	0
  7650   00088E  6E30               	movwf	(___fladd@b+3)^0,c
  7651   000890  C03A  F03B         	movff	___fladd@aexp,___fladd@bexp
  7652   000894  EF72  F004         	goto	l1126
  7653   000898                     l1128:
  7654   000898  A03C               	btfss	___fladd@grs^0,0,c
  7655   00089A  EF51  F004         	goto	u4971
  7656   00089E  EF53  F004         	goto	u4970
  7657   0008A2                     u4971:
  7658   0008A2  EF59  F004         	goto	l4947
  7659   0008A6                     u4970:
  7660   0008A6  90D8               	bcf	status,0,c
  7661   0008A8  303C               	rrcf	___fladd@grs^0,w,c
  7662   0008AA  0901               	iorlw	1
  7663   0008AC  6E3C               	movwf	___fladd@grs^0,c
  7664   0008AE  EF5B  F004         	goto	l4949
  7665   0008B2                     l4947:
  7666   0008B2  90D8               	bcf	status,0,c
  7667   0008B4  323C               	rrcf	___fladd@grs^0,f,c
  7668   0008B6                     l4949:
  7669   0008B6  A02D               	btfss	___fladd@b^0,0,c
  7670   0008B8  EF60  F004         	goto	u4981
  7671   0008BC  EF62  F004         	goto	u4980
  7672   0008C0                     u4981:
  7673   0008C0  EF63  F004         	goto	l4953
  7674   0008C4                     u4980:
  7675   0008C4  8E3C               	bsf	___fladd@grs^0,7,c
  7676   0008C6                     l4953:
  7677   0008C6  3430               	rlcf	(___fladd@b+3)^0,w,c
  7678   0008C8  3230               	rrcf	(___fladd@b+3)^0,f,c
  7679   0008CA  322F               	rrcf	(___fladd@b+2)^0,f,c
  7680   0008CC  322E               	rrcf	(___fladd@b+1)^0,f,c
  7681   0008CE  322D               	rrcf	___fladd@b^0,f,c
  7682   0008D0  2A3B               	incf	___fladd@bexp^0,f,c
  7683   0008D2                     l1127:
  7684   0008D2  503A               	movf	___fladd@aexp^0,w,c
  7685   0008D4  5C3B               	subwf	___fladd@bexp^0,w,c
  7686   0008D6  A0D8               	btfss	status,0,c
  7687   0008D8  EF70  F004         	goto	u4991
  7688   0008DC  EF72  F004         	goto	u4990
  7689   0008E0                     u4991:
  7690   0008E0  EF4C  F004         	goto	l1128
  7691   0008E4                     u4990:
  7692   0008E4                     l1126:
  7693   0008E4  BC39               	btfsc	___fladd@signs^0,6,c
  7694   0008E6  EF77  F004         	goto	u5001
  7695   0008EA  EF79  F004         	goto	u5000
  7696   0008EE                     u5001:
  7697   0008EE  EFB9  F004         	goto	l4981
  7698   0008F2                     u5000:
  7699   0008F2  503B               	movf	___fladd@bexp^0,w,c
  7700   0008F4  A4D8               	btfss	status,2,c
  7701   0008F6  EF7F  F004         	goto	u5011
  7702   0008FA  EF81  F004         	goto	u5010
  7703   0008FE                     u5011:
  7704   0008FE  EF8B  F004         	goto	l4963
  7705   000902                     u5010:
  7706   000902  0E00               	movlw	0
  7707   000904  6E2D               	movwf	?___fladd^0,c
  7708   000906  0E00               	movlw	0
  7709   000908  6E2E               	movwf	(?___fladd+1)^0,c
  7710   00090A  0E00               	movlw	0
  7711   00090C  6E2F               	movwf	(?___fladd+2)^0,c
  7712   00090E  0E00               	movlw	0
  7713   000910  6E30               	movwf	(?___fladd+3)^0,c
  7714   000912  EFD8  F005         	goto	l1135
  7715   000916                     l4963:
  7716   000916  5031               	movf	___fladd@a^0,w,c
  7717   000918  262D               	addwf	___fladd@b^0,f,c
  7718   00091A  5032               	movf	(___fladd@a+1)^0,w,c
  7719   00091C  222E               	addwfc	(___fladd@b+1)^0,f,c
  7720   00091E  5033               	movf	(___fladd@a+2)^0,w,c
  7721   000920  222F               	addwfc	(___fladd@b+2)^0,f,c
  7722   000922  5034               	movf	(___fladd@a+3)^0,w,c
  7723   000924  2230               	addwfc	(___fladd@b+3)^0,f,c
  7724   000926  A030               	btfss	(___fladd@b+3)^0,0,c
  7725   000928  EF98  F004         	goto	u5021
  7726   00092C  EF9A  F004         	goto	u5020
  7727   000930                     u5021:
  7728   000930  EF46  F005         	goto	l1140
  7729   000934                     u5020:
  7730   000934  A03C               	btfss	___fladd@grs^0,0,c
  7731   000936  EF9F  F004         	goto	u5031
  7732   00093A  EFA1  F004         	goto	u5030
  7733   00093E                     u5031:
  7734   00093E  EFA7  F004         	goto	l4971
  7735   000942                     u5030:
  7736   000942  90D8               	bcf	status,0,c
  7737   000944  303C               	rrcf	___fladd@grs^0,w,c
  7738   000946  0901               	iorlw	1
  7739   000948  6E3C               	movwf	___fladd@grs^0,c
  7740   00094A  EFA9  F004         	goto	l4973
  7741   00094E                     l4971:
  7742   00094E  90D8               	bcf	status,0,c
  7743   000950  323C               	rrcf	___fladd@grs^0,f,c
  7744   000952                     l4973:
  7745   000952  A02D               	btfss	___fladd@b^0,0,c
  7746   000954  EFAE  F004         	goto	u5041
  7747   000958  EFB0  F004         	goto	u5040
  7748   00095C                     u5041:
  7749   00095C  EFB1  F004         	goto	l4977
  7750   000960                     u5040:
  7751   000960  8E3C               	bsf	___fladd@grs^0,7,c
  7752   000962                     l4977:
  7753   000962  3430               	rlcf	(___fladd@b+3)^0,w,c
  7754   000964  3230               	rrcf	(___fladd@b+3)^0,f,c
  7755   000966  322F               	rrcf	(___fladd@b+2)^0,f,c
  7756   000968  322E               	rrcf	(___fladd@b+1)^0,f,c
  7757   00096A  322D               	rrcf	___fladd@b^0,f,c
  7758   00096C  2A3B               	incf	___fladd@bexp^0,f,c
  7759   00096E  EF46  F005         	goto	l1140
  7760   000972                     l4981:
  7761   000972  5031               	movf	___fladd@a^0,w,c
  7762   000974  5C2D               	subwf	___fladd@b^0,w,c
  7763   000976  5032               	movf	(___fladd@a+1)^0,w,c
  7764   000978  582E               	subwfb	(___fladd@b+1)^0,w,c
  7765   00097A  5033               	movf	(___fladd@a+2)^0,w,c
  7766   00097C  582F               	subwfb	(___fladd@b+2)^0,w,c
  7767   00097E  5030               	movf	(___fladd@b+3)^0,w,c
  7768   000980  0A80               	xorlw	128
  7769   000982  6E35               	movwf	??___fladd^0,c
  7770   000984  5034               	movf	(___fladd@a+3)^0,w,c
  7771   000986  0A80               	xorlw	128
  7772   000988  5835               	subwfb	??___fladd^0,w,c
  7773   00098A  B0D8               	btfsc	status,0,c
  7774   00098C  EFCA  F004         	goto	u5051
  7775   000990  EFCC  F004         	goto	u5050
  7776   000994                     u5051:
  7777   000994  EFF7  F004         	goto	l4991
  7778   000998                     u5050:
  7779   000998  502D               	movf	___fladd@b^0,w,c
  7780   00099A  5C31               	subwf	___fladd@a^0,w,c
  7781   00099C  6E35               	movwf	??___fladd^0,c
  7782   00099E  502E               	movf	(___fladd@b+1)^0,w,c
  7783   0009A0  5832               	subwfb	(___fladd@a+1)^0,w,c
  7784   0009A2  6E36               	movwf	(??___fladd+1)^0,c
  7785   0009A4  502F               	movf	(___fladd@b+2)^0,w,c
  7786   0009A6  5833               	subwfb	(___fladd@a+2)^0,w,c
  7787   0009A8  6E37               	movwf	(??___fladd+2)^0,c
  7788   0009AA  5030               	movf	(___fladd@b+3)^0,w,c
  7789   0009AC  5834               	subwfb	(___fladd@a+3)^0,w,c
  7790   0009AE  6E38               	movwf	(??___fladd+3)^0,c
  7791   0009B0  0EFF               	movlw	255
  7792   0009B2  2435               	addwf	??___fladd^0,w,c
  7793   0009B4  6E2D               	movwf	___fladd@b^0,c
  7794   0009B6  0EFF               	movlw	255
  7795   0009B8  2036               	addwfc	(??___fladd+1)^0,w,c
  7796   0009BA  6E2E               	movwf	(___fladd@b+1)^0,c
  7797   0009BC  0EFF               	movlw	255
  7798   0009BE  2037               	addwfc	(??___fladd+2)^0,w,c
  7799   0009C0  6E2F               	movwf	(___fladd@b+2)^0,c
  7800   0009C2  0EFF               	movlw	255
  7801   0009C4  2038               	addwfc	(??___fladd+3)^0,w,c
  7802   0009C6  6E30               	movwf	(___fladd@b+3)^0,c
  7803   0009C8  0E80               	movlw	128
  7804   0009CA  1A39               	xorwf	___fladd@signs^0,f,c
  7805   0009CC  6C3C               	negf	___fladd@grs^0,c
  7806   0009CE  503C               	movf	___fladd@grs^0,w,c
  7807   0009D0  A4D8               	btfss	status,2,c
  7808   0009D2  EFED  F004         	goto	u5061
  7809   0009D6  EFEF  F004         	goto	u5060
  7810   0009DA                     u5061:
  7811   0009DA  EFFF  F004         	goto	l1143
  7812   0009DE                     u5060:
  7813   0009DE  0E01               	movlw	1
  7814   0009E0  262D               	addwf	___fladd@b^0,f,c
  7815   0009E2  0E00               	movlw	0
  7816   0009E4  222E               	addwfc	(___fladd@b+1)^0,f,c
  7817   0009E6  222F               	addwfc	(___fladd@b+2)^0,f,c
  7818   0009E8  2230               	addwfc	(___fladd@b+3)^0,f,c
  7819   0009EA  EFFF  F004         	goto	l1143
  7820   0009EE                     l4991:
  7821   0009EE  5031               	movf	___fladd@a^0,w,c
  7822   0009F0  5E2D               	subwf	___fladd@b^0,f,c
  7823   0009F2  5032               	movf	(___fladd@a+1)^0,w,c
  7824   0009F4  5A2E               	subwfb	(___fladd@b+1)^0,f,c
  7825   0009F6  5033               	movf	(___fladd@a+2)^0,w,c
  7826   0009F8  5A2F               	subwfb	(___fladd@b+2)^0,f,c
  7827   0009FA  5034               	movf	(___fladd@a+3)^0,w,c
  7828   0009FC  5A30               	subwfb	(___fladd@b+3)^0,f,c
  7829   0009FE                     l1143:
  7830   0009FE  502D               	movf	___fladd@b^0,w,c
  7831   000A00  102E               	iorwf	(___fladd@b+1)^0,w,c
  7832   000A02  102F               	iorwf	(___fladd@b+2)^0,w,c
  7833   000A04  1030               	iorwf	(___fladd@b+3)^0,w,c
  7834   000A06  A4D8               	btfss	status,2,c
  7835   000A08  EF08  F005         	goto	u5071
  7836   000A0C  EF0A  F005         	goto	u5070
  7837   000A10                     u5071:
  7838   000A10  EF3F  F005         	goto	l5015
  7839   000A14                     u5070:
  7840   000A14  503C               	movf	___fladd@grs^0,w,c
  7841   000A16  A4D8               	btfss	status,2,c
  7842   000A18  EF10  F005         	goto	u5081
  7843   000A1C  EF12  F005         	goto	u5080
  7844   000A20                     u5081:
  7845   000A20  EF3F  F005         	goto	l5015
  7846   000A24                     u5080:
  7847   000A24  0E00               	movlw	0
  7848   000A26  6E2D               	movwf	?___fladd^0,c
  7849   000A28  0E00               	movlw	0
  7850   000A2A  6E2E               	movwf	(?___fladd+1)^0,c
  7851   000A2C  0E00               	movlw	0
  7852   000A2E  6E2F               	movwf	(?___fladd+2)^0,c
  7853   000A30  0E00               	movlw	0
  7854   000A32  6E30               	movwf	(?___fladd+3)^0,c
  7855   000A34  EFD8  F005         	goto	l1135
  7856   000A38                     l4999:
  7857   000A38  90D8               	bcf	status,0,c
  7858   000A3A  362D               	rlcf	___fladd@b^0,f,c
  7859   000A3C  362E               	rlcf	(___fladd@b+1)^0,f,c
  7860   000A3E  362F               	rlcf	(___fladd@b+2)^0,f,c
  7861   000A40  3630               	rlcf	(___fladd@b+3)^0,f,c
  7862   000A42  AE3C               	btfss	___fladd@grs^0,7,c
  7863   000A44  EF26  F005         	goto	u5091
  7864   000A48  EF28  F005         	goto	u5090
  7865   000A4C                     u5091:
  7866   000A4C  EF29  F005         	goto	l5005
  7867   000A50                     u5090:
  7868   000A50  802D               	bsf	___fladd@b^0,0,c
  7869   000A52                     l5005:
  7870   000A52  A03C               	btfss	___fladd@grs^0,0,c
  7871   000A54  EF2E  F005         	goto	u5101
  7872   000A58  EF30  F005         	goto	u5100
  7873   000A5C                     u5101:
  7874   000A5C  EF34  F005         	goto	l5009
  7875   000A60                     u5100:
  7876   000A60  80D8               	bsf	status,0,c
  7877   000A62  363C               	rlcf	___fladd@grs^0,f,c
  7878   000A64  EF36  F005         	goto	l5011
  7879   000A68                     l5009:
  7880   000A68  90D8               	bcf	status,0,c
  7881   000A6A  363C               	rlcf	___fladd@grs^0,f,c
  7882   000A6C                     l5011:
  7883   000A6C  503B               	movf	___fladd@bexp^0,w,c
  7884   000A6E  B4D8               	btfsc	status,2,c
  7885   000A70  EF3C  F005         	goto	u5111
  7886   000A74  EF3E  F005         	goto	u5110
  7887   000A78                     u5111:
  7888   000A78  EF3F  F005         	goto	l5015
  7889   000A7C                     u5110:
  7890   000A7C  063B               	decf	___fladd@bexp^0,f,c
  7891   000A7E                     l5015:
  7892   000A7E  AE2F               	btfss	(___fladd@b+2)^0,7,c
  7893   000A80  EF44  F005         	goto	u5121
  7894   000A84  EF46  F005         	goto	u5120
  7895   000A88                     u5121:
  7896   000A88  EF1C  F005         	goto	l4999
  7897   000A8C                     u5120:
  7898   000A8C                     l1140:
  7899   000A8C  6A3A               	clrf	___fladd@aexp^0,c
  7900   000A8E  AE3C               	btfss	___fladd@grs^0,7,c
  7901   000A90  EF4C  F005         	goto	u5131
  7902   000A94  EF4E  F005         	goto	u5130
  7903   000A98                     u5131:
  7904   000A98  EF66  F005         	goto	l1152
  7905   000A9C                     u5130:
  7906   000A9C  C03C  F035         	movff	___fladd@grs,??___fladd
  7907   000AA0  0E7F               	movlw	127
  7908   000AA2  1635               	andwf	??___fladd^0,f,c
  7909   000AA4  B4D8               	btfsc	status,2,c
  7910   000AA6  EF57  F005         	goto	u5141
  7911   000AAA  EF59  F005         	goto	u5140
  7912   000AAE                     u5141:
  7913   000AAE  EF5D  F005         	goto	l1153
  7914   000AB2                     u5140:
  7915   000AB2                     l5019:
  7916   000AB2  0E01               	movlw	1
  7917   000AB4  6E3A               	movwf	___fladd@aexp^0,c
  7918   000AB6  EF66  F005         	goto	l1152
  7919   000ABA                     l1153:
  7920   000ABA  A02D               	btfss	___fladd@b^0,0,c
  7921   000ABC  EF62  F005         	goto	u5151
  7922   000AC0  EF64  F005         	goto	u5150
  7923   000AC4                     u5151:
  7924   000AC4  EF66  F005         	goto	l1152
  7925   000AC8                     u5150:
  7926   000AC8  EF59  F005         	goto	l5019
  7927   000ACC                     l1152:
  7928   000ACC  503A               	movf	___fladd@aexp^0,w,c
  7929   000ACE  B4D8               	btfsc	status,2,c
  7930   000AD0  EF6C  F005         	goto	u5161
  7931   000AD4  EF6E  F005         	goto	u5160
  7932   000AD8                     u5161:
  7933   000AD8  EF99  F005         	goto	l5031
  7934   000ADC                     u5160:
  7935   000ADC  0E01               	movlw	1
  7936   000ADE  262D               	addwf	___fladd@b^0,f,c
  7937   000AE0  0E00               	movlw	0
  7938   000AE2  222E               	addwfc	(___fladd@b+1)^0,f,c
  7939   000AE4  222F               	addwfc	(___fladd@b+2)^0,f,c
  7940   000AE6  2230               	addwfc	(___fladd@b+3)^0,f,c
  7941   000AE8  A030               	btfss	(___fladd@b+3)^0,0,c
  7942   000AEA  EF79  F005         	goto	u5171
  7943   000AEE  EF7B  F005         	goto	u5170
  7944   000AF2                     u5171:
  7945   000AF2  EF99  F005         	goto	l5031
  7946   000AF6                     u5170:
  7947   000AF6  C02D  F035         	movff	___fladd@b,??___fladd
  7948   000AFA  C02E  F036         	movff	___fladd@b+1,??___fladd+1
  7949   000AFE  C02F  F037         	movff	___fladd@b+2,??___fladd+2
  7950   000B02  C030  F038         	movff	___fladd@b+3,??___fladd+3
  7951   000B06  3438               	rlcf	(??___fladd+3)^0,w,c
  7952   000B08  3238               	rrcf	(??___fladd+3)^0,f,c
  7953   000B0A  3237               	rrcf	(??___fladd+2)^0,f,c
  7954   000B0C  3236               	rrcf	(??___fladd+1)^0,f,c
  7955   000B0E  3235               	rrcf	??___fladd^0,f,c
  7956   000B10  C035  F02D         	movff	??___fladd,___fladd@b
  7957   000B14  C036  F02E         	movff	??___fladd+1,___fladd@b+1
  7958   000B18  C037  F02F         	movff	??___fladd+2,___fladd@b+2
  7959   000B1C  C038  F030         	movff	??___fladd+3,___fladd@b+3
  7960   000B20  283B               	incf	___fladd@bexp^0,w,c
  7961   000B22  B4D8               	btfsc	status,2,c
  7962   000B24  EF96  F005         	goto	u5181
  7963   000B28  EF98  F005         	goto	u5180
  7964   000B2C                     u5181:
  7965   000B2C  EF99  F005         	goto	l5031
  7966   000B30                     u5180:
  7967   000B30  2A3B               	incf	___fladd@bexp^0,f,c
  7968   000B32                     l5031:
  7969   000B32  283B               	incf	___fladd@bexp^0,w,c
  7970   000B34  B4D8               	btfsc	status,2,c
  7971   000B36  EF9F  F005         	goto	u5191
  7972   000B3A  EFA1  F005         	goto	u5190
  7973   000B3E                     u5191:
  7974   000B3E  EFA9  F005         	goto	l5035
  7975   000B42                     u5190:
  7976   000B42  503B               	movf	___fladd@bexp^0,w,c
  7977   000B44  A4D8               	btfss	status,2,c
  7978   000B46  EFA7  F005         	goto	u5201
  7979   000B4A  EFA9  F005         	goto	u5200
  7980   000B4E                     u5201:
  7981   000B4E  EFBA  F005         	goto	l1159
  7982   000B52                     u5200:
  7983   000B52                     l5035:
  7984   000B52  0E00               	movlw	0
  7985   000B54  6E2D               	movwf	___fladd@b^0,c
  7986   000B56  0E00               	movlw	0
  7987   000B58  6E2E               	movwf	(___fladd@b+1)^0,c
  7988   000B5A  0E00               	movlw	0
  7989   000B5C  6E2F               	movwf	(___fladd@b+2)^0,c
  7990   000B5E  0E00               	movlw	0
  7991   000B60  6E30               	movwf	(___fladd@b+3)^0,c
  7992   000B62  503B               	movf	___fladd@bexp^0,w,c
  7993   000B64  A4D8               	btfss	status,2,c
  7994   000B66  EFB7  F005         	goto	u5211
  7995   000B6A  EFB9  F005         	goto	u5210
  7996   000B6E                     u5211:
  7997   000B6E  EFBA  F005         	goto	l1159
  7998   000B72                     u5210:
  7999   000B72  6A39               	clrf	___fladd@signs^0,c
  8000   000B74                     l1159:
  8001   000B74  A03B               	btfss	___fladd@bexp^0,0,c
  8002   000B76  EFBF  F005         	goto	u5221
  8003   000B7A  EFC1  F005         	goto	u5220
  8004   000B7E                     u5221:
  8005   000B7E  EFC4  F005         	goto	l5041
  8006   000B82                     u5220:
  8007   000B82  8E2F               	bsf	(___fladd@b+2)^0,7,c
  8008   000B84  EFC5  F005         	goto	l5043
  8009   000B88                     l5041:
  8010   000B88  9E2F               	bcf	(___fladd@b+2)^0,7,c
  8011   000B8A                     l5043:
  8012   000B8A  90D8               	bcf	status,0,c
  8013   000B8C  303B               	rrcf	___fladd@bexp^0,w,c
  8014   000B8E  6E30               	movwf	(___fladd@b+3)^0,c
  8015   000B90  AE39               	btfss	___fladd@signs^0,7,c
  8016   000B92  EFCD  F005         	goto	u5231
  8017   000B96  EFCF  F005         	goto	u5230
  8018   000B9A                     u5231:
  8019   000B9A  EFD0  F005         	goto	l5049
  8020   000B9E                     u5230:
  8021   000B9E  8E30               	bsf	(___fladd@b+3)^0,7,c
  8022   000BA0                     l5049:
  8023   000BA0  C02D  F02D         	movff	___fladd@b,?___fladd
  8024   000BA4  C02E  F02E         	movff	___fladd@b+1,?___fladd+1
  8025   000BA8  C02F  F02F         	movff	___fladd@b+2,?___fladd+2
  8026   000BAC  C030  F030         	movff	___fladd@b+3,?___fladd+3
  8027   000BB0                     l1135:
  8028   000BB0  0012               	return		;funcret
  8029   000BB2                     __end_of___fladd:
  8030                           	callstack 0
  8031                           
  8032 ;; *************** function _Botones_Init *****************
  8033 ;; Defined at:
  8034 ;;		line 469 in file "main.c"
  8035 ;; Parameters:    Size  Location     Type
  8036 ;;		None
  8037 ;; Auto vars:     Size  Location     Type
  8038 ;;  lectura         1    4[COMRAM] unsigned char 
  8039 ;; Return value:  Size  Location     Type
  8040 ;;                  1    wreg      void 
  8041 ;; Registers used:
  8042 ;;		wreg, status,2, status,0
  8043 ;; Tracked objects:
  8044 ;;		On entry : 0/0
  8045 ;;		On exit  : 0/0
  8046 ;;		Unchanged: 0/0
  8047 ;; Data sizes:     COMRAM   BANK0   BANK1   BANK2   BANK3   BANK4   BANK5
  8048 ;;      Params:         0       0       0       0       0       0       0
  8049 ;;      Locals:         1       0       0       0       0       0       0
  8050 ;;      Temps:          0       0       0       0       0       0       0
  8051 ;;      Totals:         1       0       0       0       0       0       0
  8052 ;;Total ram usage:        1 bytes
  8053 ;; Hardware stack levels used: 1
  8054 ;; Hardware stack levels required when called: 2
  8055 ;; This function calls:
  8056 ;;		Nothing
  8057 ;; This function is called by:
  8058 ;;		_main
  8059 ;; This function uses a non-reentrant model
  8060 ;;
  8061                           
  8062                           	psect	text45
  8063   002CB6                     __ptext45:
  8064                           	callstack 0
  8065   002CB6                     _Botones_Init:
  8066                           	callstack 28
  8067   002CB6                     
  8068                           ;main.c: 471:     uint8_t lectura;;main.c: 474:     TRISBbits.TRISB0 = 1;
  8069   002CB6  8093               	bsf	147,0,c	;volatile
  8070                           
  8071                           ;main.c: 475:     ANSELBbits.ANSB0 = 0;
  8072   002CB8  010F               	movlb	15	; () banked
  8073   002CBA  9139               	bcf	57,0,b	;volatile
  8074                           
  8075                           ;main.c: 478:     INTCON2bits.INTEDG0 = 1;
  8076   002CBC  8CF1               	bsf	241,6,c	;volatile
  8077                           
  8078                           ;main.c: 483:     INTCONbits.INT0IF = 0;
  8079   002CBE  92F2               	bcf	242,1,c	;volatile
  8080                           
  8081                           ;main.c: 484:     INTCONbits.INT0IE = 1;
  8082   002CC0  88F2               	bsf	242,4,c	;volatile
  8083                           
  8084                           ;main.c: 487:     TRISBbits.TRISB7 = 1;
  8085   002CC2  8E93               	bsf	147,7,c	;volatile
  8086   002CC4                     
  8087                           ; BSR set to: 15
  8088                           ;main.c: 489:     IOCB |= 0b10000000;
  8089   002CC4  8E62               	bsf	98,7,c	;volatile
  8090   002CC6                     
  8091                           ; BSR set to: 15
  8092                           ;main.c: 491:     lectura = PORTB;
  8093   002CC6  CF81 F006          	movff	3969,Botones_Init@lectura	;volatile
  8094   002CCA                     
  8095                           ; BSR set to: 15
  8096                           ;main.c: 492:     rb7_anterior = (lectura & 0b10000000) ? 1 : 0;
  8097   002CCA  BE06               	btfsc	Botones_Init@lectura^0,7,c
  8098   002CCC  EF6A  F016         	goto	u6341
  8099   002CD0  EF6D  F016         	goto	u6340
  8100   002CD4                     u6341:
  8101   002CD4  0E01               	movlw	1
  8102   002CD6  EF6E  F016         	goto	u6350
  8103   002CDA                     u6340:
  8104   002CDA  0E00               	movlw	0
  8105   002CDC                     u6350:
  8106   002CDC  0100               	movlb	0	; () banked
  8107   002CDE  6F7D               	movwf	_rb7_anterior& (0+255),b	;volatile
  8108   002CE0                     
  8109                           ; BSR set to: 0
  8110                           ;main.c: 494:     INTCONbits.RBIF = 0;
  8111   002CE0  90F2               	bcf	242,0,c	;volatile
  8112   002CE2                     
  8113                           ; BSR set to: 0
  8114                           ;main.c: 495:     INTCONbits.RBIE = 1;
  8115   002CE2  86F2               	bsf	242,3,c	;volatile
  8116   002CE4                     
  8117                           ; BSR set to: 0
  8118                           ;main.c: 497:     INTCONbits.GIE = 1;
  8119   002CE4  8EF2               	bsf	242,7,c	;volatile
  8120   002CE6                     
  8121                           ; BSR set to: 0
  8122   002CE6  0012               	return		;funcret
  8123   002CE8                     __end_of_Botones_Init:
  8124                           	callstack 0
  8125                           
  8126 ;; *************** function _Botones_Actualizar *****************
  8127 ;; Defined at:
  8128 ;;		line 509 in file "main.c"
  8129 ;; Parameters:    Size  Location     Type
  8130 ;;		None
  8131 ;; Auto vars:     Size  Location     Type
  8132 ;;		None
  8133 ;; Return value:  Size  Location     Type
  8134 ;;                  1    wreg      void 
  8135 ;; Registers used:
  8136 ;;		wreg, fsr1l, fsr1h, fsr2l, fsr2h, status,2, status,0, tblptrl, tblptrh, tblptru, cstack
  8137 ;; Tracked objects:
  8138 ;;		On entry : 0/0
  8139 ;;		On exit  : 0/0
  8140 ;;		Unchanged: 0/0
  8141 ;; Data sizes:     COMRAM   BANK0   BANK1   BANK2   BANK3   BANK4   BANK5
  8142 ;;      Params:         0       0       0       0       0       0       0
  8143 ;;      Locals:         0       0       0       0       0       0       0
  8144 ;;      Temps:          1       0       0       0       0       0       0
  8145 ;;      Totals:         1       0       0       0       0       0       0
  8146 ;;Total ram usage:        1 bytes
  8147 ;; Hardware stack levels used: 1
  8148 ;; Hardware stack levels required when called: 12
  8149 ;; This function calls:
  8150 ;;		_Boton_EstaPresionado
  8151 ;;		_Entrada_Iniciar
  8152 ;; This function is called by:
  8153 ;;		_main
  8154 ;; This function uses a non-reentrant model
  8155 ;;
  8156                           
  8157                           	psect	text46
  8158   002412                     __ptext46:
  8159                           	callstack 0
  8160   002412                     _Botones_Actualizar:
  8161                           	callstack 18
  8162   002412                     
  8163                           ;main.c: 511:     if (boton_voltaje_evento == 1)
  8164   002412  0100               	movlb	0	; () banked
  8165   002414  057F               	decf	_boton_voltaje_evento& (0+255),w,b	;volatile
  8166   002416  A4D8               	btfss	status,2,c
  8167   002418  EF10  F012         	goto	u6361
  8168   00241C  EF12  F012         	goto	u6360
  8169   002420                     u6361:
  8170   002420  EF33  F012         	goto	l6045
  8171   002424                     u6360:
  8172   002424                     
  8173                           ; BSR set to: 0
  8174                           ;main.c: 512:     {;main.c: 513:         boton_voltaje_evento = 0;
  8175   002424  6B7F               	clrf	_boton_voltaje_evento& (0+255),b	;volatile
  8176   002426                     
  8177                           ; BSR set to: 0
  8178                           ;main.c: 515:         _delay((unsigned long)((25)*(1000000UL/4000.0)));
  8179   002426  0E09               	movlw	9
  8180   002428  6E14               	movwf	??_Botones_Actualizar^0,c
  8181   00242A  0E1C               	movlw	28
  8182   00242C                     u6747:
  8183   00242C  2EE8               	decfsz	wreg,f,c
  8184   00242E  D7FE               	bra	u6747
  8185   002430  2E14               	decfsz	??_Botones_Actualizar^0,f,c
  8186   002432  D7FC               	bra	u6747
  8187   002434  D000               	nop2	
  8188   002436                     
  8189                           ;main.c: 517:         if (Boton_EstaPresionado(PORTBbits.RB0))
  8190   002436  B081               	btfsc	129,0,c	;volatile
  8191   002438  EF20  F012         	goto	u6371
  8192   00243C  EF23  F012         	goto	u6370
  8193   002440                     u6371:
  8194   002440  0E01               	movlw	1
  8195   002442  EF24  F012         	goto	u6376
  8196   002446                     u6370:
  8197   002446  0E00               	movlw	0
  8198   002448                     u6376:
  8199   002448  EC89  F017         	call	_Boton_EstaPresionado
  8200   00244C  0900               	iorlw	0
  8201   00244E  B4D8               	btfsc	status,2,c
  8202   002450  EF2C  F012         	goto	u6381
  8203   002454  EF2E  F012         	goto	u6380
  8204   002458                     u6381:
  8205   002458  EF33  F012         	goto	l6045
  8206   00245C                     u6380:
  8207   00245C                     
  8208                           ;main.c: 518:         {;main.c: 519:             Entrada_Iniciar(VAR_VOLTAJE);
  8209   00245C  0E01               	movlw	1
  8210   00245E  EC1A  F017         	call	_Entrada_Iniciar
  8211   002462  EF5B  F012         	goto	l395
  8212   002466                     l6045:
  8213                           
  8214                           ;main.c: 524:     if (boton_corriente_evento == 1)
  8215   002466  0100               	movlb	0	; () banked
  8216   002468  057E               	decf	_boton_corriente_evento& (0+255),w,b	;volatile
  8217   00246A  A4D8               	btfss	status,2,c
  8218   00246C  EF3A  F012         	goto	u6391
  8219   002470  EF3C  F012         	goto	u6390
  8220   002474                     u6391:
  8221   002474  EF5B  F012         	goto	l395
  8222   002478                     u6390:
  8223   002478                     
  8224                           ; BSR set to: 0
  8225                           ;main.c: 525:     {;main.c: 526:         boton_corriente_evento = 0;
  8226   002478  6B7E               	clrf	_boton_corriente_evento& (0+255),b	;volatile
  8227   00247A                     
  8228                           ; BSR set to: 0
  8229                           ;main.c: 528:         _delay((unsigned long)((25)*(1000000UL/4000.0)));
  8230   00247A  0E09               	movlw	9
  8231   00247C  6E14               	movwf	??_Botones_Actualizar^0,c
  8232   00247E  0E1C               	movlw	28
  8233   002480                     u6757:
  8234   002480  2EE8               	decfsz	wreg,f,c
  8235   002482  D7FE               	bra	u6757
  8236   002484  2E14               	decfsz	??_Botones_Actualizar^0,f,c
  8237   002486  D7FC               	bra	u6757
  8238   002488  D000               	nop2	
  8239   00248A                     
  8240                           ;main.c: 530:         if (Boton_EstaPresionado(PORTBbits.RB7))
  8241   00248A  BE81               	btfsc	129,7,c	;volatile
  8242   00248C  EF4A  F012         	goto	u6401
  8243   002490  EF4D  F012         	goto	u6400
  8244   002494                     u6401:
  8245   002494  0E01               	movlw	1
  8246   002496  EF4E  F012         	goto	u6406
  8247   00249A                     u6400:
  8248   00249A  0E00               	movlw	0
  8249   00249C                     u6406:
  8250   00249C  EC89  F017         	call	_Boton_EstaPresionado
  8251   0024A0  0900               	iorlw	0
  8252   0024A2  B4D8               	btfsc	status,2,c
  8253   0024A4  EF56  F012         	goto	u6411
  8254   0024A8  EF58  F012         	goto	u6410
  8255   0024AC                     u6411:
  8256   0024AC  EF5B  F012         	goto	l395
  8257   0024B0                     u6410:
  8258   0024B0                     
  8259                           ;main.c: 531:         {;main.c: 532:             Entrada_Iniciar(VAR_CORRIENTE);
  8260   0024B0  0E02               	movlw	2
  8261   0024B2  EC1A  F017         	call	_Entrada_Iniciar
  8262   0024B6                     l395:
  8263   0024B6  0012               	return		;funcret
  8264   0024B8                     __end_of_Botones_Actualizar:
  8265                           	callstack 0
  8266                           
  8267 ;; *************** function _Entrada_Iniciar *****************
  8268 ;; Defined at:
  8269 ;;		line 542 in file "main.c"
  8270 ;; Parameters:    Size  Location     Type
  8271 ;;  variable        1    wreg     enum E5982
  8272 ;; Auto vars:     Size  Location     Type
  8273 ;;  variable        1   17[COMRAM] enum E5982
  8274 ;; Return value:  Size  Location     Type
  8275 ;;                  1    wreg      void 
  8276 ;; Registers used:
  8277 ;;		wreg, fsr1l, fsr1h, fsr2l, fsr2h, status,2, status,0, tblptrl, tblptrh, tblptru, cstack
  8278 ;; Tracked objects:
  8279 ;;		On entry : 0/0
  8280 ;;		On exit  : 0/0
  8281 ;;		Unchanged: 0/0
  8282 ;; Data sizes:     COMRAM   BANK0   BANK1   BANK2   BANK3   BANK4   BANK5
  8283 ;;      Params:         0       0       0       0       0       0       0
  8284 ;;      Locals:         1       0       0       0       0       0       0
  8285 ;;      Temps:          0       0       0       0       0       0       0
  8286 ;;      Totals:         1       0       0       0       0       0       0
  8287 ;;Total ram usage:        1 bytes
  8288 ;; Hardware stack levels used: 1
  8289 ;; Hardware stack levels required when called: 11
  8290 ;; This function calls:
  8291 ;;		_LCD_MostrarEntrada
  8292 ;;		_Numero_ResetBuffer
  8293 ;;		_Teclado_Interrupcion_Init
  8294 ;; This function is called by:
  8295 ;;		_Botones_Actualizar
  8296 ;; This function uses a non-reentrant model
  8297 ;;
  8298                           
  8299                           	psect	text47
  8300   002E34                     __ptext47:
  8301                           	callstack 0
  8302   002E34                     _Entrada_Iniciar:
  8303                           	callstack 18
  8304                           
  8305                           ;incstack = 0
  8306                           ;Entrada_Iniciar@variable stored from wreg
  8307   002E34  6E13               	movwf	Entrada_Iniciar@variable^0,c
  8308   002E36                     
  8309                           ;main.c: 542: void Entrada_Iniciar(VariableSeleccionada_t variable);main.c: 543: {;main.
      +                          c: 544:     variable_actual = variable;
  8310   002E36  C013  F07C         	movff	Entrada_Iniciar@variable,_variable_actual
  8311   002E3A                     
  8312                           ;main.c: 545:     entrada_habilitada = 1;
  8313   002E3A  0E01               	movlw	1
  8314   002E3C  6E58               	movwf	_entrada_habilitada^0,c	;volatile
  8315   002E3E                     
  8316                           ;main.c: 547:     boton_voltaje_evento = 0;
  8317   002E3E  0100               	movlb	0	; () banked
  8318   002E40  6B7F               	clrf	_boton_voltaje_evento& (0+255),b	;volatile
  8319   002E42                     
  8320                           ; BSR set to: 0
  8321                           ;main.c: 548:     boton_corriente_evento = 0;
  8322   002E42  6B7E               	clrf	_boton_corriente_evento& (0+255),b	;volatile
  8323   002E44                     
  8324                           ; BSR set to: 0
  8325                           ;main.c: 550:     Numero_ResetBuffer();
  8326   002E44  EC9F  F016         	call	_Numero_ResetBuffer	;wreg free
  8327   002E48                     
  8328                           ;main.c: 552:     Teclado_Interrupcion_Init();
  8329   002E48  ECB6  F017         	call	_Teclado_Interrupcion_Init	;wreg free
  8330   002E4C                     
  8331                           ;main.c: 554:     LCD_MostrarEntrada();
  8332   002E4C  EC8E  F010         	call	_LCD_MostrarEntrada	;wreg free
  8333   002E50  0012               	return		;funcret
  8334   002E52                     __end_of_Entrada_Iniciar:
  8335                           	callstack 0
  8336                           
  8337 ;; *************** function _Teclado_Interrupcion_Init *****************
  8338 ;; Defined at:
  8339 ;;		line 135 in file "./teclado_3x4_pic18lf25k22.h"
  8340 ;; Parameters:    Size  Location     Type
  8341 ;;		None
  8342 ;; Auto vars:     Size  Location     Type
  8343 ;;  lectura         1    0        unsigned char 
  8344 ;; Return value:  Size  Location     Type
  8345 ;;                  1    wreg      void 
  8346 ;; Registers used:
  8347 ;;		wreg, status,2, status,0, cstack
  8348 ;; Tracked objects:
  8349 ;;		On entry : 0/0
  8350 ;;		On exit  : 0/0
  8351 ;;		Unchanged: 0/0
  8352 ;; Data sizes:     COMRAM   BANK0   BANK1   BANK2   BANK3   BANK4   BANK5
  8353 ;;      Params:         0       0       0       0       0       0       0
  8354 ;;      Locals:         0       0       0       0       0       0       0
  8355 ;;      Temps:          0       0       0       0       0       0       0
  8356 ;;      Totals:         0       0       0       0       0       0       0
  8357 ;;Total ram usage:        0 bytes
  8358 ;; Hardware stack levels used: 1
  8359 ;; Hardware stack levels required when called: 4
  8360 ;; This function calls:
  8361 ;;		_Teclado_Init
  8362 ;; This function is called by:
  8363 ;;		_Entrada_Iniciar
  8364 ;; This function uses a non-reentrant model
  8365 ;;
  8366                           
  8367                           	psect	text48
  8368   002F6C                     __ptext48:
  8369                           	callstack 0
  8370   002F6C                     _Teclado_Interrupcion_Init:
  8371                           	callstack 24
  8372   002F6C                     
  8373                           ;./teclado_3x4_pic18lf25k22.h: 137:     uint8_t lectura;;./teclado_3x4_pic18lf25k22.h: 1
      +                          39:     Teclado_Init();
  8374   002F6C  EC0F  F016         	call	_Teclado_Init	;wreg free
  8375   002F70                     
  8376                           ;./teclado_3x4_pic18lf25k22.h: 143:     IOCB |= 0b01110000;
  8377   002F70  0E70               	movlw	112
  8378   002F72  1262               	iorwf	98,f,c	;volatile
  8379   002F74  5081               	movf	129,w,c	;volatile
  8380   002F76                     
  8381                           ;./teclado_3x4_pic18lf25k22.h: 148:     INTCONbits.RBIF = 0;
  8382   002F76  90F2               	bcf	242,0,c	;volatile
  8383   002F78                     
  8384                           ;./teclado_3x4_pic18lf25k22.h: 149:     INTCONbits.RBIE = 1;
  8385   002F78  86F2               	bsf	242,3,c	;volatile
  8386   002F7A                     
  8387                           ;./teclado_3x4_pic18lf25k22.h: 150:     INTCONbits.GIE = 1;
  8388   002F7A  8EF2               	bsf	242,7,c	;volatile
  8389   002F7C  0012               	return		;funcret
  8390   002F7E                     __end_of_Teclado_Interrupcion_Init:
  8391                           	callstack 0
  8392                           
  8393 ;; *************** function _Teclado_Init *****************
  8394 ;; Defined at:
  8395 ;;		line 96 in file "./teclado_3x4_pic18lf25k22.h"
  8396 ;; Parameters:    Size  Location     Type
  8397 ;;		None
  8398 ;; Auto vars:     Size  Location     Type
  8399 ;;		None
  8400 ;; Return value:  Size  Location     Type
  8401 ;;                  1    wreg      void 
  8402 ;; Registers used:
  8403 ;;		wreg, cstack
  8404 ;; Tracked objects:
  8405 ;;		On entry : 0/0
  8406 ;;		On exit  : 0/0
  8407 ;;		Unchanged: 0/0
  8408 ;; Data sizes:     COMRAM   BANK0   BANK1   BANK2   BANK3   BANK4   BANK5
  8409 ;;      Params:         0       0       0       0       0       0       0
  8410 ;;      Locals:         0       0       0       0       0       0       0
  8411 ;;      Temps:          1       0       0       0       0       0       0
  8412 ;;      Totals:         1       0       0       0       0       0       0
  8413 ;;Total ram usage:        1 bytes
  8414 ;; Hardware stack levels used: 1
  8415 ;; Hardware stack levels required when called: 2
  8416 ;; This function calls:
  8417 ;;		_Teclado_Filas_Idle
  8418 ;; This function is called by:
  8419 ;;		_Teclado_Interrupcion_Init
  8420 ;;		_main
  8421 ;; This function uses a non-reentrant model
  8422 ;;
  8423                           
  8424                           	psect	text49
  8425   002C1E                     __ptext49:
  8426                           	callstack 0
  8427   002C1E                     _Teclado_Init:
  8428                           	callstack 25
  8429   002C1E                     
  8430                           ;./teclado_3x4_pic18lf25k22.h: 99:     TRISBbits.TRISB4 = 1;
  8431   002C1E  8893               	bsf	147,4,c	;volatile
  8432                           
  8433                           ;./teclado_3x4_pic18lf25k22.h: 100:     TRISBbits.TRISB5 = 1;
  8434   002C20  8A93               	bsf	147,5,c	;volatile
  8435                           
  8436                           ;./teclado_3x4_pic18lf25k22.h: 101:     TRISBbits.TRISB6 = 1;
  8437   002C22  8C93               	bsf	147,6,c	;volatile
  8438                           
  8439                           ;./teclado_3x4_pic18lf25k22.h: 104:     TRISCbits.TRISC2 = 0;
  8440   002C24  9494               	bcf	148,2,c	;volatile
  8441                           
  8442                           ;./teclado_3x4_pic18lf25k22.h: 105:     TRISCbits.TRISC5 = 0;
  8443   002C26  9A94               	bcf	148,5,c	;volatile
  8444                           
  8445                           ;./teclado_3x4_pic18lf25k22.h: 106:     TRISCbits.TRISC6 = 0;
  8446   002C28  9C94               	bcf	148,6,c	;volatile
  8447                           
  8448                           ;./teclado_3x4_pic18lf25k22.h: 107:     TRISCbits.TRISC7 = 0;
  8449   002C2A  9E94               	bcf	148,7,c	;volatile
  8450                           
  8451                           ;./teclado_3x4_pic18lf25k22.h: 110:     ANSELBbits.ANSB4 = 0;
  8452   002C2C  010F               	movlb	15	; () banked
  8453   002C2E  9939               	bcf	57,4,b	;volatile
  8454                           
  8455                           ;./teclado_3x4_pic18lf25k22.h: 111:     ANSELBbits.ANSB5 = 0;
  8456   002C30  9B39               	bcf	57,5,b	;volatile
  8457                           
  8458                           ;./teclado_3x4_pic18lf25k22.h: 118:     ANSELCbits.ANSC2 = 0;
  8459   002C32  953A               	bcf	58,2,b	;volatile
  8460                           
  8461                           ;./teclado_3x4_pic18lf25k22.h: 119:     ANSELCbits.ANSC5 = 0;
  8462   002C34  9B3A               	bcf	58,5,b	;volatile
  8463                           
  8464                           ;./teclado_3x4_pic18lf25k22.h: 120:     ANSELCbits.ANSC6 = 0;
  8465   002C36  9D3A               	bcf	58,6,b	;volatile
  8466                           
  8467                           ;./teclado_3x4_pic18lf25k22.h: 121:     ANSELCbits.ANSC7 = 0;
  8468   002C38  9F3A               	bcf	58,7,b	;volatile
  8469                           
  8470                           ;./teclado_3x4_pic18lf25k22.h: 124:     INTCON2bits.RBPU = 1;
  8471   002C3A  8EF1               	bsf	241,7,c	;volatile
  8472   002C3C                     
  8473                           ; BSR set to: 15
  8474                           ;./teclado_3x4_pic18lf25k22.h: 126:     Teclado_Filas_Idle();
  8475   002C3C  ECDA  F017         	call	_Teclado_Filas_Idle	;wreg free
  8476   002C40                     
  8477                           ;./teclado_3x4_pic18lf25k22.h: 128:     _delay((unsigned long)((50)*(1000000UL/4000.0)))
      +                          ;
  8478   002C40  0E11               	movlw	17
  8479   002C42  6E06               	movwf	??_Teclado_Init^0,c
  8480   002C44  0E3A               	movlw	58
  8481   002C46                     u6767:
  8482   002C46  2EE8               	decfsz	wreg,f,c
  8483   002C48  D7FE               	bra	u6767
  8484   002C4A  2E06               	decfsz	??_Teclado_Init^0,f,c
  8485   002C4C  D7FC               	bra	u6767
  8486   002C4E  D000               	nop2	
  8487   002C50  0012               	return		;funcret
  8488   002C52                     __end_of_Teclado_Init:
  8489                           	callstack 0
  8490                           
  8491 ;; *************** function _Teclado_Filas_Idle *****************
  8492 ;; Defined at:
  8493 ;;		line 84 in file "./teclado_3x4_pic18lf25k22.h"
  8494 ;; Parameters:    Size  Location     Type
  8495 ;;		None
  8496 ;; Auto vars:     Size  Location     Type
  8497 ;;		None
  8498 ;; Return value:  Size  Location     Type
  8499 ;;                  1    wreg      void 
  8500 ;; Registers used:
  8501 ;;		None
  8502 ;; Tracked objects:
  8503 ;;		On entry : 0/0
  8504 ;;		On exit  : 0/0
  8505 ;;		Unchanged: 0/0
  8506 ;; Data sizes:     COMRAM   BANK0   BANK1   BANK2   BANK3   BANK4   BANK5
  8507 ;;      Params:         0       0       0       0       0       0       0
  8508 ;;      Locals:         0       0       0       0       0       0       0
  8509 ;;      Temps:          0       0       0       0       0       0       0
  8510 ;;      Totals:         0       0       0       0       0       0       0
  8511 ;;Total ram usage:        0 bytes
  8512 ;; Hardware stack levels used: 1
  8513 ;; Hardware stack levels required when called: 2
  8514 ;; This function calls:
  8515 ;;		Nothing
  8516 ;; This function is called by:
  8517 ;;		_Teclado_Init
  8518 ;;		_Teclado_LeerRaw
  8519 ;;		_Teclado_Actualizar
  8520 ;; This function uses a non-reentrant model
  8521 ;;
  8522                           
  8523                           	psect	text50
  8524   002FB4                     __ptext50:
  8525                           	callstack 0
  8526   002FB4                     _Teclado_Filas_Idle:
  8527                           	callstack 24
  8528   002FB4                     
  8529                           ;./teclado_3x4_pic18lf25k22.h: 86:     LATCbits.LATC2 = 1;
  8530   002FB4  848B               	bsf	139,2,c	;volatile
  8531                           
  8532                           ;./teclado_3x4_pic18lf25k22.h: 87:     LATCbits.LATC5 = 1;
  8533   002FB6  8A8B               	bsf	139,5,c	;volatile
  8534                           
  8535                           ;./teclado_3x4_pic18lf25k22.h: 88:     LATCbits.LATC6 = 1;
  8536   002FB8  8C8B               	bsf	139,6,c	;volatile
  8537                           
  8538                           ;./teclado_3x4_pic18lf25k22.h: 89:     LATCbits.LATC7 = 1;
  8539   002FBA  8E8B               	bsf	139,7,c	;volatile
  8540   002FBC  0012               	return		;funcret
  8541   002FBE                     __end_of_Teclado_Filas_Idle:
  8542                           	callstack 0
  8543                           
  8544 ;; *************** function _Numero_ResetBuffer *****************
  8545 ;; Defined at:
  8546 ;;		line 680 in file "main.c"
  8547 ;; Parameters:    Size  Location     Type
  8548 ;;		None
  8549 ;; Auto vars:     Size  Location     Type
  8550 ;;  i               1    4[COMRAM] unsigned char 
  8551 ;; Return value:  Size  Location     Type
  8552 ;;                  1    wreg      void 
  8553 ;; Registers used:
  8554 ;;		wreg, fsr2l, fsr2h, status,2, status,0
  8555 ;; Tracked objects:
  8556 ;;		On entry : 0/0
  8557 ;;		On exit  : 0/0
  8558 ;;		Unchanged: 0/0
  8559 ;; Data sizes:     COMRAM   BANK0   BANK1   BANK2   BANK3   BANK4   BANK5
  8560 ;;      Params:         0       0       0       0       0       0       0
  8561 ;;      Locals:         1       0       0       0       0       0       0
  8562 ;;      Temps:          0       0       0       0       0       0       0
  8563 ;;      Totals:         1       0       0       0       0       0       0
  8564 ;;Total ram usage:        1 bytes
  8565 ;; Hardware stack levels used: 1
  8566 ;; Hardware stack levels required when called: 2
  8567 ;; This function calls:
  8568 ;;		Nothing
  8569 ;; This function is called by:
  8570 ;;		_main
  8571 ;;		_Entrada_Iniciar
  8572 ;;		_Entrada_Guardar
  8573 ;; This function uses a non-reentrant model
  8574 ;;
  8575                           
  8576                           	psect	text51
  8577   002D3E                     __ptext51:
  8578                           	callstack 0
  8579   002D3E                     _Numero_ResetBuffer:
  8580                           	callstack 26
  8581   002D3E                     
  8582                           ;main.c: 682:     for (uint8_t i = 0; i < 16; i++)
  8583   002D3E  6A06               	clrf	Numero_ResetBuffer@i^0,c
  8584   002D40                     l5595:
  8585                           
  8586                           ;main.c: 683:     {;main.c: 684:         numero_buffer[i] = '\0';
  8587   002D40  5006               	movf	Numero_ResetBuffer@i^0,w,c
  8588   002D42  0F80               	addlw	low _numero_buffer
  8589   002D44  6ED9               	movwf	fsr2l,c
  8590   002D46  6ADA               	clrf	fsr2h,c
  8591   002D48  6ADF               	clrf	indf2,c
  8592   002D4A                     
  8593                           ;main.c: 685:     }
  8594   002D4A  2A06               	incf	Numero_ResetBuffer@i^0,f,c
  8595   002D4C  0E0F               	movlw	15
  8596   002D4E  6406               	cpfsgt	Numero_ResetBuffer@i^0,c
  8597   002D50  EFAC  F016         	goto	u6001
  8598   002D54  EFAE  F016         	goto	u6000
  8599   002D58                     u6001:
  8600   002D58  EFA0  F016         	goto	l5595
  8601   002D5C                     u6000:
  8602   002D5C                     
  8603                           ;main.c: 687:     numero_len = 0;
  8604   002D5C  0100               	movlb	0	; () banked
  8605   002D5E  6B7B               	clrf	_numero_len& (0+255),b
  8606                           
  8607                           ;main.c: 688:     numero_tiene_punto = 0;
  8608   002D60  6B7A               	clrf	_numero_tiene_punto& (0+255),b
  8609   002D62                     
  8610                           ; BSR set to: 0
  8611   002D62  0012               	return		;funcret
  8612   002D64                     __end_of_Numero_ResetBuffer:
  8613                           	callstack 0
  8614                           
  8615 ;; *************** function _LCD_MostrarEntrada *****************
  8616 ;; Defined at:
  8617 ;;		line 774 in file "main.c"
  8618 ;; Parameters:    Size  Location     Type
  8619 ;;		None
  8620 ;; Auto vars:     Size  Location     Type
  8621 ;;		None
  8622 ;; Return value:  Size  Location     Type
  8623 ;;                  1    wreg      void 
  8624 ;; Registers used:
  8625 ;;		wreg, fsr1l, fsr1h, status,2, status,0, tblptrl, tblptrh, tblptru, cstack
  8626 ;; Tracked objects:
  8627 ;;		On entry : 0/0
  8628 ;;		On exit  : 0/0
  8629 ;;		Unchanged: 0/0
  8630 ;; Data sizes:     COMRAM   BANK0   BANK1   BANK2   BANK3   BANK4   BANK5
  8631 ;;      Params:         0       0       0       0       0       0       0
  8632 ;;      Locals:         0       0       0       0       0       0       0
  8633 ;;      Temps:          0       0       0       0       0       0       0
  8634 ;;      Totals:         0       0       0       0       0       0       0
  8635 ;;Total ram usage:        0 bytes
  8636 ;; Hardware stack levels used: 1
  8637 ;; Hardware stack levels required when called: 2
  8638 ;; This function calls:
  8639 ;;		_LCD_Clear
  8640 ;;		_LCD_Print
  8641 ;;		_LCD_SetCursor
  8642 ;; This function is called by:
  8643 ;;		_Entrada_Iniciar
  8644 ;;		_Entrada_ProcesarTecla
  8645 ;;		_LCD_MostrarMensajeTemporal
  8646 ;; This function uses a non-reentrant model
  8647 ;;
  8648                           
  8649                           	psect	text52
  8650   00211C                     __ptext52:
  8651                           	callstack 0
  8652   00211C                     _LCD_MostrarEntrada:
  8653                           	callstack 25
  8654   00211C                     
  8655                           ;main.c: 776:     LCD_Clear();
  8656   00211C  ECBF  F017         	call	_LCD_Clear	;wreg free
  8657   002120                     
  8658                           ;main.c: 778:     LCD_SetCursor(0, 0);
  8659   002120  0E00               	movlw	0
  8660   002122  6E10               	movwf	LCD_SetCursor@col^0,c
  8661   002124  0E00               	movlw	0
  8662   002126  EC53  F015         	call	_LCD_SetCursor
  8663   00212A                     
  8664                           ;main.c: 780:     if (variable_actual == VAR_VOLTAJE)
  8665   00212A  0100               	movlb	0	; () banked
  8666   00212C  057C               	decf	_variable_actual& (0+255),w,b
  8667   00212E  A4D8               	btfss	status,2,c
  8668   002130  EF9C  F010         	goto	u5821
  8669   002134  EF9E  F010         	goto	u5820
  8670   002138                     u5821:
  8671   002138  EFA8  F010         	goto	l5471
  8672   00213C                     u5820:
  8673   00213C                     
  8674                           ; BSR set to: 0
  8675                           ;main.c: 781:     {;main.c: 782:         LCD_Print("Editando: Voltaje");
  8676   00213C  0E19               	movlw	low STR_14
  8677   00213E  6E10               	movwf	LCD_Print@text^0,c
  8678   002140  5010               	movf	LCD_Print@text^0,w,c
  8679   002142  A4D8               	btfss	status,2,c
  8680   002144  0E06               	movlw	high __smallconst
  8681   002146  6E11               	movwf	(LCD_Print@text+1)^0,c
  8682   002148  ECAD  F014         	call	_LCD_Print	;wreg free
  8683                           
  8684                           ;main.c: 783:     }
  8685   00214C  EFB9  F010         	goto	l5475
  8686   002150                     l5471:
  8687                           
  8688                           ; BSR set to: 0
  8689   002150  0E02               	movlw	2
  8690   002152  197C               	xorwf	_variable_actual& (0+255),w,b
  8691   002154  A4D8               	btfss	status,2,c
  8692   002156  EFAF  F010         	goto	u5831
  8693   00215A  EFB1  F010         	goto	u5830
  8694   00215E                     u5831:
  8695   00215E  EFB9  F010         	goto	l5475
  8696   002162                     u5830:
  8697   002162                     
  8698                           ; BSR set to: 0
  8699                           ;main.c: 785:     {;main.c: 786:         LCD_Print("Editando: Corriente");
  8700   002162  0E05               	movlw	low STR_15
  8701   002164  6E10               	movwf	LCD_Print@text^0,c
  8702   002166  5010               	movf	LCD_Print@text^0,w,c
  8703   002168  A4D8               	btfss	status,2,c
  8704   00216A  0E06               	movlw	high __smallconst
  8705   00216C  6E11               	movwf	(LCD_Print@text+1)^0,c
  8706   00216E  ECAD  F014         	call	_LCD_Print	;wreg free
  8707   002172                     l5475:
  8708                           
  8709                           ;main.c: 789:     LCD_SetCursor(1, 0);
  8710   002172  0E00               	movlw	0
  8711   002174  6E10               	movwf	LCD_SetCursor@col^0,c
  8712   002176  0E01               	movlw	1
  8713   002178  EC53  F015         	call	_LCD_SetCursor
  8714   00217C                     
  8715                           ;main.c: 790:     LCD_Print("Valor: ");
  8716   00217C  0ECF               	movlw	low STR_16
  8717   00217E  6E10               	movwf	LCD_Print@text^0,c
  8718   002180  5010               	movf	LCD_Print@text^0,w,c
  8719   002182  A4D8               	btfss	status,2,c
  8720   002184  0E06               	movlw	high __smallconst
  8721   002186  6E11               	movwf	(LCD_Print@text+1)^0,c
  8722   002188  ECAD  F014         	call	_LCD_Print	;wreg free
  8723   00218C                     
  8724                           ;main.c: 792:     if (numero_len > 0)
  8725   00218C  0100               	movlb	0	; () banked
  8726   00218E  517B               	movf	_numero_len& (0+255),w,b
  8727   002190  B4D8               	btfsc	status,2,c
  8728   002192  EFCD  F010         	goto	u5841
  8729   002196  EFCF  F010         	goto	u5840
  8730   00219A                     u5841:
  8731   00219A  EFD6  F010         	goto	l5483
  8732   00219E                     u5840:
  8733   00219E                     
  8734                           ; BSR set to: 0
  8735                           ;main.c: 793:     {;main.c: 794:         LCD_Print(numero_buffer);
  8736   00219E  0E80               	movlw	low _numero_buffer
  8737   0021A0  6E10               	movwf	LCD_Print@text^0,c
  8738   0021A2  6A11               	clrf	(LCD_Print@text+1)^0,c
  8739   0021A4  ECAD  F014         	call	_LCD_Print	;wreg free
  8740                           
  8741                           ;main.c: 795:     }
  8742   0021A8  EFDE  F010         	goto	l5485
  8743   0021AC                     l5483:
  8744                           
  8745                           ; BSR set to: 0
  8746                           ;main.c: 797:     {;main.c: 798:         LCD_Print("-");
  8747   0021AC  0EF9               	movlw	low STR_17
  8748   0021AE  6E10               	movwf	LCD_Print@text^0,c
  8749   0021B0  5010               	movf	LCD_Print@text^0,w,c
  8750   0021B2  A4D8               	btfss	status,2,c
  8751   0021B4  0E06               	movlw	high __smallconst
  8752   0021B6  6E11               	movwf	(LCD_Print@text+1)^0,c
  8753   0021B8  ECAD  F014         	call	_LCD_Print	;wreg free
  8754   0021BC                     l5485:
  8755                           
  8756                           ;main.c: 801:     LCD_SetCursor(2, 0);
  8757   0021BC  0E00               	movlw	0
  8758   0021BE  6E10               	movwf	LCD_SetCursor@col^0,c
  8759   0021C0  0E02               	movlw	2
  8760   0021C2  EC53  F015         	call	_LCD_SetCursor
  8761   0021C6                     
  8762                           ;main.c: 802:     LCD_Print("# = punto decimal");
  8763   0021C6  0E2B               	movlw	low STR_18
  8764   0021C8  6E10               	movwf	LCD_Print@text^0,c
  8765   0021CA  5010               	movf	LCD_Print@text^0,w,c
  8766   0021CC  A4D8               	btfss	status,2,c
  8767   0021CE  0E06               	movlw	high __smallconst
  8768   0021D0  6E11               	movwf	(LCD_Print@text+1)^0,c
  8769   0021D2  ECAD  F014         	call	_LCD_Print	;wreg free
  8770                           
  8771                           ;main.c: 804:     LCD_SetCursor(3, 0);
  8772   0021D6  0E00               	movlw	0
  8773   0021D8  6E10               	movwf	LCD_SetCursor@col^0,c
  8774   0021DA  0E03               	movlw	3
  8775   0021DC  EC53  F015         	call	_LCD_SetCursor
  8776   0021E0                     
  8777                           ;main.c: 805:     LCD_Print("* = guardar");
  8778   0021E0  0E9E               	movlw	low STR_19
  8779   0021E2  6E10               	movwf	LCD_Print@text^0,c
  8780   0021E4  5010               	movf	LCD_Print@text^0,w,c
  8781   0021E6  A4D8               	btfss	status,2,c
  8782   0021E8  0E06               	movlw	high __smallconst
  8783   0021EA  6E11               	movwf	(LCD_Print@text+1)^0,c
  8784   0021EC  ECAD  F014         	call	_LCD_Print	;wreg free
  8785   0021F0  0012               	return		;funcret
  8786   0021F2                     __end_of_LCD_MostrarEntrada:
  8787                           	callstack 0
  8788                           
  8789 ;; *************** function _LCD_SetCursor *****************
  8790 ;; Defined at:
  8791 ;;		line 166 in file "./lcd_i2c.h"
  8792 ;; Parameters:    Size  Location     Type
  8793 ;;  row             1    wreg     unsigned char 
  8794 ;;  col             1   14[COMRAM] unsigned char 
  8795 ;; Auto vars:     Size  Location     Type
  8796 ;;  row             1   16[COMRAM] unsigned char 
  8797 ;; Return value:  Size  Location     Type
  8798 ;;                  1    wreg      void 
  8799 ;; Registers used:
  8800 ;;		wreg, status,2, status,0, tblptrl, tblptrh, tblptru, cstack
  8801 ;; Tracked objects:
  8802 ;;		On entry : 0/0
  8803 ;;		On exit  : 0/0
  8804 ;;		Unchanged: 0/0
  8805 ;; Data sizes:     COMRAM   BANK0   BANK1   BANK2   BANK3   BANK4   BANK5
  8806 ;;      Params:         1       0       0       0       0       0       0
  8807 ;;      Locals:         1       0       0       0       0       0       0
  8808 ;;      Temps:          1       0       0       0       0       0       0
  8809 ;;      Totals:         3       0       0       0       0       0       0
  8810 ;;Total ram usage:        3 bytes
  8811 ;; Hardware stack levels used: 1
  8812 ;; Hardware stack levels required when called: 2
  8813 ;; This function calls:
  8814 ;;		_LCD_Cmd
  8815 ;; This function is called by:
  8816 ;;		_LCD_ClearLine
  8817 ;;		_LCD_MostrarReposo
  8818 ;;		_LCD_ActualizarMediciones
  8819 ;;		_LCD_MostrarEntrada
  8820 ;;		_LCD_MostrarGuardado
  8821 ;;		_LCD_MostrarMensajeTemporal
  8822 ;; This function uses a non-reentrant model
  8823 ;;
  8824                           
  8825                           	psect	text53
  8826   002AA6                     __ptext53:
  8827                           	callstack 0
  8828   002AA6                     _LCD_SetCursor:
  8829                           	callstack 23
  8830                           
  8831                           ;incstack = 0
  8832                           ;LCD_SetCursor@row stored from wreg
  8833   002AA6  6E12               	movwf	LCD_SetCursor@row^0,c
  8834   002AA8                     
  8835                           ;./lcd_i2c.h: 166: static void LCD_SetCursor(uint8_t row, uint8_t col);./lcd_i2c.h: 167:
      +                           {;./lcd_i2c.h: 168:     static const uint8_t row_offsets[4] = {;./lcd_i2c.h: 175:     i
      +                          f(row >= 4)
  8836   002AA8  0E03               	movlw	3
  8837   002AAA  6412               	cpfsgt	LCD_SetCursor@row^0,c
  8838   002AAC  EF5A  F015         	goto	u4561
  8839   002AB0  EF5C  F015         	goto	u4560
  8840   002AB4                     u4561:
  8841   002AB4  EF5E  F015         	goto	l4679
  8842   002AB8                     u4560:
  8843   002AB8                     
  8844                           ;./lcd_i2c.h: 176:     {;./lcd_i2c.h: 177:         row = 4 - 1;
  8845   002AB8  0E03               	movlw	3
  8846   002ABA  6E12               	movwf	LCD_SetCursor@row^0,c
  8847   002ABC                     l4679:
  8848                           
  8849                           ;./lcd_i2c.h: 180:     if(col >= 20)
  8850   002ABC  0E13               	movlw	19
  8851   002ABE  6410               	cpfsgt	LCD_SetCursor@col^0,c
  8852   002AC0  EF64  F015         	goto	u4571
  8853   002AC4  EF66  F015         	goto	u4570
  8854   002AC8                     u4571:
  8855   002AC8  EF68  F015         	goto	l4683
  8856   002ACC                     u4570:
  8857   002ACC                     
  8858                           ;./lcd_i2c.h: 181:     {;./lcd_i2c.h: 182:         col = 20 - 1;
  8859   002ACC  0E13               	movlw	19
  8860   002ACE  6E10               	movwf	LCD_SetCursor@col^0,c
  8861   002AD0                     l4683:
  8862                           
  8863                           ;./lcd_i2c.h: 185:     LCD_Cmd(0x80 | (row_offsets[row] + col));
  8864   002AD0  5012               	movf	LCD_SetCursor@row^0,w,c
  8865   002AD2  0F01               	addlw	low LCD_SetCursor@row_offsets
  8866   002AD4  6E11               	movwf	??_LCD_SetCursor^0,c
  8867   002AD6  C011  FFF6         	movff	??_LCD_SetCursor,tblptrl
  8868   002ADA                     	if	1	;There is more than 1 active tblptr byte
  8869   002ADA  0E06               	movlw	high __smallconst
  8870   002ADC  6EF7               	movwf	tblptrh,c
  8871   002ADE                     	endif
  8872   002ADE                     	if	0	;tblptru may be non-zero
  8873   002ADE                     	endif
  8874   002ADE                     	if	0	;tblptru may be non-zero
  8875   002ADE                     	endif
  8876   002ADE  0008               	tblrd		*
  8877   002AE0  50F5               	movf	tablat,w,c
  8878   002AE2  2410               	addwf	LCD_SetCursor@col^0,w,c
  8879   002AE4  0980               	iorlw	128
  8880   002AE6  ECAB  F017         	call	_LCD_Cmd
  8881   002AEA  0012               	return		;funcret
  8882   002AEC                     __end_of_LCD_SetCursor:
  8883                           	callstack 0
  8884                           
  8885 ;; *************** function _LCD_Print *****************
  8886 ;; Defined at:
  8887 ;;		line 188 in file "./lcd_i2c.h"
  8888 ;; Parameters:    Size  Location     Type
  8889 ;;  text            2   14[COMRAM] PTR const unsigned char 
  8890 ;;		 -> STR_34(3), STR_33(7), STR_32(6), STR_31(3), 
  8891 ;;		 -> STR_30(8), STR_29(3), STR_28(12), STR_27(3), 
  8892 ;;		 -> STR_26(7), STR_25(6), STR_24(3), STR_23(8), 
  8893 ;;		 -> STR_22(3), STR_21(10), STR_20(15), STR_19(12), 
  8894 ;;		 -> STR_18(18), STR_17(2), STR_16(8), STR_15(20), 
  8895 ;;		 -> STR_14(18), STR_13(3), STR_12(7), STR_11(3), 
  8896 ;;		 -> STR_10(7), STR_9(13), STR_8(4), STR_7(7), 
  8897 ;;		 -> corriente_texto(16), STR_6(11), voltaje_texto(16), STR_5(12), 
  8898 ;;		 -> STR_4(17), STR_3(13), STR_2(15), STR_1(13), 
  8899 ;;		 -> numero_buffer(16), 
  8900 ;; Auto vars:     Size  Location     Type
  8901 ;;		None
  8902 ;; Return value:  Size  Location     Type
  8903 ;;                  1    wreg      void 
  8904 ;; Registers used:
  8905 ;;		wreg, fsr1l, fsr1h, status,2, status,0, tblptrl, tblptrh, tblptru, cstack
  8906 ;; Tracked objects:
  8907 ;;		On entry : 0/0
  8908 ;;		On exit  : 0/0
  8909 ;;		Unchanged: 0/0
  8910 ;; Data sizes:     COMRAM   BANK0   BANK1   BANK2   BANK3   BANK4   BANK5
  8911 ;;      Params:         2       0       0       0       0       0       0
  8912 ;;      Locals:         0       0       0       0       0       0       0
  8913 ;;      Temps:          0       0       0       0       0       0       0
  8914 ;;      Totals:         2       0       0       0       0       0       0
  8915 ;;Total ram usage:        2 bytes
  8916 ;; Hardware stack levels used: 1
  8917 ;; Hardware stack levels required when called: 2
  8918 ;; This function calls:
  8919 ;;		_LCD_Char
  8920 ;; This function is called by:
  8921 ;;		_LCD_MostrarReposo
  8922 ;;		_LCD_ActualizarMediciones
  8923 ;;		_LCD_MostrarEntrada
  8924 ;;		_LCD_MostrarGuardado
  8925 ;;		_LCD_MostrarMensajeTemporal
  8926 ;; This function uses a non-reentrant model
  8927 ;;
  8928                           
  8929                           	psect	text54
  8930   00295A                     __ptext54:
  8931                           	callstack 0
  8932   00295A                     _LCD_Print:
  8933                           	callstack 24
  8934   00295A                     
  8935                           ;./lcd_i2c.h: 188: static void LCD_Print(const char *text);./lcd_i2c.h: 189: {;./lcd_i2c
      +                          .h: 190:     while(*text != '\0')
  8936   00295A  EFC3  F014         	goto	l4809
  8937   00295E                     l4805:
  8938                           
  8939                           ;./lcd_i2c.h: 191:     {;./lcd_i2c.h: 192:         LCD_Char(*text);
  8940   00295E  C010  FFF6         	movff	LCD_Print@text,tblptrl
  8941   002962  C011  FFF7         	movff	LCD_Print@text+1,tblptrh
  8942   002966  6AF8               	clrf	tblptru,c
  8943   002968  0E05               	movlw	(high __ramtop+-1)
  8944   00296A  64F7               	cpfsgt	tblptrh,c
  8945   00296C  D003               	bra	u4767
  8946   00296E  0008               	tblrd		*
  8947   002970  50F5               	movf	tablat,w,c
  8948   002972  D005               	bra	u4760
  8949   002974                     u4767:
  8950   002974  CFF6 FFE1          	movff	tblptrl,fsr1l
  8951   002978  CFF7 FFE2          	movff	tblptrh,fsr1h
  8952   00297C  50E7               	movf	indf1,w,c
  8953   00297E                     u4760:
  8954   00297E  ECCE  F017         	call	_LCD_Char
  8955   002982                     
  8956                           ;./lcd_i2c.h: 193:         text++;
  8957   002982  4A10               	infsnz	LCD_Print@text^0,f,c
  8958   002984  2A11               	incf	(LCD_Print@text+1)^0,f,c
  8959   002986                     l4809:
  8960                           
  8961                           ;./lcd_i2c.h: 190:     while(*text != '\0')
  8962   002986  C010  FFF6         	movff	LCD_Print@text,tblptrl
  8963   00298A  C011  FFF7         	movff	LCD_Print@text+1,tblptrh
  8964   00298E  6AF8               	clrf	tblptru,c
  8965   002990  0E05               	movlw	(high __ramtop+-1)
  8966   002992  64F7               	cpfsgt	tblptrh,c
  8967   002994  D003               	bra	u4777
  8968   002996  0008               	tblrd		*
  8969   002998  50F5               	movf	tablat,w,c
  8970   00299A  D005               	bra	u4770
  8971   00299C                     u4777:
  8972   00299C  CFF6 FFE1          	movff	tblptrl,fsr1l
  8973   0029A0  CFF7 FFE2          	movff	tblptrh,fsr1h
  8974   0029A4  50E7               	movf	indf1,w,c
  8975   0029A6                     u4770:
  8976   0029A6  0900               	iorlw	0
  8977   0029A8  A4D8               	btfss	status,2,c
  8978   0029AA  EFD9  F014         	goto	u4781
  8979   0029AE  EFDB  F014         	goto	u4780
  8980   0029B2                     u4781:
  8981   0029B2  EFAF  F014         	goto	l4805
  8982   0029B6                     u4780:
  8983   0029B6  0012               	return		;funcret
  8984   0029B8                     __end_of_LCD_Print:
  8985                           	callstack 0
  8986                           
  8987 ;; *************** function _LCD_Char *****************
  8988 ;; Defined at:
  8989 ;;		line 149 in file "./lcd_i2c.h"
  8990 ;; Parameters:    Size  Location     Type
  8991 ;;  character       1    wreg     unsigned char 
  8992 ;; Auto vars:     Size  Location     Type
  8993 ;;  character       1   13[COMRAM] unsigned char 
  8994 ;; Return value:  Size  Location     Type
  8995 ;;                  1    wreg      void 
  8996 ;; Registers used:
  8997 ;;		wreg, status,2, status,0, cstack
  8998 ;; Tracked objects:
  8999 ;;		On entry : 0/0
  9000 ;;		On exit  : 0/0
  9001 ;;		Unchanged: 0/0
  9002 ;; Data sizes:     COMRAM   BANK0   BANK1   BANK2   BANK3   BANK4   BANK5
  9003 ;;      Params:         0       0       0       0       0       0       0
  9004 ;;      Locals:         1       0       0       0       0       0       0
  9005 ;;      Temps:          0       0       0       0       0       0       0
  9006 ;;      Totals:         1       0       0       0       0       0       0
  9007 ;;Total ram usage:        1 bytes
  9008 ;; Hardware stack levels used: 1
  9009 ;; Hardware stack levels required when called: 2
  9010 ;; This function calls:
  9011 ;;		_LCD_SendByte
  9012 ;; This function is called by:
  9013 ;;		_LCD_Print
  9014 ;;		_LCD_ClearLine
  9015 ;;		_LCD_PrintUInt
  9016 ;;		_LCD_PrintFixed2
  9017 ;; This function uses a non-reentrant model
  9018 ;;
  9019                           
  9020                           	psect	text55
  9021   002F9C                     __ptext55:
  9022                           	callstack 0
  9023   002F9C                     _LCD_Char:
  9024                           	callstack 22
  9025                           
  9026                           ;incstack = 0
  9027                           ;LCD_Char@character stored from wreg
  9028   002F9C  6E0F               	movwf	LCD_Char@character^0,c
  9029   002F9E                     
  9030                           ;./lcd_i2c.h: 149: static void LCD_Char(char character);./lcd_i2c.h: 150: {;./lcd_i2c.h:
      +                           151:     LCD_SendByte((uint8_t)character, 1);
  9031   002F9E  0E01               	movlw	1
  9032   002FA0  6E0D               	movwf	LCD_SendByte@rs^0,c
  9033   002FA2  500F               	movf	LCD_Char@character^0,w,c
  9034   002FA4  EC29  F017         	call	_LCD_SendByte
  9035   002FA8  0012               	return		;funcret
  9036   002FAA                     __end_of_LCD_Char:
  9037                           	callstack 0
  9038                           
  9039 ;; *************** function _LCD_Clear *****************
  9040 ;; Defined at:
  9041 ;;		line 154 in file "./lcd_i2c.h"
  9042 ;; Parameters:    Size  Location     Type
  9043 ;;		None
  9044 ;; Auto vars:     Size  Location     Type
  9045 ;;		None
  9046 ;; Return value:  Size  Location     Type
  9047 ;;                  1    wreg      void 
  9048 ;; Registers used:
  9049 ;;		wreg, status,2, status,0, cstack
  9050 ;; Tracked objects:
  9051 ;;		On entry : 0/0
  9052 ;;		On exit  : 0/0
  9053 ;;		Unchanged: 0/0
  9054 ;; Data sizes:     COMRAM   BANK0   BANK1   BANK2   BANK3   BANK4   BANK5
  9055 ;;      Params:         0       0       0       0       0       0       0
  9056 ;;      Locals:         0       0       0       0       0       0       0
  9057 ;;      Temps:          0       0       0       0       0       0       0
  9058 ;;      Totals:         0       0       0       0       0       0       0
  9059 ;;Total ram usage:        0 bytes
  9060 ;; Hardware stack levels used: 1
  9061 ;; Hardware stack levels required when called: 2
  9062 ;; This function calls:
  9063 ;;		_LCD_Cmd
  9064 ;; This function is called by:
  9065 ;;		_LCD_Init
  9066 ;;		_LCD_MostrarReposo
  9067 ;;		_LCD_MostrarEntrada
  9068 ;;		_LCD_MostrarGuardado
  9069 ;; This function uses a non-reentrant model
  9070 ;;
  9071                           
  9072                           	psect	text56
  9073   002F7E                     __ptext56:
  9074                           	callstack 0
  9075   002F7E                     _LCD_Clear:
  9076                           	callstack 24
  9077   002F7E                     
  9078                           ;./lcd_i2c.h: 156:     LCD_Cmd(0x01);
  9079   002F7E  0E01               	movlw	1
  9080   002F80  ECAB  F017         	call	_LCD_Cmd
  9081   002F84                     
  9082                           ;./lcd_i2c.h: 157:     _delay((unsigned long)((2)*(1000000UL/4000.0)));
  9083   002F84  0EA6               	movlw	166
  9084   002F86                     u6777:
  9085   002F86  2EE8               	decfsz	wreg,f,c
  9086   002F88  D7FE               	bra	u6777
  9087   002F8A  D000               	nop2	
  9088   002F8C  0012               	return		;funcret
  9089   002F8E                     __end_of_LCD_Clear:
  9090                           	callstack 0
  9091                           
  9092 ;; *************** function _LCD_Cmd *****************
  9093 ;; Defined at:
  9094 ;;		line 143 in file "./lcd_i2c.h"
  9095 ;; Parameters:    Size  Location     Type
  9096 ;;  cmd             1    wreg     unsigned char 
  9097 ;; Auto vars:     Size  Location     Type
  9098 ;;  cmd             1   13[COMRAM] unsigned char 
  9099 ;; Return value:  Size  Location     Type
  9100 ;;                  1    wreg      void 
  9101 ;; Registers used:
  9102 ;;		wreg, status,2, status,0, cstack
  9103 ;; Tracked objects:
  9104 ;;		On entry : 0/0
  9105 ;;		On exit  : 0/0
  9106 ;;		Unchanged: 0/0
  9107 ;; Data sizes:     COMRAM   BANK0   BANK1   BANK2   BANK3   BANK4   BANK5
  9108 ;;      Params:         0       0       0       0       0       0       0
  9109 ;;      Locals:         1       0       0       0       0       0       0
  9110 ;;      Temps:          0       0       0       0       0       0       0
  9111 ;;      Totals:         1       0       0       0       0       0       0
  9112 ;;Total ram usage:        1 bytes
  9113 ;; Hardware stack levels used: 1
  9114 ;; Hardware stack levels required when called: 2
  9115 ;; This function calls:
  9116 ;;		_LCD_SendByte
  9117 ;; This function is called by:
  9118 ;;		_LCD_Clear
  9119 ;;		_LCD_SetCursor
  9120 ;;		_LCD_Init
  9121 ;;		_LCD_Home
  9122 ;; This function uses a non-reentrant model
  9123 ;;
  9124                           
  9125                           	psect	text57
  9126   002F56                     __ptext57:
  9127                           	callstack 0
  9128   002F56                     _LCD_Cmd:
  9129                           	callstack 22
  9130                           
  9131                           ;incstack = 0
  9132                           ;LCD_Cmd@cmd stored from wreg
  9133   002F56  6E0F               	movwf	LCD_Cmd@cmd^0,c
  9134   002F58                     
  9135                           ;./lcd_i2c.h: 143: static void LCD_Cmd(uint8_t cmd);./lcd_i2c.h: 144: {;./lcd_i2c.h: 145
      +                          :     LCD_SendByte(cmd, 0);
  9136   002F58  0E00               	movlw	0
  9137   002F5A  6E0D               	movwf	LCD_SendByte@rs^0,c
  9138   002F5C  500F               	movf	LCD_Cmd@cmd^0,w,c
  9139   002F5E  EC29  F017         	call	_LCD_SendByte
  9140   002F62                     
  9141                           ;./lcd_i2c.h: 146:     _delay((unsigned long)((2)*(1000000UL/4000.0)));
  9142   002F62  0EA6               	movlw	166
  9143   002F64                     u6787:
  9144   002F64  2EE8               	decfsz	wreg,f,c
  9145   002F66  D7FE               	bra	u6787
  9146   002F68  D000               	nop2	
  9147   002F6A  0012               	return		;funcret
  9148   002F6C                     __end_of_LCD_Cmd:
  9149                           	callstack 0
  9150                           
  9151 ;; *************** function _LCD_SendByte *****************
  9152 ;; Defined at:
  9153 ;;		line 133 in file "./lcd_i2c.h"
  9154 ;; Parameters:    Size  Location     Type
  9155 ;;  value           1    wreg     unsigned char 
  9156 ;;  rs              1   11[COMRAM] unsigned char 
  9157 ;; Auto vars:     Size  Location     Type
  9158 ;;  value           1   12[COMRAM] unsigned char 
  9159 ;; Return value:  Size  Location     Type
  9160 ;;                  1    wreg      void 
  9161 ;; Registers used:
  9162 ;;		wreg, status,2, status,0, cstack
  9163 ;; Tracked objects:
  9164 ;;		On entry : 0/0
  9165 ;;		On exit  : 0/0
  9166 ;;		Unchanged: 0/0
  9167 ;; Data sizes:     COMRAM   BANK0   BANK1   BANK2   BANK3   BANK4   BANK5
  9168 ;;      Params:         1       0       0       0       0       0       0
  9169 ;;      Locals:         1       0       0       0       0       0       0
  9170 ;;      Temps:          0       0       0       0       0       0       0
  9171 ;;      Totals:         2       0       0       0       0       0       0
  9172 ;;Total ram usage:        2 bytes
  9173 ;; Hardware stack levels used: 1
  9174 ;; Hardware stack levels required when called: 2
  9175 ;; This function calls:
  9176 ;;		_LCD_SendNibble
  9177 ;; This function is called by:
  9178 ;;		_LCD_Cmd
  9179 ;;		_LCD_Char
  9180 ;; This function uses a non-reentrant model
  9181 ;;
  9182                           
  9183                           	psect	text58
  9184   002E52                     __ptext58:
  9185                           	callstack 0
  9186   002E52                     _LCD_SendByte:
  9187                           	callstack 21
  9188                           
  9189                           ;incstack = 0
  9190                           ;LCD_SendByte@value stored from wreg
  9191   002E52  6E0E               	movwf	LCD_SendByte@value^0,c
  9192   002E54                     
  9193                           ;./lcd_i2c.h: 133: static void LCD_SendByte(uint8_t value, uint8_t rs);./lcd_i2c.h: 134:
      +                           {;./lcd_i2c.h: 135:     LCD_SendNibble(value & 0xF0, rs);
  9194   002E54  C00D  F00A         	movff	LCD_SendByte@rs,LCD_SendNibble@rs
  9195   002E58  500E               	movf	LCD_SendByte@value^0,w,c
  9196   002E5A  0BF0               	andlw	240
  9197   002E5C  ECB2  F016         	call	_LCD_SendNibble
  9198                           
  9199                           ;./lcd_i2c.h: 136:     LCD_SendNibble((value << 4) & 0xF0, rs);
  9200   002E60  C00D  F00A         	movff	LCD_SendByte@rs,LCD_SendNibble@rs
  9201   002E64  380E               	swapf	LCD_SendByte@value^0,w,c
  9202   002E66  0BF0               	andlw	240
  9203   002E68  0BF0               	andlw	240
  9204   002E6A  ECB2  F016         	call	_LCD_SendNibble
  9205   002E6E  0012               	return		;funcret
  9206   002E70                     __end_of_LCD_SendByte:
  9207                           	callstack 0
  9208                           
  9209 ;; *************** function _LCD_SendNibble *****************
  9210 ;; Defined at:
  9211 ;;		line 116 in file "./lcd_i2c.h"
  9212 ;; Parameters:    Size  Location     Type
  9213 ;;  nibble          1    wreg     unsigned char 
  9214 ;;  rs              1    8[COMRAM] unsigned char 
  9215 ;; Auto vars:     Size  Location     Type
  9216 ;;  nibble          1    9[COMRAM] unsigned char 
  9217 ;;  data            1   10[COMRAM] unsigned char 
  9218 ;; Return value:  Size  Location     Type
  9219 ;;                  1    wreg      void 
  9220 ;; Registers used:
  9221 ;;		wreg, status,2, status,0, cstack
  9222 ;; Tracked objects:
  9223 ;;		On entry : 0/0
  9224 ;;		On exit  : 0/0
  9225 ;;		Unchanged: 0/0
  9226 ;; Data sizes:     COMRAM   BANK0   BANK1   BANK2   BANK3   BANK4   BANK5
  9227 ;;      Params:         1       0       0       0       0       0       0
  9228 ;;      Locals:         2       0       0       0       0       0       0
  9229 ;;      Temps:          0       0       0       0       0       0       0
  9230 ;;      Totals:         3       0       0       0       0       0       0
  9231 ;;Total ram usage:        3 bytes
  9232 ;; Hardware stack levels used: 1
  9233 ;; Hardware stack levels required when called: 2
  9234 ;; This function calls:
  9235 ;;		_LCD_Pulse
  9236 ;; This function is called by:
  9237 ;;		_LCD_SendByte
  9238 ;;		_LCD_Init
  9239 ;; This function uses a non-reentrant model
  9240 ;;
  9241                           
  9242                           	psect	text59
  9243   002D64                     __ptext59:
  9244                           	callstack 0
  9245   002D64                     _LCD_SendNibble:
  9246                           	callstack 20
  9247                           
  9248                           ;incstack = 0
  9249                           ;LCD_SendNibble@nibble stored from wreg
  9250   002D64  6E0B               	movwf	LCD_SendNibble@nibble^0,c
  9251   002D66                     
  9252                           ;./lcd_i2c.h: 116: static void LCD_SendNibble(uint8_t nibble, uint8_t rs);./lcd_i2c.h: 1
      +                          17: {;./lcd_i2c.h: 118:     uint8_t data;;./lcd_i2c.h: 120:     data = (nibble & 0xF0) |
      +                           0x08;
  9253   002D66  500B               	movf	LCD_SendNibble@nibble^0,w,c
  9254   002D68  0BF0               	andlw	240
  9255   002D6A  0908               	iorlw	8
  9256   002D6C  6E0C               	movwf	LCD_SendNibble@data^0,c
  9257   002D6E                     
  9258                           ;./lcd_i2c.h: 122:     if(rs)
  9259   002D6E  500A               	movf	LCD_SendNibble@rs^0,w,c
  9260   002D70  B4D8               	btfsc	status,2,c
  9261   002D72  EFBD  F016         	goto	u4491
  9262   002D76  EFBF  F016         	goto	u4490
  9263   002D7A                     u4491:
  9264   002D7A  EFC0  F016         	goto	l144
  9265   002D7E                     u4490:
  9266   002D7E                     
  9267                           ;./lcd_i2c.h: 123:     {;./lcd_i2c.h: 124:         data |= 0x01;
  9268   002D7E  800C               	bsf	LCD_SendNibble@data^0,0,c
  9269   002D80                     l144:
  9270                           
  9271                           ;./lcd_i2c.h: 128:     data &= ~0x02;
  9272   002D80  920C               	bcf	LCD_SendNibble@data^0,1,c
  9273   002D82                     
  9274                           ;./lcd_i2c.h: 130:     LCD_Pulse(data);
  9275   002D82  500C               	movf	LCD_SendNibble@data^0,w,c
  9276   002D84  EC38  F017         	call	_LCD_Pulse
  9277   002D88  0012               	return		;funcret
  9278   002D8A                     __end_of_LCD_SendNibble:
  9279                           	callstack 0
  9280                           
  9281 ;; *************** function _LCD_Pulse *****************
  9282 ;; Defined at:
  9283 ;;		line 107 in file "./lcd_i2c.h"
  9284 ;; Parameters:    Size  Location     Type
  9285 ;;  data            1    wreg     unsigned char 
  9286 ;; Auto vars:     Size  Location     Type
  9287 ;;  data            1    7[COMRAM] unsigned char 
  9288 ;; Return value:  Size  Location     Type
  9289 ;;                  1    wreg      void 
  9290 ;; Registers used:
  9291 ;;		wreg, status,2, status,0, cstack
  9292 ;; Tracked objects:
  9293 ;;		On entry : 0/0
  9294 ;;		On exit  : 0/0
  9295 ;;		Unchanged: 0/0
  9296 ;; Data sizes:     COMRAM   BANK0   BANK1   BANK2   BANK3   BANK4   BANK5
  9297 ;;      Params:         0       0       0       0       0       0       0
  9298 ;;      Locals:         1       0       0       0       0       0       0
  9299 ;;      Temps:          0       0       0       0       0       0       0
  9300 ;;      Totals:         1       0       0       0       0       0       0
  9301 ;;Total ram usage:        1 bytes
  9302 ;; Hardware stack levels used: 1
  9303 ;; Hardware stack levels required when called: 5
  9304 ;; This function calls:
  9305 ;;		_LCD_PCF8574_Write
  9306 ;; This function is called by:
  9307 ;;		_LCD_SendNibble
  9308 ;; This function uses a non-reentrant model
  9309 ;;
  9310                           
  9311                           	psect	text60
  9312   002E70                     __ptext60:
  9313                           	callstack 0
  9314   002E70                     _LCD_Pulse:
  9315                           	callstack 16
  9316                           
  9317                           ;incstack = 0
  9318                           ;LCD_Pulse@data stored from wreg
  9319   002E70  6E09               	movwf	LCD_Pulse@data^0,c
  9320   002E72                     
  9321                           ;./lcd_i2c.h: 107: static void LCD_Pulse(uint8_t data);./lcd_i2c.h: 108: {;./lcd_i2c.h: 
      +                          109:     LCD_PCF8574_Write(data | 0x04);
  9322   002E72  5009               	movf	LCD_Pulse@data^0,w,c
  9323   002E74  0904               	iorlw	4
  9324   002E76  EC7D  F017         	call	_LCD_PCF8574_Write
  9325   002E7A                     
  9326                           ;./lcd_i2c.h: 110:     _delay((unsigned long)((5)*(1000000UL/4000000.0)));
  9327   002E7A  0000               	nop	
  9328                           
  9329                           ;./lcd_i2c.h: 112:     LCD_PCF8574_Write(data & ~0x04);
  9330   002E7C  5009               	movf	LCD_Pulse@data^0,w,c
  9331   002E7E  0BFB               	andlw	251
  9332   002E80  EC7D  F017         	call	_LCD_PCF8574_Write
  9333   002E84                     
  9334                           ;./lcd_i2c.h: 113:     _delay((unsigned long)((100)*(1000000UL/4000000.0)));
  9335   002E84  0E08               	movlw	8
  9336   002E86                     u6797:
  9337   002E86  2EE8               	decfsz	wreg,f,c
  9338   002E88  D7FE               	bra	u6797
  9339   002E8A  0000               	nop	
  9340   002E8C  0012               	return		;funcret
  9341   002E8E                     __end_of_LCD_Pulse:
  9342                           	callstack 0
  9343                           
  9344 ;; *************** function _LCD_PCF8574_Write *****************
  9345 ;; Defined at:
  9346 ;;		line 95 in file "./lcd_i2c.h"
  9347 ;; Parameters:    Size  Location     Type
  9348 ;;  data            1    wreg     unsigned char 
  9349 ;; Auto vars:     Size  Location     Type
  9350 ;;  data            1    6[COMRAM] unsigned char 
  9351 ;; Return value:  Size  Location     Type
  9352 ;;                  1    wreg      void 
  9353 ;; Registers used:
  9354 ;;		wreg, status,2, status,0, cstack
  9355 ;; Tracked objects:
  9356 ;;		On entry : 0/0
  9357 ;;		On exit  : 0/0
  9358 ;;		Unchanged: 0/0
  9359 ;; Data sizes:     COMRAM   BANK0   BANK1   BANK2   BANK3   BANK4   BANK5
  9360 ;;      Params:         0       0       0       0       0       0       0
  9361 ;;      Locals:         1       0       0       0       0       0       0
  9362 ;;      Temps:          0       0       0       0       0       0       0
  9363 ;;      Totals:         1       0       0       0       0       0       0
  9364 ;;Total ram usage:        1 bytes
  9365 ;; Hardware stack levels used: 1
  9366 ;; Hardware stack levels required when called: 4
  9367 ;; This function calls:
  9368 ;;		_LCD_I2C2_Start
  9369 ;;		_LCD_I2C2_Stop
  9370 ;;		_LCD_I2C2_Write
  9371 ;; This function is called by:
  9372 ;;		_LCD_Pulse
  9373 ;;		_LCD_Backlight_On
  9374 ;;		_LCD_Backlight_Off
  9375 ;; This function uses a non-reentrant model
  9376 ;;
  9377                           
  9378                           	psect	text61
  9379   002EFA                     __ptext61:
  9380                           	callstack 0
  9381   002EFA                     _LCD_PCF8574_Write:
  9382                           	callstack 16
  9383                           
  9384                           ;incstack = 0
  9385                           ;LCD_PCF8574_Write@data stored from wreg
  9386   002EFA  6E08               	movwf	LCD_PCF8574_Write@data^0,c
  9387   002EFC                     
  9388                           ;./lcd_i2c.h: 95: static void LCD_PCF8574_Write(uint8_t data);./lcd_i2c.h: 96: {;./lcd_i
      +                          2c.h: 97:     LCD_I2C2_Start();
  9389   002EFC  ECE3  F017         	call	_LCD_I2C2_Start	;wreg free
  9390                           
  9391                           ;./lcd_i2c.h: 98:     LCD_I2C2_Write(0x40);
  9392   002F00  0E40               	movlw	64
  9393   002F02  EC47  F017         	call	_LCD_I2C2_Write
  9394                           
  9395                           ;./lcd_i2c.h: 99:     LCD_I2C2_Write(data);
  9396   002F06  5008               	movf	LCD_PCF8574_Write@data^0,w,c
  9397   002F08  EC47  F017         	call	_LCD_I2C2_Write
  9398                           
  9399                           ;./lcd_i2c.h: 100:     LCD_I2C2_Stop();
  9400   002F0C  ECDF  F017         	call	_LCD_I2C2_Stop	;wreg free
  9401   002F10  0012               	return		;funcret
  9402   002F12                     __end_of_LCD_PCF8574_Write:
  9403                           	callstack 0
  9404                           
  9405 ;; *************** function _LCD_I2C2_Write *****************
  9406 ;; Defined at:
  9407 ;;		line 76 in file "./lcd_i2c.h"
  9408 ;; Parameters:    Size  Location     Type
  9409 ;;  data            1    wreg     unsigned char 
  9410 ;; Auto vars:     Size  Location     Type
  9411 ;;  data            1    5[COMRAM] unsigned char 
  9412 ;; Return value:  Size  Location     Type
  9413 ;;                  1    wreg      void 
  9414 ;; Registers used:
  9415 ;;		wreg, status,2, status,0, cstack
  9416 ;; Tracked objects:
  9417 ;;		On entry : 0/0
  9418 ;;		On exit  : 0/0
  9419 ;;		Unchanged: 0/0
  9420 ;; Data sizes:     COMRAM   BANK0   BANK1   BANK2   BANK3   BANK4   BANK5
  9421 ;;      Params:         0       0       0       0       0       0       0
  9422 ;;      Locals:         1       0       0       0       0       0       0
  9423 ;;      Temps:          0       0       0       0       0       0       0
  9424 ;;      Totals:         1       0       0       0       0       0       0
  9425 ;;Total ram usage:        1 bytes
  9426 ;; Hardware stack levels used: 1
  9427 ;; Hardware stack levels required when called: 3
  9428 ;; This function calls:
  9429 ;;		_LCD_I2C2_Wait
  9430 ;; This function is called by:
  9431 ;;		_LCD_PCF8574_Write
  9432 ;; This function uses a non-reentrant model
  9433 ;;
  9434                           
  9435                           	psect	text62
  9436   002E8E                     __ptext62:
  9437                           	callstack 0
  9438   002E8E                     _LCD_I2C2_Write:
  9439                           	callstack 16
  9440                           
  9441                           ;incstack = 0
  9442                           ;LCD_I2C2_Write@data stored from wreg
  9443   002E8E  6E07               	movwf	LCD_I2C2_Write@data^0,c
  9444   002E90                     
  9445                           ;./lcd_i2c.h: 76: static void LCD_I2C2_Write(uint8_t data);./lcd_i2c.h: 77: {;./lcd_i2c.
      +                          h: 78:     LCD_I2C2_Wait();
  9446   002E90  ECC5  F016         	call	_LCD_I2C2_Wait	;wreg free
  9447   002E94                     
  9448                           ;./lcd_i2c.h: 80:     SSP2BUF = data;
  9449   002E94  C007  FF6F         	movff	LCD_I2C2_Write@data,3951	;volatile
  9450   002E98                     l132:
  9451                           
  9452                           ;./lcd_i2c.h: 83:     while(SSP2STAT & 0x01)
  9453   002E98  B06D               	btfsc	109,0,c	;volatile
  9454   002E9A  EF51  F017         	goto	u4481
  9455   002E9E  EF53  F017         	goto	u4480
  9456   002EA2                     u4481:
  9457   002EA2  EF4C  F017         	goto	l132
  9458   002EA6                     u4480:
  9459   002EA6                     
  9460                           ;./lcd_i2c.h: 88:     LCD_I2C2_Wait();
  9461   002EA6  ECC5  F016         	call	_LCD_I2C2_Wait	;wreg free
  9462   002EAA  0012               	return		;funcret
  9463   002EAC                     __end_of_LCD_I2C2_Write:
  9464                           	callstack 0
  9465                           
  9466 ;; *************** function _LCD_I2C2_Stop *****************
  9467 ;; Defined at:
  9468 ;;		line 70 in file "./lcd_i2c.h"
  9469 ;; Parameters:    Size  Location     Type
  9470 ;;		None
  9471 ;; Auto vars:     Size  Location     Type
  9472 ;;		None
  9473 ;; Return value:  Size  Location     Type
  9474 ;;                  1    wreg      void 
  9475 ;; Registers used:
  9476 ;;		wreg, status,2, status,0, cstack
  9477 ;; Tracked objects:
  9478 ;;		On entry : 0/0
  9479 ;;		On exit  : 0/0
  9480 ;;		Unchanged: 0/0
  9481 ;; Data sizes:     COMRAM   BANK0   BANK1   BANK2   BANK3   BANK4   BANK5
  9482 ;;      Params:         0       0       0       0       0       0       0
  9483 ;;      Locals:         0       0       0       0       0       0       0
  9484 ;;      Temps:          0       0       0       0       0       0       0
  9485 ;;      Totals:         0       0       0       0       0       0       0
  9486 ;;Total ram usage:        0 bytes
  9487 ;; Hardware stack levels used: 1
  9488 ;; Hardware stack levels required when called: 3
  9489 ;; This function calls:
  9490 ;;		_LCD_I2C2_Wait
  9491 ;; This function is called by:
  9492 ;;		_LCD_PCF8574_Write
  9493 ;; This function uses a non-reentrant model
  9494 ;;
  9495                           
  9496                           	psect	text63
  9497   002FBE                     __ptext63:
  9498                           	callstack 0
  9499   002FBE                     _LCD_I2C2_Stop:
  9500                           	callstack 16
  9501   002FBE                     
  9502                           ;./lcd_i2c.h: 72:     LCD_I2C2_Wait();
  9503   002FBE  ECC5  F016         	call	_LCD_I2C2_Wait	;wreg free
  9504   002FC2                     
  9505                           ;./lcd_i2c.h: 73:     SSP2CON2 |= 0x04;
  9506   002FC2  846B               	bsf	107,2,c	;volatile
  9507   002FC4  0012               	return		;funcret
  9508   002FC6                     __end_of_LCD_I2C2_Stop:
  9509                           	callstack 0
  9510                           
  9511 ;; *************** function _LCD_I2C2_Start *****************
  9512 ;; Defined at:
  9513 ;;		line 64 in file "./lcd_i2c.h"
  9514 ;; Parameters:    Size  Location     Type
  9515 ;;		None
  9516 ;; Auto vars:     Size  Location     Type
  9517 ;;		None
  9518 ;; Return value:  Size  Location     Type
  9519 ;;                  1    wreg      void 
  9520 ;; Registers used:
  9521 ;;		wreg, status,2, status,0, cstack
  9522 ;; Tracked objects:
  9523 ;;		On entry : 0/0
  9524 ;;		On exit  : 0/0
  9525 ;;		Unchanged: 0/0
  9526 ;; Data sizes:     COMRAM   BANK0   BANK1   BANK2   BANK3   BANK4   BANK5
  9527 ;;      Params:         0       0       0       0       0       0       0
  9528 ;;      Locals:         0       0       0       0       0       0       0
  9529 ;;      Temps:          0       0       0       0       0       0       0
  9530 ;;      Totals:         0       0       0       0       0       0       0
  9531 ;;Total ram usage:        0 bytes
  9532 ;; Hardware stack levels used: 1
  9533 ;; Hardware stack levels required when called: 3
  9534 ;; This function calls:
  9535 ;;		_LCD_I2C2_Wait
  9536 ;; This function is called by:
  9537 ;;		_LCD_PCF8574_Write
  9538 ;; This function uses a non-reentrant model
  9539 ;;
  9540                           
  9541                           	psect	text64
  9542   002FC6                     __ptext64:
  9543                           	callstack 0
  9544   002FC6                     _LCD_I2C2_Start:
  9545                           	callstack 16
  9546   002FC6                     
  9547                           ;./lcd_i2c.h: 66:     LCD_I2C2_Wait();
  9548   002FC6  ECC5  F016         	call	_LCD_I2C2_Wait	;wreg free
  9549   002FCA                     
  9550                           ;./lcd_i2c.h: 67:     SSP2CON2 |= 0x01;
  9551   002FCA  806B               	bsf	107,0,c	;volatile
  9552   002FCC  0012               	return		;funcret
  9553   002FCE                     __end_of_LCD_I2C2_Start:
  9554                           	callstack 0
  9555                           
  9556 ;; *************** function _LCD_I2C2_Wait *****************
  9557 ;; Defined at:
  9558 ;;		line 55 in file "./lcd_i2c.h"
  9559 ;; Parameters:    Size  Location     Type
  9560 ;;		None
  9561 ;; Auto vars:     Size  Location     Type
  9562 ;;		None
  9563 ;; Return value:  Size  Location     Type
  9564 ;;                  1    wreg      void 
  9565 ;; Registers used:
  9566 ;;		wreg, status,2, status,0
  9567 ;; Tracked objects:
  9568 ;;		On entry : 0/0
  9569 ;;		On exit  : 0/0
  9570 ;;		Unchanged: 0/0
  9571 ;; Data sizes:     COMRAM   BANK0   BANK1   BANK2   BANK3   BANK4   BANK5
  9572 ;;      Params:         0       0       0       0       0       0       0
  9573 ;;      Locals:         0       0       0       0       0       0       0
  9574 ;;      Temps:          1       0       0       0       0       0       0
  9575 ;;      Totals:         1       0       0       0       0       0       0
  9576 ;;Total ram usage:        1 bytes
  9577 ;; Hardware stack levels used: 1
  9578 ;; Hardware stack levels required when called: 2
  9579 ;; This function calls:
  9580 ;;		Nothing
  9581 ;; This function is called by:
  9582 ;;		_LCD_I2C2_Start
  9583 ;;		_LCD_I2C2_Stop
  9584 ;;		_LCD_I2C2_Write
  9585 ;; This function uses a non-reentrant model
  9586 ;;
  9587                           
  9588                           	psect	text65
  9589   002D8A                     __ptext65:
  9590                           	callstack 0
  9591   002D8A                     _LCD_I2C2_Wait:
  9592                           	callstack 16
  9593   002D8A                     l4595:
  9594                           
  9595                           ;./lcd_i2c.h: 58:     while((SSP2CON2 & 0x1F) || (SSP2STAT & 0x04))
  9596   002D8A  CF6B F006          	movff	3947,??_LCD_I2C2_Wait	;volatile
  9597   002D8E  0E1F               	movlw	31
  9598   002D90  1606               	andwf	??_LCD_I2C2_Wait^0,f,c
  9599   002D92  A4D8               	btfss	status,2,c
  9600   002D94  EFCE  F016         	goto	u4461
  9601   002D98  EFD0  F016         	goto	u4460
  9602   002D9C                     u4461:
  9603   002D9C  EFC5  F016         	goto	l4595
  9604   002DA0                     u4460:
  9605   002DA0  B46D               	btfsc	109,2,c	;volatile
  9606   002DA2  EFD5  F016         	goto	u4471
  9607   002DA6  EFD7  F016         	goto	u4470
  9608   002DAA                     u4471:
  9609   002DAA  EFC5  F016         	goto	l4595
  9610   002DAE                     u4470:
  9611   002DAE  0012               	return		;funcret
  9612   002DB0                     __end_of_LCD_I2C2_Wait:
  9613                           	callstack 0
  9614                           
  9615 ;; *************** function _Boton_EstaPresionado *****************
  9616 ;; Defined at:
  9617 ;;		line 500 in file "main.c"
  9618 ;; Parameters:    Size  Location     Type
  9619 ;;  estado          1    wreg     unsigned char 
  9620 ;; Auto vars:     Size  Location     Type
  9621 ;;  estado          1    4[COMRAM] unsigned char 
  9622 ;; Return value:  Size  Location     Type
  9623 ;;                  1    wreg      unsigned char 
  9624 ;; Registers used:
  9625 ;;		wreg, status,2
  9626 ;; Tracked objects:
  9627 ;;		On entry : 0/0
  9628 ;;		On exit  : 0/0
  9629 ;;		Unchanged: 0/0
  9630 ;; Data sizes:     COMRAM   BANK0   BANK1   BANK2   BANK3   BANK4   BANK5
  9631 ;;      Params:         0       0       0       0       0       0       0
  9632 ;;      Locals:         1       0       0       0       0       0       0
  9633 ;;      Temps:          0       0       0       0       0       0       0
  9634 ;;      Totals:         1       0       0       0       0       0       0
  9635 ;;Total ram usage:        1 bytes
  9636 ;; Hardware stack levels used: 1
  9637 ;; Hardware stack levels required when called: 2
  9638 ;; This function calls:
  9639 ;;		Nothing
  9640 ;; This function is called by:
  9641 ;;		_Botones_Actualizar
  9642 ;; This function uses a non-reentrant model
  9643 ;;
  9644                           
  9645                           	psect	text66
  9646   002F12                     __ptext66:
  9647                           	callstack 0
  9648   002F12                     _Boton_EstaPresionado:
  9649                           	callstack 27
  9650                           
  9651                           ;incstack = 0
  9652                           ;Boton_EstaPresionado@estado stored from wreg
  9653   002F12  6E06               	movwf	Boton_EstaPresionado@estado^0,c
  9654   002F14                     
  9655                           ;main.c: 500: uint8_t Boton_EstaPresionado(uint8_t estado);main.c: 501: {;main.c: 503:  
      +                             return (estado != 0);
  9656   002F14  5006               	movf	Boton_EstaPresionado@estado^0,w,c
  9657   002F16  A4D8               	btfss	status,2,c
  9658   002F18  EF90  F017         	goto	u6241
  9659   002F1C  EF93  F017         	goto	u6240
  9660   002F20                     u6241:
  9661   002F20  0E01               	movlw	1
  9662   002F22  EF94  F017         	goto	u6250
  9663   002F26                     u6240:
  9664   002F26  0E00               	movlw	0
  9665   002F28                     u6250:
  9666   002F28  0012               	return		;funcret
  9667   002F2A                     __end_of_Boton_EstaPresionado:
  9668                           	callstack 0
  9669                           
  9670 ;; *************** function _ADC_Init *****************
  9671 ;; Defined at:
  9672 ;;		line 362 in file "main.c"
  9673 ;; Parameters:    Size  Location     Type
  9674 ;;		None
  9675 ;; Auto vars:     Size  Location     Type
  9676 ;;		None
  9677 ;; Return value:  Size  Location     Type
  9678 ;;                  1    wreg      void 
  9679 ;; Registers used:
  9680 ;;		wreg, status,2
  9681 ;; Tracked objects:
  9682 ;;		On entry : 0/0
  9683 ;;		On exit  : 0/0
  9684 ;;		Unchanged: 0/0
  9685 ;; Data sizes:     COMRAM   BANK0   BANK1   BANK2   BANK3   BANK4   BANK5
  9686 ;;      Params:         0       0       0       0       0       0       0
  9687 ;;      Locals:         0       0       0       0       0       0       0
  9688 ;;      Temps:          0       0       0       0       0       0       0
  9689 ;;      Totals:         0       0       0       0       0       0       0
  9690 ;;Total ram usage:        0 bytes
  9691 ;; Hardware stack levels used: 1
  9692 ;; Hardware stack levels required when called: 2
  9693 ;; This function calls:
  9694 ;;		Nothing
  9695 ;; This function is called by:
  9696 ;;		_main
  9697 ;; This function uses a non-reentrant model
  9698 ;;
  9699                           
  9700                           	psect	text67
  9701   002EAC                     __ptext67:
  9702                           	callstack 0
  9703   002EAC                     _ADC_Init:
  9704                           	callstack 28
  9705   002EAC                     
  9706                           ;main.c: 370:     TRISAbits.TRISA1 = 1;
  9707   002EAC  8292               	bsf	146,1,c	;volatile
  9708                           
  9709                           ;main.c: 371:     TRISAbits.TRISA2 = 1;
  9710   002EAE  8492               	bsf	146,2,c	;volatile
  9711                           
  9712                           ;main.c: 374:     ANSELAbits.ANSA1 = 1;
  9713   002EB0  010F               	movlb	15	; () banked
  9714   002EB2  8338               	bsf	56,1,b	;volatile
  9715                           
  9716                           ;main.c: 375:     ANSELAbits.ANSA2 = 1;
  9717   002EB4  8538               	bsf	56,2,b	;volatile
  9718                           
  9719                           ;main.c: 382:     ADCON1 = 0x00;
  9720   002EB6  6AC1               	clrf	193,c	;volatile
  9721   002EB8                     
  9722                           ; BSR set to: 15
  9723                           ;main.c: 393:     ADCON2 = 0xA9;
  9724   002EB8  0EA9               	movlw	169
  9725   002EBA  6EC0               	movwf	192,c	;volatile
  9726                           
  9727                           ;main.c: 396:     ADCON0 = 0x01;
  9728   002EBC  0E01               	movlw	1
  9729   002EBE  6EC2               	movwf	194,c	;volatile
  9730   002EC0                     
  9731                           ; BSR set to: 15
  9732                           ;main.c: 398:     _delay((unsigned long)((5)*(1000000UL/4000.0)));
  9733   002EC0  0EFA               	movlw	250
  9734   002EC2                     u6807:
  9735   002EC2  D000               	nop2	
  9736   002EC4  2EE8               	decfsz	wreg,f,c
  9737   002EC6  D7FD               	bra	u6807
  9738   002EC8  0012               	return		;funcret
  9739   002ECA                     __end_of_ADC_Init:
  9740                           	callstack 0
  9741                           
  9742 ;; *************** function _ISR *****************
  9743 ;; Defined at:
  9744 ;;		line 174 in file "main.c"
  9745 ;; Parameters:    Size  Location     Type
  9746 ;;		None
  9747 ;; Auto vars:     Size  Location     Type
  9748 ;;  rb7_actual      1    3[COMRAM] unsigned char 
  9749 ;;  lectura         1    2[COMRAM] unsigned char 
  9750 ;; Return value:  Size  Location     Type
  9751 ;;                  1    wreg      void 
  9752 ;; Registers used:
  9753 ;;		wreg, status,2, status,0, cstack
  9754 ;; Tracked objects:
  9755 ;;		On entry : 0/0
  9756 ;;		On exit  : 0/0
  9757 ;;		Unchanged: 0/0
  9758 ;; Data sizes:     COMRAM   BANK0   BANK1   BANK2   BANK3   BANK4   BANK5
  9759 ;;      Params:         0       0       0       0       0       0       0
  9760 ;;      Locals:         2       0       0       0       0       0       0
  9761 ;;      Temps:          0       0       0       0       0       0       0
  9762 ;;      Totals:         2       0       0       0       0       0       0
  9763 ;;Total ram usage:        2 bytes
  9764 ;; Hardware stack levels used: 1
  9765 ;; Hardware stack levels required when called: 1
  9766 ;; This function calls:
  9767 ;;		_Teclado_ISR
  9768 ;; This function is called by:
  9769 ;;		Interrupt level 2
  9770 ;; This function uses a non-reentrant model
  9771 ;;
  9772                           
  9773                           	psect	intcode
  9774   000008                     __pintcode:
  9775                           	callstack 0
  9776   000008                     _ISR:
  9777                           	callstack 16
  9778                           
  9779                           ;incstack = 0
  9780   000008  8201               	bsf	int$flags,1,c	;set compiler interrupt flag (level 2)
  9781   00000A                     
  9782                           ;main.c: 176:     uint8_t lectura;;main.c: 177:     uint8_t rb7_actual;;main.c: 182:    
      +                           if (INTCONbits.INT0IF == 1)
  9783   00000A  A2F2               	btfss	242,1,c	;volatile
  9784   00000C  EF0A  F000         	goto	i2u436_41
  9785   000010  EF0C  F000         	goto	i2u436_40
  9786   000014                     i2u436_41:
  9787   000014  EF18  F000         	goto	i2l4533
  9788   000018                     i2u436_40:
  9789   000018                     
  9790                           ;main.c: 183:     {;main.c: 184:         INTCONbits.INT0IF = 0;
  9791   000018  92F2               	bcf	242,1,c	;volatile
  9792   00001A                     
  9793                           ;main.c: 186:         if (entrada_habilitada == 0)
  9794   00001A  5058               	movf	_entrada_habilitada^0,w,c	;volatile
  9795   00001C  A4D8               	btfss	status,2,c
  9796   00001E  EF13  F000         	goto	i2u437_41
  9797   000022  EF15  F000         	goto	i2u437_40
  9798   000026                     i2u437_41:
  9799   000026  EF18  F000         	goto	i2l4533
  9800   00002A                     i2u437_40:
  9801   00002A                     
  9802                           ;main.c: 187:         {;main.c: 188:             boton_voltaje_evento = 1;
  9803   00002A  0E01               	movlw	1
  9804   00002C  0100               	movlb	0	; () banked
  9805   00002E  6F7F               	movwf	_boton_voltaje_evento& (0+255),b	;volatile
  9806   000030                     i2l4533:
  9807                           
  9808                           ;main.c: 197:     if (INTCONbits.RBIF == 1)
  9809   000030  A0F2               	btfss	242,0,c	;volatile
  9810   000032  EF1D  F000         	goto	i2u438_41
  9811   000036  EF1F  F000         	goto	i2u438_40
  9812   00003A                     i2u438_41:
  9813   00003A  EF48  F000         	goto	i2l4549
  9814   00003E                     i2u438_40:
  9815   00003E                     
  9816                           ;main.c: 198:     {;main.c: 199:         lectura = PORTB;
  9817   00003E  CF81 F004          	movff	3969,ISR@lectura	;volatile
  9818   000042                     
  9819                           ;main.c: 201:         rb7_actual = (lectura & 0b10000000) ? 1 : 0;
  9820   000042  BE04               	btfsc	ISR@lectura^0,7,c
  9821   000044  EF26  F000         	goto	i2u439_41
  9822   000048  EF29  F000         	goto	i2u439_40
  9823   00004C                     i2u439_41:
  9824   00004C  0E01               	movlw	1
  9825   00004E  EF2A  F000         	goto	i2u440_40
  9826   000052                     i2u439_40:
  9827   000052  0E00               	movlw	0
  9828   000054                     i2u440_40:
  9829   000054  6E05               	movwf	ISR@rb7_actual^0,c
  9830   000056                     
  9831                           ;main.c: 204:         if ((rb7_actual == 1) && (rb7_anterior == 0))
  9832   000056  0405               	decf	ISR@rb7_actual^0,w,c
  9833   000058  A4D8               	btfss	status,2,c
  9834   00005A  EF31  F000         	goto	i2u441_41
  9835   00005E  EF33  F000         	goto	i2u441_40
  9836   000062                     i2u441_41:
  9837   000062  EF46  F000         	goto	i2l4547
  9838   000066                     i2u441_40:
  9839   000066  0100               	movlb	0	; () banked
  9840   000068  517D               	movf	_rb7_anterior& (0+255),w,b	;volatile
  9841   00006A  A4D8               	btfss	status,2,c
  9842   00006C  EF3A  F000         	goto	i2u442_41
  9843   000070  EF3C  F000         	goto	i2u442_40
  9844   000074                     i2u442_41:
  9845   000074  EF46  F000         	goto	i2l4547
  9846   000078                     i2u442_40:
  9847   000078                     
  9848                           ; BSR set to: 0
  9849                           ;main.c: 208:         {;main.c: 209:             if (entrada_habilitada == 0)
  9850   000078  5058               	movf	_entrada_habilitada^0,w,c	;volatile
  9851   00007A  A4D8               	btfss	status,2,c
  9852   00007C  EF42  F000         	goto	i2u443_41
  9853   000080  EF44  F000         	goto	i2u443_40
  9854   000084                     i2u443_41:
  9855   000084  EF46  F000         	goto	i2l4547
  9856   000088                     i2u443_40:
  9857   000088                     
  9858                           ; BSR set to: 0
  9859                           ;main.c: 210:             {;main.c: 211:                 boton_corriente_evento = 1;
  9860   000088  0E01               	movlw	1
  9861   00008A  6F7E               	movwf	_boton_corriente_evento& (0+255),b	;volatile
  9862   00008C                     i2l4547:
  9863                           
  9864                           ;main.c: 215:         rb7_anterior = rb7_actual;
  9865   00008C  C005  F07D         	movff	ISR@rb7_actual,_rb7_anterior	;volatile
  9866   000090                     i2l4549:
  9867                           
  9868                           ;main.c: 218:     Teclado_ISR();
  9869   000090  EC74  F016         	call	_Teclado_ISR	;wreg free
  9870   000094  9201               	bcf	int$flags,1,c	;clear compiler interrupt flag (level 2)
  9871   000096  0011               	retfie		f
  9872   000098                     __end_of_ISR:
  9873                           	callstack 0
  9874                           
  9875 ;; *************** function _Teclado_ISR *****************
  9876 ;; Defined at:
  9877 ;;		line 158 in file "./teclado_3x4_pic18lf25k22.h"
  9878 ;; Parameters:    Size  Location     Type
  9879 ;;		None
  9880 ;; Auto vars:     Size  Location     Type
  9881 ;;  lectura         1    1[COMRAM] unsigned char 
  9882 ;; Return value:  Size  Location     Type
  9883 ;;                  1    wreg      void 
  9884 ;; Registers used:
  9885 ;;		wreg, status,2, status,0
  9886 ;; Tracked objects:
  9887 ;;		On entry : 0/0
  9888 ;;		On exit  : 0/0
  9889 ;;		Unchanged: 0/0
  9890 ;; Data sizes:     COMRAM   BANK0   BANK1   BANK2   BANK3   BANK4   BANK5
  9891 ;;      Params:         0       0       0       0       0       0       0
  9892 ;;      Locals:         1       0       0       0       0       0       0
  9893 ;;      Temps:          1       0       0       0       0       0       0
  9894 ;;      Totals:         2       0       0       0       0       0       0
  9895 ;;Total ram usage:        2 bytes
  9896 ;; Hardware stack levels used: 1
  9897 ;; This function calls:
  9898 ;;		Nothing
  9899 ;; This function is called by:
  9900 ;;		_ISR
  9901 ;; This function uses a non-reentrant model
  9902 ;;
  9903                           
  9904                           	psect	text69
  9905   002CE8                     __ptext69:
  9906                           	callstack 0
  9907   002CE8                     _Teclado_ISR:
  9908                           	callstack 16
  9909   002CE8                     
  9910                           ;./teclado_3x4_pic18lf25k22.h: 160:     uint8_t lectura;;./teclado_3x4_pic18lf25k22.h: 1
      +                          62:     if (INTCONbits.RBIF == 1)
  9911   002CE8  A0F2               	btfss	242,0,c	;volatile
  9912   002CEA  EF79  F016         	goto	i2u409_41
  9913   002CEE  EF7B  F016         	goto	i2u409_40
  9914   002CF2                     i2u409_41:
  9915   002CF2  EF8B  F016         	goto	i2l210
  9916   002CF6                     i2u409_40:
  9917   002CF6                     
  9918                           ;./teclado_3x4_pic18lf25k22.h: 163:     {;./teclado_3x4_pic18lf25k22.h: 164:         lec
      +                          tura = PORTB;
  9919   002CF6  CF81 F003          	movff	3969,Teclado_ISR@lectura	;volatile
  9920   002CFA                     
  9921                           ;./teclado_3x4_pic18lf25k22.h: 168:         if ((lectura & 0b01110000) != 0)
  9922   002CFA  C003  F002         	movff	Teclado_ISR@lectura,??_Teclado_ISR
  9923   002CFE  0E70               	movlw	112
  9924   002D00  1602               	andwf	??_Teclado_ISR^0,f,c
  9925   002D02  B4D8               	btfsc	status,2,c
  9926   002D04  EF86  F016         	goto	i2u410_41
  9927   002D08  EF88  F016         	goto	i2u410_40
  9928   002D0C                     i2u410_41:
  9929   002D0C  EF8A  F016         	goto	i2l4319
  9930   002D10                     i2u410_40:
  9931   002D10                     
  9932                           ;./teclado_3x4_pic18lf25k22.h: 169:         {;./teclado_3x4_pic18lf25k22.h: 170:        
      +                               teclado_irq_pendiente = 1;
  9933   002D10  0E01               	movlw	1
  9934   002D12  6E5B               	movwf	_teclado_irq_pendiente^0,c	;volatile
  9935   002D14                     i2l4319:
  9936                           
  9937                           ;./teclado_3x4_pic18lf25k22.h: 173:         INTCONbits.RBIF = 0;
  9938   002D14  90F2               	bcf	242,0,c	;volatile
  9939   002D16                     i2l210:
  9940   002D16  0012               	return		;funcret
  9941   002D18                     __end_of_Teclado_ISR:
  9942                           	callstack 0
  9943                           
  9944                           	psect	rparam
  9945   000001                     ___rparam_used  equ	1
  9946   000000                     ___param_bank   equ	0
  9947   000000                     __Lparam        equ	__Lrparam
  9948   000000                     __Hparam        equ	__Hrparam
  9949   000001                     btemp           set	1	;btemp
  9950   000001                     int$flags       set	1
  9951   000001                     btemp0          set	1
  9952   000002                     btemp1          set	2
  9953                           
  9954                           	psect	config
  9955                           
  9956                           ; Padding undefined space
  9957   300000                     	org	3145728
  9958   300000  FF                 	db	255
  9959                           
  9960                           ;Config register CONFIG1H @ 0x300001
  9961                           ;	Oscillator Selection bits
  9962                           ;	FOSC = INTIO67, Internal oscillator block
  9963                           ;	4X PLL Enable
  9964                           ;	PLLCFG = OFF, Oscillator used directly
  9965                           ;	Primary clock enable bit
  9966                           ;	PRICLKEN = ON, Primary clock is always enabled
  9967                           ;	Fail-Safe Clock Monitor Enable bit
  9968                           ;	FCMEN = OFF, Fail-Safe Clock Monitor disabled
  9969                           ;	Internal/External Oscillator Switchover bit
  9970                           ;	IESO = OFF, Oscillator Switchover mode disabled
  9971   300001                     	org	3145729
  9972   300001  28                 	db	40
  9973                           
  9974                           ;Config register CONFIG2L @ 0x300002
  9975                           ;	Power-up Timer Enable bit
  9976                           ;	PWRTEN = OFF, Power up timer disabled
  9977                           ;	Brown-out Reset Enable bits
  9978                           ;	BOREN = SBORDIS, Brown-out Reset enabled in hardware only (SBOREN is disabled)
  9979                           ;	Brown Out Reset Voltage bits
  9980                           ;	BORV = 190, VBOR set to 1.90 V nominal
  9981   300002                     	org	3145730
  9982   300002  1F                 	db	31
  9983                           
  9984                           ;Config register CONFIG2H @ 0x300003
  9985                           ;	Watchdog Timer Enable bits
  9986                           ;	WDTEN = OFF, Watch dog timer is always disabled. SWDTEN has no effect.
  9987                           ;	Watchdog Timer Postscale Select bits
  9988                           ;	WDTPS = 32768, 1:32768
  9989   300003                     	org	3145731
  9990   300003  3C                 	db	60
  9991                           
  9992                           ; Padding undefined space
  9993   300004                     	org	3145732
  9994   300004  FF                 	db	255
  9995                           
  9996                           ;Config register CONFIG3H @ 0x300005
  9997                           ;	CCP2 MUX bit
  9998                           ;	CCP2MX = 0x1, unprogrammed default
  9999                           ;	PORTB A/D Enable bit
 10000                           ;	PBADEN = OFF, PORTB<5:0> pins are configured as digital I/O on Reset
 10001                           ;	P3A/CCP3 Mux bit
 10002                           ;	CCP3MX = 0x1, unprogrammed default
 10003                           ;	HFINTOSC Fast Start-up
 10004                           ;	HFOFST = 0x1, unprogrammed default
 10005                           ;	Timer3 Clock input mux bit
 10006                           ;	T3CMX = 0x1, unprogrammed default
 10007                           ;	ECCP2 B output mux bit
 10008                           ;	P2BMX = 0x1, unprogrammed default
 10009                           ;	MCLR Pin Enable bit
 10010                           ;	MCLRE = EXTMCLR, MCLR pin enabled, RE3 input pin disabled
 10011   300005                     	org	3145733
 10012   300005  BD                 	db	189
 10013                           
 10014                           ;Config register CONFIG4L @ 0x300006
 10015                           ;	Stack Full/Underflow Reset Enable bit
 10016                           ;	STVREN = 0x1, unprogrammed default
 10017                           ;	Single-Supply ICSP Enable bit
 10018                           ;	LVP = OFF, Single-Supply ICSP disabled
 10019                           ;	Extended Instruction Set Enable bit
 10020                           ;	XINST = OFF, Instruction set extension and Indexed Addressing mode disabled (Legacy mo
      +                          de)
 10021                           ;	Background Debug
 10022                           ;	DEBUG = 0x1, unprogrammed default
 10023   300006                     	org	3145734
 10024   300006  81                 	db	129
 10025                           
 10026                           ; Padding undefined space
 10027   300007                     	org	3145735
 10028   300007  FF                 	db	255
 10029                           tosu	equ	0xFFF
 10030                           tosh	equ	0xFFE
 10031                           tosl	equ	0xFFD
 10032                           stkptr	equ	0xFFC
 10033                           pclatu	equ	0xFFB
 10034                           pclath	equ	0xFFA
 10035                           pcl	equ	0xFF9
 10036                           tblptru	equ	0xFF8
 10037                           tblptrh	equ	0xFF7
 10038                           tblptrl	equ	0xFF6
 10039                           tablat	equ	0xFF5
 10040                           prodh	equ	0xFF4
 10041                           prodl	equ	0xFF3
 10042                           indf0	equ	0xFEF
 10043                           postinc0	equ	0xFEE
 10044                           postdec0	equ	0xFED
 10045                           preinc0	equ	0xFEC
 10046                           plusw0	equ	0xFEB
 10047                           fsr0h	equ	0xFEA
 10048                           fsr0l	equ	0xFE9
 10049                           wreg	equ	0xFE8
 10050                           indf1	equ	0xFE7
 10051                           postinc1	equ	0xFE6
 10052                           postdec1	equ	0xFE5
 10053                           preinc1	equ	0xFE4
 10054                           plusw1	equ	0xFE3
 10055                           fsr1h	equ	0xFE2
 10056                           fsr1l	equ	0xFE1
 10057                           bsr	equ	0xFE0
 10058                           indf2	equ	0xFDF
 10059                           postinc2	equ	0xFDE
 10060                           postdec2	equ	0xFDD
 10061                           preinc2	equ	0xFDC
 10062                           plusw2	equ	0xFDB
 10063                           fsr2h	equ	0xFDA
 10064                           fsr2l	equ	0xFD9
 10065                           status	equ	0xFD8

Data Sizes:
    Strings     246
    Constant    4
    Data        32
    BSS         52
    Persistent  0
    Stack       0

Auto Spaces:
    Space          Size  Autos    Used
    COMRAM           94     86      90
    BANK0           160      8      88
    BANK1           256      0       0
    BANK2           256      0       0
    BANK3           256      0       0
    BANK4           256      0       0
    BANK5           256      0       0

Pointer List with Targets:

    LCD_MostrarMensajeTemporal@mensaje	PTR const unsigned char  size(1) Largest target is 17
		 -> STR_1(CODE[13]), STR_2(CODE[15]), STR_3(CODE[13]), STR_4(CODE[17]), 
		 -> STR_5(CODE[12]), STR_6(CODE[11]), 

    LCD_Print@text	PTR const unsigned char  size(2) Largest target is 20
		 -> corriente_texto(BANK0[16]), numero_buffer(BANK0[16]), STR_1(CODE[13]), STR_10(CODE[7]), 
		 -> STR_11(CODE[3]), STR_12(CODE[7]), STR_13(CODE[3]), STR_14(CODE[18]), 
		 -> STR_15(CODE[20]), STR_16(CODE[8]), STR_17(CODE[2]), STR_18(CODE[18]), 
		 -> STR_19(CODE[12]), STR_2(CODE[15]), STR_20(CODE[15]), STR_21(CODE[10]), 
		 -> STR_22(CODE[3]), STR_23(CODE[8]), STR_24(CODE[3]), STR_25(CODE[6]), 
		 -> STR_26(CODE[7]), STR_27(CODE[3]), STR_28(CODE[12]), STR_29(CODE[3]), 
		 -> STR_3(CODE[13]), STR_30(CODE[8]), STR_31(CODE[3]), STR_32(CODE[6]), 
		 -> STR_33(CODE[7]), STR_34(CODE[3]), STR_4(CODE[17]), STR_5(CODE[12]), 
		 -> STR_6(CODE[11]), STR_7(CODE[7]), STR_8(CODE[4]), STR_9(CODE[13]), 
		 -> voltaje_texto(BANK0[16]), 

    Numero_ConvertirAFloat@texto	PTR const unsigned char  size(1) Largest target is 16
		 -> numero_buffer(BANK0[16]), 

    Texto_Copiar@destino	PTR unsigned char  size(1) Largest target is 16
		 -> corriente_texto(BANK0[16]), voltaje_texto(BANK0[16]), 

    Texto_Copiar@origen	PTR const unsigned char  size(1) Largest target is 16
		 -> numero_buffer(BANK0[16]), 


Critical Paths under _main in COMRAM

    _main->_DAC_Init
    _main->_Entrada_ProcesarTecla
    _LCD_Init->_LCD_Cmd
    _Entrada_Guardar->_DAC_ActualizarCorriente
    _Entrada_Guardar->_DAC_ActualizarVoltaje
    _Numero_ConvertirAFloat->___fladd
    _Mediciones_Actualizar->___lldiv
    ___lldiv->___lmul
    _LCD_ActualizarMediciones->_LCD_PrintFixed2
    _LCD_MostrarMensajeTemporal->_LCD_ClearLine
    _LCD_ClearLine->_LCD_SetCursor
    _LCD_MostrarGuardado->_LCD_PrintFixed2
    _LCD_PrintFixed2->_LCD_PrintUInt
    _LCD_PrintUInt->_LCD_Char
    _DAC_Init->_DAC_ActualizarCorriente
    _DAC_Init->_DAC_ActualizarVoltaje
    _MCP4725_CheckAddress->_MCP4725_I2C1_Write
    _DAC_ActualizarVoltaje->_DAC_NormalizarSetpoint
    _DAC_ActualizarCorriente->_DAC_NormalizarSetpoint
    _MCP4725_WriteRaw_Fast->_MCP4725_I2C1_Write
    _MCP4725_I2C1_Write->_MCP4725_I2C1_Wait
    _MCP4725_I2C1_Stop->_MCP4725_I2C1_Wait
    _MCP4725_I2C1_Start->_MCP4725_I2C1_Wait
    _DAC_NormalizarSetpoint->___fltol
    ___fltol->___fladd
    ___flmul->___xxtofl
    ___fldiv->___flmul
    ___fladd->___flmul
    _Botones_Actualizar->_Entrada_Iniciar
    _Teclado_Interrupcion_Init->_Teclado_Init
    _LCD_MostrarEntrada->_LCD_SetCursor
    _LCD_SetCursor->_LCD_Cmd
    _LCD_Print->_LCD_Char
    _LCD_Char->_LCD_SendByte
    _LCD_Clear->_LCD_Cmd
    _LCD_Cmd->_LCD_SendByte
    _LCD_SendByte->_LCD_SendNibble
    _LCD_SendNibble->_LCD_Pulse
    _LCD_Pulse->_LCD_PCF8574_Write
    _LCD_PCF8574_Write->_LCD_I2C2_Write
    _LCD_I2C2_Write->_LCD_I2C2_Wait
    _LCD_I2C2_Stop->_LCD_I2C2_Wait
    _LCD_I2C2_Start->_LCD_I2C2_Wait

Critical Paths under _ISR in COMRAM

    _ISR->_Teclado_ISR

Critical Paths under _main in BANK0

    _Entrada_ProcesarTecla->_Entrada_Guardar

Critical Paths under _ISR in BANK0

    None.

Critical Paths under _main in BANK1

    None.

Critical Paths under _ISR in BANK1

    None.

Critical Paths under _main in BANK2

    None.

Critical Paths under _ISR in BANK2

    None.

Critical Paths under _main in BANK3

    None.

Critical Paths under _ISR in BANK3

    None.

Critical Paths under _main in BANK4

    None.

Critical Paths under _ISR in BANK4

    None.

Critical Paths under _main in BANK5

    None.

Critical Paths under _ISR in BANK5

    None.

Call Graph Tables:

 ---------------------------------------------------------------------------------
 (Depth) Function   	        Calls       Base Space   Used Autos Params    Refs
 ---------------------------------------------------------------------------------
 (0) _main                                                 2     2      0   85034
                                              6 BANK0      2     2      0
                           _ADC_Init
                 _Botones_Actualizar
                       _Botones_Init
                           _DAC_Init
              _Entrada_ProcesarTecla
           _LCD_ActualizarMediciones
                           _LCD_Init
                  _LCD_MostrarReposo
                           _MCU_Init
              _Mediciones_Actualizar
                 _Numero_ResetBuffer
                 _Teclado_Actualizar
               _Teclado_Deshabilitar
                       _Teclado_Init
                 _Teclado_LeerEvento
 ---------------------------------------------------------------------------------
 (1) _Teclado_LeerEvento                                   1     1      0      23
                                              4 COMRAM     1     1      0
 ---------------------------------------------------------------------------------
 (1) _Teclado_Actualizar                                   2     2      0      65
                                              4 COMRAM     2     2      0
                 _Teclado_Filas_Idle
                    _Teclado_LeerRaw
 ---------------------------------------------------------------------------------
 (2) _Teclado_LeerRaw                                      0     0      0       0
                 _Teclado_Filas_Idle
                  _Teclado_Filas_Off
 ---------------------------------------------------------------------------------
 (1) _MCU_Init                                             0     0      0       0
 ---------------------------------------------------------------------------------
 (1) _LCD_Init                                             1     1      0    1390
                                             14 COMRAM     1     1      0
                          _LCD_Clear
                            _LCD_Cmd
                      _LCD_I2C2_Init
                     _LCD_SendNibble
 ---------------------------------------------------------------------------------
 (2) _LCD_I2C2_Init                                        0     0      0       0
 ---------------------------------------------------------------------------------
 (1) _Entrada_ProcesarTecla                                1     1      0   49571
                                             85 COMRAM     1     1      0
                    _Entrada_Guardar
                 _LCD_MostrarEntrada
         _LCD_MostrarMensajeTemporal
 ---------------------------------------------------------------------------------
 (2) _Entrada_Guardar                                      6     6      0   42418
                                              0 BANK0      6     6      0
            _DAC_ActualizarCorriente
              _DAC_ActualizarVoltaje
                _LCD_MostrarGuardado
         _LCD_MostrarMensajeTemporal
                  _LCD_MostrarReposo
              _Mediciones_Actualizar
             _Numero_ConvertirAFloat
                 _Numero_ResetBuffer
               _Teclado_Deshabilitar
                       _Texto_Copiar
                             ___flge
 ---------------------------------------------------------------------------------
 (3) _Texto_Copiar                                         3     1      2     297
                                              4 COMRAM     3     1      2
 ---------------------------------------------------------------------------------
 (3) _Teclado_Deshabilitar                                 1     1      0       3
                  _Teclado_Filas_Off
 ---------------------------------------------------------------------------------
 (4) _Teclado_Filas_Off                                    0     0      0       0
 ---------------------------------------------------------------------------------
 (3) _Numero_ConvertirAFloat                              16    12      4    6102
                                             59 COMRAM    16    12      4
                            ___fladd
                            ___flmul
                           ___xxtofl
 ---------------------------------------------------------------------------------
 (4) ___xxtofl                                            14    10      4     514
                                              4 COMRAM    14    10      4
 ---------------------------------------------------------------------------------
 (3) _Mediciones_Actualizar                                0     0      0     506
                           _ADC_Read
                            ___lldiv
                             ___lmul
 ---------------------------------------------------------------------------------
 (4) ___lmul                                              12     4      8     160
                                              4 COMRAM    12     4      8
 ---------------------------------------------------------------------------------
 (4) ___lldiv                                             13     5      8     265
                                             16 COMRAM    13     5      8
                             ___lmul (ARG)
 ---------------------------------------------------------------------------------
 (4) _ADC_Read                                             7     5      2      81
                                              4 COMRAM     7     5      2
 ---------------------------------------------------------------------------------
 (3) _LCD_MostrarReposo                                    0     0      0    8406
           _LCD_ActualizarMediciones
                          _LCD_Clear
                          _LCD_Print
                      _LCD_SetCursor
 ---------------------------------------------------------------------------------
 (4) _LCD_ActualizarMediciones                             0     0      0    6421
                      _LCD_ClearLine
                          _LCD_Print
                    _LCD_PrintFixed2
                      _LCD_SetCursor
 ---------------------------------------------------------------------------------
 (3) _LCD_MostrarMensajeTemporal                           2     1      1    4933
                                             19 COMRAM     2     1      1
                      _LCD_ClearLine
                 _LCD_MostrarEntrada
                          _LCD_Print
                      _LCD_SetCursor
 ---------------------------------------------------------------------------------
 (5) _LCD_ClearLine                                        2     2      0    1447
                                             17 COMRAM     2     2      0
                           _LCD_Char
                      _LCD_SetCursor
 ---------------------------------------------------------------------------------
 (3) _LCD_MostrarGuardado                                  0     0      0    5507
                          _LCD_Clear
                          _LCD_Print
                    _LCD_PrintFixed2
                      _LCD_SetCursor
 ---------------------------------------------------------------------------------
 (5) _LCD_PrintFixed2                                      5     3      2    3522
                                             25 COMRAM     5     3      2
                           _LCD_Char
                      _LCD_PrintUInt
                            ___awdiv
                            ___awmod
                            ___lwdiv
                            ___lwmod
 ---------------------------------------------------------------------------------
 (6) ___awmod                                              6     2      4     439
                                              4 COMRAM     6     2      4
 ---------------------------------------------------------------------------------
 (6) ___awdiv                                              8     4      4     451
                                              4 COMRAM     8     4      4
 ---------------------------------------------------------------------------------
 (6) _LCD_PrintUInt                                       11     9      2    1429
                                             14 COMRAM    11     9      2
                           _LCD_Char
                            ___lwdiv
                            ___lwmod
 ---------------------------------------------------------------------------------
 (7) ___lwmod                                              5     1      4     244
                                              4 COMRAM     5     1      4
 ---------------------------------------------------------------------------------
 (7) ___lwdiv                                              7     3      4     253
                                              4 COMRAM     7     3      4
 ---------------------------------------------------------------------------------
 (1) _DAC_Init                                             1     1      0   16270
                                             85 COMRAM     1     1      0
            _DAC_ActualizarCorriente
              _DAC_ActualizarVoltaje
               _MCP4725_CheckAddress
                  _MCP4725_I2C1_Init
 ---------------------------------------------------------------------------------
 (2) _MCP4725_I2C1_Init                                    0     0      0       0
 ---------------------------------------------------------------------------------
 (2) _MCP4725_CheckAddress                                 2     2      0     128
                                              6 COMRAM     2     2      0
                 _MCP4725_I2C1_Start
                  _MCP4725_I2C1_Stop
                 _MCP4725_I2C1_Write
 ---------------------------------------------------------------------------------
 (3) _DAC_ActualizarVoltaje                                4     0      4    8071
                                             81 COMRAM     4     0      4
             _DAC_NormalizarSetpoint
              _MCP4725_WriteRaw_Fast
 ---------------------------------------------------------------------------------
 (3) _DAC_ActualizarCorriente                              4     0      4    8071
                                             81 COMRAM     4     0      4
             _DAC_NormalizarSetpoint
              _MCP4725_WriteRaw_Fast
 ---------------------------------------------------------------------------------
 (4) _MCP4725_WriteRaw_Fast                                8     6      2     310
                                              6 COMRAM     8     6      2
                 _MCP4725_I2C1_Start
                  _MCP4725_I2C1_Stop
                 _MCP4725_I2C1_Write
 ---------------------------------------------------------------------------------
 (5) _MCP4725_I2C1_Write                                   1     1      0      47
                                              5 COMRAM     1     1      0
                  _MCP4725_I2C1_Wait
 ---------------------------------------------------------------------------------
 (5) _MCP4725_I2C1_Stop                                    0     0      0       0
                  _MCP4725_I2C1_Wait
 ---------------------------------------------------------------------------------
 (5) _MCP4725_I2C1_Start                                   0     0      0       0
                  _MCP4725_I2C1_Wait
 ---------------------------------------------------------------------------------
 (6) _MCP4725_I2C1_Wait                                    1     1      0       0
                                              4 COMRAM     1     1      0
 ---------------------------------------------------------------------------------
 (4) _DAC_NormalizarSetpoint                              12     4      8    7724
                                             69 COMRAM    12     4      8
                            ___fladd
                            ___fldiv
                             ___flge
                            ___flmul
                            ___fltol
 ---------------------------------------------------------------------------------
 (5) ___fltol                                             10     6      4     343
                                             59 COMRAM    10     6      4
                            ___fladd (ARG)
 ---------------------------------------------------------------------------------
 (5) ___flmul                                             25    17      8    2223
                                             18 COMRAM    25    17      8
                           ___xxtofl (ARG)
 ---------------------------------------------------------------------------------
 (5) ___flge                                              12     4      8     296
                                              4 COMRAM    12     4      8
 ---------------------------------------------------------------------------------
 (5) ___fldiv                                             25    17      8    1695
                                             43 COMRAM    25    17      8
                            ___flmul (ARG)
 ---------------------------------------------------------------------------------
 (5) ___fladd                                             16     8      8    2966
                                             43 COMRAM    16     8      8
                            ___flmul (ARG)
                           ___xxtofl (ARG)
 ---------------------------------------------------------------------------------
 (1) _Botones_Init                                         1     1      0      34
                                              4 COMRAM     1     1      0
 ---------------------------------------------------------------------------------
 (1) _Botones_Actualizar                                   1     1      0    2181
                                             18 COMRAM     1     1      0
               _Boton_EstaPresionado
                    _Entrada_Iniciar
 ---------------------------------------------------------------------------------
 (2) _Entrada_Iniciar                                      1     1      0    2134
                                             17 COMRAM     1     1      0
                 _LCD_MostrarEntrada
                 _Numero_ResetBuffer
          _Teclado_Interrupcion_Init
 ---------------------------------------------------------------------------------
 (3) _Teclado_Interrupcion_Init                            1     1      0       3
                       _Teclado_Init
 ---------------------------------------------------------------------------------
 (4) _Teclado_Init                                         1     1      0       0
                                              4 COMRAM     1     1      0
                 _Teclado_Filas_Idle
 ---------------------------------------------------------------------------------
 (5) _Teclado_Filas_Idle                                   0     0      0       0
 ---------------------------------------------------------------------------------
 (3) _Numero_ResetBuffer                                   1     1      0      99
                                              4 COMRAM     1     1      0
 ---------------------------------------------------------------------------------
 (4) _LCD_MostrarEntrada                                   0     0      0    1985
                          _LCD_Clear
                          _LCD_Print
                      _LCD_SetCursor
 ---------------------------------------------------------------------------------
 (6) _LCD_SetCursor                                        3     2      1     752
                                             14 COMRAM     3     2      1
                            _LCD_Cmd
 ---------------------------------------------------------------------------------
 (5) _LCD_Print                                            2     0      2     700
                                             14 COMRAM     2     0      2
                           _LCD_Char
 ---------------------------------------------------------------------------------
 (7) _LCD_Char                                             1     1      0     533
                                             13 COMRAM     1     1      0
                       _LCD_SendByte
                            ___awdiv (ARG)
                            ___awmod (ARG)
 ---------------------------------------------------------------------------------
 (5) _LCD_Clear                                            0     0      0     533
                            _LCD_Cmd
 ---------------------------------------------------------------------------------
 (7) _LCD_Cmd                                              1     1      0     533
                                             13 COMRAM     1     1      0
                       _LCD_SendByte
 ---------------------------------------------------------------------------------
 (8) _LCD_SendByte                                         2     1      1     486
                                             11 COMRAM     2     1      1
                     _LCD_SendNibble
 ---------------------------------------------------------------------------------
 (9) _LCD_SendNibble                                       3     2      1     324
                                              8 COMRAM     3     2      1
                          _LCD_Pulse
 ---------------------------------------------------------------------------------
 (10) _LCD_Pulse                                           1     1      0     188
                                              7 COMRAM     1     1      0
                  _LCD_PCF8574_Write
 ---------------------------------------------------------------------------------
 (11) _LCD_PCF8574_Write                                   1     1      0      94
                                              6 COMRAM     1     1      0
                     _LCD_I2C2_Start
                      _LCD_I2C2_Stop
                     _LCD_I2C2_Write
 ---------------------------------------------------------------------------------
 (12) _LCD_I2C2_Write                                      1     1      0      47
                                              5 COMRAM     1     1      0
                      _LCD_I2C2_Wait
 ---------------------------------------------------------------------------------
 (12) _LCD_I2C2_Stop                                       0     0      0       0
                      _LCD_I2C2_Wait
 ---------------------------------------------------------------------------------
 (12) _LCD_I2C2_Start                                      0     0      0       0
                      _LCD_I2C2_Wait
 ---------------------------------------------------------------------------------
 (13) _LCD_I2C2_Wait                                       1     1      0       0
                                              4 COMRAM     1     1      0
 ---------------------------------------------------------------------------------
 (2) _Boton_EstaPresionado                                 1     1      0      47
                                              4 COMRAM     1     1      0
 ---------------------------------------------------------------------------------
 (1) _ADC_Init                                             0     0      0       0
 ---------------------------------------------------------------------------------
 Estimated maximum stack depth 13
 ---------------------------------------------------------------------------------
 (Depth) Function   	        Calls       Base Space   Used Autos Params    Refs
 ---------------------------------------------------------------------------------
 (14) _ISR                                                 2     2      0      91
                                              2 COMRAM     2     2      0
                        _Teclado_ISR
 ---------------------------------------------------------------------------------
 (15) _Teclado_ISR                                         2     2      0      23
                                              0 COMRAM     2     2      0
 ---------------------------------------------------------------------------------
 Estimated maximum stack depth 15
 ---------------------------------------------------------------------------------

 Call Graph Graphs:

 _main (ROOT)
   _ADC_Init
   _Botones_Actualizar
     _Boton_EstaPresionado
     _Entrada_Iniciar
       _LCD_MostrarEntrada
         _LCD_Clear
           _LCD_Cmd
             _LCD_SendByte
               _LCD_SendNibble
                 _LCD_Pulse
                   _LCD_PCF8574_Write
                     _LCD_I2C2_Start
                       _LCD_I2C2_Wait
                     _LCD_I2C2_Stop
                       _LCD_I2C2_Wait
                     _LCD_I2C2_Write
                       _LCD_I2C2_Wait
         _LCD_Print
           _LCD_Char
             _LCD_SendByte
             ___awdiv (ARG)
             ___awmod (ARG)
         _LCD_SetCursor
           _LCD_Cmd
       _Numero_ResetBuffer
       _Teclado_Interrupcion_Init
         _Teclado_Init
           _Teclado_Filas_Idle
   _Botones_Init
   _DAC_Init
     _DAC_ActualizarCorriente
       _DAC_NormalizarSetpoint
         ___fladd
           ___flmul (ARG)
             ___xxtofl (ARG)
           ___xxtofl (ARG)
         ___fldiv
           ___flmul (ARG)
         ___flge
         ___flmul
         ___fltol
           ___fladd (ARG)
       _MCP4725_WriteRaw_Fast
         _MCP4725_I2C1_Start
           _MCP4725_I2C1_Wait
         _MCP4725_I2C1_Stop
           _MCP4725_I2C1_Wait
         _MCP4725_I2C1_Write
           _MCP4725_I2C1_Wait
     _DAC_ActualizarVoltaje
       _DAC_NormalizarSetpoint
       _MCP4725_WriteRaw_Fast
     _MCP4725_CheckAddress
       _MCP4725_I2C1_Start
       _MCP4725_I2C1_Stop
       _MCP4725_I2C1_Write
     _MCP4725_I2C1_Init
   _Entrada_ProcesarTecla
     _Entrada_Guardar
       _DAC_ActualizarCorriente
       _DAC_ActualizarVoltaje
       _LCD_MostrarGuardado
         _LCD_Clear
         _LCD_Print
         _LCD_PrintFixed2
           _LCD_Char
           _LCD_PrintUInt
             _LCD_Char
             ___lwdiv
             ___lwmod
           ___awdiv
           ___awmod
           ___lwdiv
           ___lwmod
         _LCD_SetCursor
       _LCD_MostrarMensajeTemporal
         _LCD_ClearLine
           _LCD_Char
           _LCD_SetCursor
         _LCD_MostrarEntrada
         _LCD_Print
         _LCD_SetCursor
       _LCD_MostrarReposo
         _LCD_ActualizarMediciones
           _LCD_ClearLine
           _LCD_Print
           _LCD_PrintFixed2
           _LCD_SetCursor
         _LCD_Clear
         _LCD_Print
         _LCD_SetCursor
       _Mediciones_Actualizar
         _ADC_Read
         ___lldiv
           ___lmul (ARG)
         ___lmul
       _Numero_ConvertirAFloat
         ___fladd
         ___flmul
         ___xxtofl
       _Numero_ResetBuffer
       _Teclado_Deshabilitar
         _Teclado_Filas_Off
       _Texto_Copiar
       ___flge
     _LCD_MostrarEntrada
     _LCD_MostrarMensajeTemporal
   _LCD_ActualizarMediciones
   _LCD_Init
     _LCD_Clear
     _LCD_Cmd
     _LCD_I2C2_Init
     _LCD_SendNibble
   _LCD_MostrarReposo
   _MCU_Init
   _Mediciones_Actualizar
   _Numero_ResetBuffer
   _Teclado_Actualizar
     _Teclado_Filas_Idle
     _Teclado_LeerRaw
       _Teclado_Filas_Idle
       _Teclado_Filas_Off
   _Teclado_Deshabilitar
   _Teclado_Init
   _Teclado_LeerEvento

 _ISR (ROOT)
   _Teclado_ISR

Address spaces:
Name               Size   Autos  Total    Usage
BIGRAM            1535      0       0      0.0%
BITBANK5           256      0       0      0.0%
BANK5              256      0       0      0.0%
BITBANK4           256      0       0      0.0%
BANK4              256      0       0      0.0%
BITBANK3           256      0       0      0.0%
BANK3              256      0       0      0.0%
BITBANK2           256      0       0      0.0%
BANK2              256      0       0      0.0%
BITBANK1           256      0       0      0.0%
BANK1              256      0       0      0.0%
BITBANK0           160      0       0      0.0%
BANK0              160      8      88     55.0%
BITCOMRAM           94      0       0      0.0%
COMRAM              94     86      90     95.7%
BITBIGSFRlh         64      0       0      0.0%
BITBIGSFRh          61      0       0      0.0%
BITBIGSFRllllll     39      0       0      0.0%
BITBIGSFRlllh       10      0       0      0.0%
BITBIGSFRlllllh      8      0       0      0.0%
BITBIGSFRllh         7      0       0      0.0%
BITBIGSFRllllh       1      0       0      0.0%
STACK                0      0       0      0.0%
DATA                 0      0     178      0.0%


Microchip Technology PIC18 Macro Assembler V3.10 build 20250813170317 
Symbol Table                                                                                   Sat May 23 16:30:02 2026

     __end_of_DAC_ActualizarCorriente 2BAE                          ___fldiv@aexp 0045  
                        ___fldiv@bexp 0044                          ___fldiv@sign 003D  
                        ___awdiv@sign 000B                     _adc_corriente_raw 0070  
                       _LCD_SetCursor 2AA6                    LCD_PrintUInt@value 0010  
                                 l202 2C50                                   l123 2DAE  
                                 l132 2E98                                   l220 1C64  
                                 l141 2E8C                                   l205 2F7C  
                                 l117 2EE0                                   l221 1C7C  
                                 l213 1BC0                        ?_LCD_ClearLine 0002  
                                 l126 2FCC                                   l222 1C94  
                                 l214 1CEC                                   l135 2EAA  
                                 l151 2F6A                                   l223 1CB6  
                                 l215 1BD8                                   l144 2D80  
                                 l400 2E50                                   l240 2E32  
                                 l224 1CCE                                   l216 1BF0  
                                 l129 2FC4                                   l145 2D88  
                                 l217 1C12                                   l233 2DC6  
                                 l138 2F10                                   l154 2FA8  
                                 l218 1C2A                                   l234 2DD0  
                                 l219 1C42                                   l148 2E6E  
                                 l252 2F54                                   l500 2832  
                                 l228 2A70                                   l157 2F8C  
                                 l173 29B6                                   l261 2C90  
                                 l237 2F9A                                   l229 2AA4  
                                 l246 2D3C                                   l406 1DFE  
                                 l167 2AEA                                   l255 2F30  
                                 l271 2958                                   l264 2CB4  
                                 l249 2F46                                   l361 2A5A  
                                 l417 1A2C                                   l426 2D5C  
                                 l258 2F3E                                   l178 2C82  
                                 l450 266E                                   l522 255A  
                                 l427 2D62                                   l267 2EF8  
                                 l515 254A                                   l187 26E2  
                                 l372 2BAC                                   l196 2FB2  
                                 l444 2A08                                   l365 1F10  
                                 l381 2BE6                                   l437 1538  
                                 l390 2F28                                   l438 1548  
                                 l358 2DF2                                   l375 2EC8  
                                 l199 2FBC                                   l471 2C1C  
                                 l447 28F8                                   l480 232E  
                                 l384 1B9A                                   l369 2B6C  
                                 l458 21F0                                   l378 2BC4  
                                 l395 24B6                                   l387 2CE6  
                                 l475 2362                                   l468 1704  
                                 l485 2756                                   l842 2410  
                                 l499 2822                                   l829 22B0  
                                 l863 20D4                                   l868 211A  
                                 l895 2016                                   _ISR 0008  
               ?_Boton_EstaPresionado 0002                          ___awmod@sign 000B  
                                 wreg 0FE8                        _LCD_SendNibble 2D64  
                        ___flmul@aexp 0021                          ___flmul@bexp 0026  
                        ___flmul@sign 0020                          ___flmul@temp 002B  
                        ___flmul@prod 0027                   LCD_PrintUInt@buffer 0013  
       __end_of_MCP4725_WriteRaw_Fast 295A                         _LCD_PrintUInt 22B2  
                     __end_of_LCD_Cmd 2F6C                         ?_LCD_SendByte 000D  
                                ?_ISR 0002                        ??_Botones_Init 0006  
                        ___fltol@exp1 0046                                  l1106 2896  
                                l1140 0A8C                                  l1220 0E8A  
                                l1212 0C76                                  l1221 0EE2  
                                l1126 08E4                                  l1222 0ED0  
                                l1143 09FE                                  l1135 0BB0  
                                l1127 08D2                                  l1152 0ACC  
                                l1128 0898                                  l1216 0FD6  
                                l1153 0ABA                                  l1219 0E6C  
                                l1180 1364                                  l1260 17F4  
                                l1229 0F98                                  l1253 175C  
                                l1182 11CA                                  l1159 0B74  
                                l1191 1210                                  l1192 122E  
                                l1096 27C8                                  l1256 18B8  
                                l1193 1286                                  l1185 118E  
                                l1089 27C0                                  l1194 1274  
                                l1099 288E                                  l1267 1850  
                                l5001 0A42                                  l5011 0A6C  
                                l5003 0A50                                  l5013 0A7C  
                                l5005 0A52                                  l5023 0ADC  
                                l5031 0B32                                  l5007 0A60  
                                l5015 0A7E                                  l5111 110A  
                                l5103 10E6                                  l5041 0B88  
                                l5033 0B42                                  l5025 0AE8  
                                l5017 0A9C                                  l5009 0A68  
                                l5121 115A                                  l5113 1124  
                                l5105 10F6                                  l5201 0BFE  
                                l6001 2A0A                                  l5043 0B8A  
                                l5035 0B52                                  l5027 0AF6  
                                l5019 0AB2                                  l5131 11B6  
                                l5123 116A                                  l5115 1134  
                                l5107 10F6                                  l5211 0C2E  
                                l5203 0C04                                  l6011 2A46  
                                l6003 2A0E                                  l6021 2CE0  
                                l6013 2CB6                                  l5045 0B90  
                                l5037 0B72                                  l5029 0B30  
                                l5141 11F6                                  l5133 11B8  
                                l5125 117E                                  l5117 1144  
                                l5061 1004                                  l5053 0FD8  
                                l5301 0F92                                  l5221 0C66  
                                l5213 0C30                                  l5205 0C14  
                                l6005 2A1E                                  l6031 2EC0  
                                l6023 2CE2                                  l6015 2CC4  
                                l5047 0B9E                                  l5039 0B82  
                                l5151 126C                                  l5143 1200  
                                l5135 11C8                                  l5127 118C  
                                l5119 1154                                  l5071 103C  
                                l5063 1014                                  l5055 0FE4  
                                l5303 0F9C                                  l5311 0FC2  
                                l5231 0CB6                                  l5223 0C86  
                                l5215 0C40                                  l5207 0C1A  
                                l6007 2A28                                  l6103 1DDC  
                                l4601 2FCA                                  l6041 245C  
                                l6033 2412                                  l6025 2CE4  
                                l6017 2CC6                                  l5049 0BA0  
                                l5161 12DA                                  l5145 120E  
                                l5137 11DA                                  l5129 1198  
                                l5081 1068                                  l5073 1042  
                                l5065 1024                                  l5057 0FF2  
                                l5321 2056                                  l5313 0FC6  
                                l5305 0FAC                                  l5241 0D06  
                                l5233 0CC0                                  l5225 0C96  
                                l5217 0C50                                  l5209 0C20  
                                l5401 2922                                  l6009 2A32  
                                l6201 2568                                  l6027 2EAC  
                                l4603 2FBE                                  l4611 2EA6  
                                l6051 248A                                  l6035 2424  
                                l6019 2CCA                                  l5171 133E  
                                l5155 1296                                  l5163 12DE  
                                l5139 11F0                                  l5147 1220  
                                l5091 10A0                                  l5083 1078  
                                l5075 1048                                  l5067 1026  
                                l5059 0FF4                                  l5331 20C2  
                                l5323 2084                                  l5307 0FBA  
                                l5251 0D48                                  l5243 0D12  
                                l5235 0CD6                                  l5219 0C60  
                                l5411 2956                                  l5403 2926  
                                l6107 1DE8                                  l6211 257C  
                                l6203 256C                                  l6029 2EB8  
                                l4605 2FC2                                  l4613 2EFC  
                                l4621 2D66                                  l6053 24B0  
                                l6037 2426                                  l6045 2466  
                                l5181 135A                                  l5173 1340  
                                l5165 12F8                                  l5157 12A2  
                                l5149 123E                                  l5093 10B6  
                                l5085 1088                                  l5077 1056  
                                l5069 102C                                  l5333 2112  
                                l5325 2094                                  l5317 2018  
                                l5309 0FBC                                  l5261 0DAA  
                                l5253 0D58                                  l5245 0D20  
                                l5237 0CE2                                  l5229 0CAA  
                                l5341 1F28                                  l5405 2936  
                                l4701 22F0                                  l5421 2622  
                                l5501 24B8                                  l6109 1DFA  
                                l6061 1D10                                  l6221 259C  
                                l6213 2580                                  l6205 2570  
                                l4607 2E90                                  l4615 2E72  
                                l4623 2D6E                                  l4631 2F58  
                                l6047 2478                                  l6039 2436  
                                l5175 1344                                  l5167 130E  
                                l5159 12B0                                  l5095 10C6  
                                l5087 108A                                  l5079 1058  
                                l5335 2118                                  l5327 20A2  
                                l5319 2046                                  l5271 0E52  
                                l5263 0DC6                                  l5255 0D72  
                                l5247 0D2C                                  l5239 0CFA  
                                l5191 0BBE                                  l5351 1F78  
                                l5407 2944                                  l4703 230A  
                                l5431 265E                                  l5423 2632  
                                l5415 25F6                                  l5511 2500  
                                l5503 24C8                                  l6063 1D22  
                                l6071 1D42                                  l6231 25D8  
                                l6223 25A0                                  l6215 2584  
                                l6207 2574                                  l4609 2E94  
                                l4617 2E7A                                  l4625 2D7E  
                                l4633 2F62                                  l4801 2F84  
                                l6049 247A                                  l5177 1352  
                                l5169 1328                                  l5097 10CE  
                                l5089 1090                                  l5329 20B4  
                                l5281 0EC8                                  l5273 0E5C  
                                l5265 0DF0                                  l5257 0D82  
                                l5249 0D3C                                  l5193 0BCC  
                                l5361 1FA2                                  l5353 1F7C  
                                l5345 1F3C                                  l5441 1E6E  
                                l5433 1E00                                  l5409 2952  
                                l4641 2770                                  l4713 2346  
                                l4705 230C                                  l4721 21F4  
                                l5425 2638                                  l5417 2606  
                                l5521 2544                                  l5513 250A  
                                l5505 24DE                                  l5601 1A2E  
                                l6065 1D2E                                  l6057 1CF0  
                                l6233 25DA                                  l6217 2594  
                                l6225 25B6                                  l6209 2578  
                                l4619 2E84                                  l4627 2D82  
                                l4635 2F9E                                  l4803 295A  
                                l5179 1358                                  l5099 10D2  
                                l5291 0F36                                  l5275 0E6A  
                                l5267 0E26                                  l5259 0D9E  
                                l5195 0BCE                                  l5371 1FCA  
                                l5363 1FAC                                  l5355 1F8A  
                                l5347 1F66                                  l5339 1F12  
                                l5435 1E32                                  l4651 27AA  
                                l4643 2778                                  l4715 235C  
                                l4707 231E                                  l4731 2224  
                                l4723 2202                                  l4811 2C54  
                                l5427 2642                                  l5419 2616  
                                l5611 28C0                                  l5603 2898  
                                l5451 2BB0                                  l5515 2528  
                                l5507 24E6                                  l5531 1782  
                                l5523 1708                                  l6091 1DAC  
                                l6083 1D7E                                  l6067 1D30  
                                l6059 1D00                                  l6075 1D4E  
                                l6235 25EC                                  l6227 25C2  
                                l6219 2598                                  l4629 2E54  
                                l4805 295E                                  l4901 07D8  
                                l5285 0EF2                                  l5293 0F3A  
                                l5277 0E7C                                  l5269 0E34  
                                l5197 0BDE                                  l5189 0BB2  
                                l5373 1FD6                                  l5365 1FB6  
                                l5349 1F68                                  l5445 1E78  
                                l5621 2B2E                                  l4653 27B2  
                                l4645 2780                                  l4637 2758  
                                l4661 2846                                  l4709 2332  
                                l4741 2250                                  l4733 2228  
                                l4725 220A                                  l5701 15EE  
                                l4821 2C66                                  l4813 2C5E  
                                l5429 2652                                  l5613 28D0  
                                l5605 289C                                  l5453 2BBA  
                                l5517 2538                                  l5509 24F2  
                                l5541 17DC                                  l5525 1718  
                                l6093 1DBC                                  l6085 1D8E  
                                l6077 1D60                                  l6069 1D3A  
                                l6229 25D2                                  l4807 2982  
                                l5471 2150                                  l5463 211C  
                                l4911 0804                                  l4903 07EA  
                                l5295 0F54                                  l5287 0EFE  
                                l5279 0E9A                                  l5199 0BEE  
                                l5375 1FE6                                  l5447 1ED0  
                                l5439 1E3C                                  l4831 2F44  
                                l5391 28FC                                  l5623 2B5A  
                                l4655 27B4                                  l4647 278E  
                                l4639 275E                                  l4671 2882  
                                l4663 284E                                  l4751 2284  
                                l4743 225E                                  l4735 222E  
                                l4727 220E                                  l4719 21F2  
                                l5703 15FE                                  l5711 1638  
                                l4823 2C68                                  l5631 2BF8  
                                l5615 28DA                                  l5607 28A6  
                                l5455 2BC2                                  l5519 253A  
                                l5551 1840                                  l5543 17DE  
                                l5535 1796                                  l5527 1726  
                                l5383 2FAA                                  l6095 1DC8  
                                l6087 1D9E                                  l6079 1D72  
                                l4593 2D8A                                  l4809 2986  
                                l4681 2ACC                                  l5481 219E  
                                l5473 2162                                  l5465 2120  
                                l5385 2C1E                                  l4921 0818  
                                l4913 0808                                  l4905 07F8  
                                l5297 0F68                                  l5289 0F0C  
                                l5377 1FF6                                  l4833 2F2A  
                                l4841 2C8C                                  l5393 2900  
                                l5625 2B6E                                  l4657 27BA  
                                l4649 2794                                  l4673 2888  
                                l4665 2856                                  l4753 228A  
                                l4745 2264                                  l4737 2240  
                                l4729 221C                                  l5721 167E  
                                l5713 164A                                  l5705 1608  
                                l4825 2C78                                  l5633 2C08  
                                l5617 28E4                                  l5609 28B6  
                                l5457 2BD2                                  l5561 1898  
                                l5553 185E                                  l5545 17EA  
                                l5537 179E                                  l5529 176C  
                                l5641 138C                                  l6097 1DCA  
                                l6089 1DAA                                  l5801 1C72  
                                l4595 2D8A                                  l4683 2AD0  
                                l4675 2AA8                                  l5483 21AC  
                                l5475 2172                                  l5467 212A  
                                l4827 2FB4                                  l5387 2C3C  
                                l5571 2F70                                  l4931 082C  
                                l4923 081C                                  l4915 080C  
                                l4907 07FC                                  l5299 0F82  
                                l5379 2006                                  l4835 2F2E  
                                l4843 2C9E                                  l5395 2912  
                                l5627 2B9A                                  l4667 2864  
                                l4659 2834                                  l4691 22B2  
                                l4747 227A                                  l4739 2248  
                                l4755 2290                                  l4771 2380  
                                l4763 2364                                  l4851 2714  
                                l5731 16D8                                  l5723 1698  
                                l5715 1654                                  l5707 1618  
                                l4819 2C60                                  l5635 2C18  
                                l5619 28F4                                  l5459 2BDE  
                                l5491 27CA                                  l5563 18A6  
                                l5555 1860                                  l5547 1826  
                                l5539 17AA                                  l5651 13E8  
                                l5643 13A4                                  l6099 1DD4  
                                l5803 1C76                                  l6195 255C  
                                l4597 2DA0                                  l4677 2AB8  
                                l5485 21BC                                  l5477 217C  
                                l5469 213C                                  l5389 2C40  
                                l5573 2F74                                  l4941 0880  
                                l4933 0830                                  l4925 0820  
                                l4917 0810                                  l4909 0800  
                                l4861 0708                                  l4685 2D18  
                                l4829 2F40                                  l4845 2CA2  
                                l4837 2C86                                  l5397 2918  
                                l4669 287A                                  l4693 22B4  
                                l4757 22A0                                  l4749 2282  
                                l4781 23B8                                  l4773 238E  
                                l4765 2366                                  l4853 2720  
                                l5733 16E8                                  l5725 16AA  
                                l5717 1664                                  l5709 1624  
                                l5629 2BE8                                  l5493 27DA  
                                l5565 18A8                                  l5557 1864  
                                l5549 1832                                  l5653 146C  
                                l5645 13AC                                  l5637 1366  
                                l5581 2F8E                                  l5661 29B8  
                                l5901 19B8                                  l5741 2ED6  
                                l5813 1C98                                  l6197 2560  
                                l4599 2FC6                                  l4679 2ABC  
                                l5487 21C6                                  l5479 218C  
                                l5575 2F76                                  l4951 08C4  
                                l4943 0890                                  l4935 0834  
                                l4927 0824                                  l4919 0814  
                                l4871 0748                                  l4863 0716  
                                l4687 2D18                                  l4839 2C8A  
                                l5399 291E                                  l4695 22C6  
                                l4759 22A8                                  l4783 23C6  
                                l4791 23F0                                  l4775 2396  
                                l4767 2374                                  l4855 2726  
                                l5735 16F4                                  l5727 16BE  
                                l5719 166E                                  l5495 27E8  
                                l5559 1888                                  l5655 14EC  
                                l5647 13C2                                  l5639 1386  
                                l5583 2F92                                  l5911 19F4  
                                l5831 1CE0                                  l5823 1CC4  
                                l5815 1C9E                                  l5807 1C8A  
                                l5751 1BB6                                  l5743 1B9C  
                                l6199 2564                                  l5489 21E0  
                                l5577 2F78                                  l5569 2F6C  
                                l4953 08C6                                  l4945 08A6  
                                l4929 0828                                  l4937 0838  
                                l4881 0778                                  l4873 074A  
                                l4865 0718                                  l4689 2D2E  
                                l5841 2E14                                  l4793 2400  
                                l4785 23DC                                  l4777 23A8  
                                l4769 237C                                  l4857 273E  
                                l4849 26E4                                  l5729 16CE  
                                l5681 154E                                  l5497 27F8  
                                l5649 13D8                                  l5657 1520  
                                l5585 2F94                                  l5673 29EA  
                                l5921 1A1A                                  l5913 19F8  
                                l5905 19C4                                  l5737 2ECA  
                                l5825 1CC8                                  l5817 1CAC  
                                l5809 1C8E                                  l5753 1BBA  
                                l5745 1BA0                                  l5595 2D40  
                                l5579 2F7A                                  l4971 094E  
                                l4963 0916                                  l4955 08D0  
                                l4947 08B2                                  l4939 0864  
                                l4891 07A0                                  l4883 077A  
                                l4867 0728                                  l4875 0750  
                                l4859 06FC                                  l5851 2EE4  
                                l5843 2E20                                  l4699 22D0  
                                l4795 2408                                  l4787 23E4  
                                l4779 23B0                                  l5691 1594  
                                l5683 1558                                  l5499 2802  
                                l5659 1522                                  l5587 2F96  
                                l5675 29EC                                  l5667 29BA  
                                l5923 1A1C                                  l5915 1A12  
                                l5907 19D0                                  l5739 2ED2  
                                l5931 2670                                  l5835 1CE6  
                                l5819 1CB0                                  l5771 1BFA  
                                l5763 1BE6                                  l5747 1BA2  
                                l5597 2D4A                                  l5589 2D3E  
                                l5861 2E36                                  l4973 0952  
                                l4965 0926                                  l4957 08F2  
                                l4981 0972                                  l4949 08B6  
                                l4893 07B0                                  l4885 0780  
                                l4877 0760                                  l4869 0738  
                                l5853 2EF6                                  l5845 2E24  
                                l4789 23EA                                  l5693 159E  
                                l5685 1568                                  l5677 29FC  
                                l5669 29CE                                  l5925 1A20  
                                l5917 1A14                                  l5909 19E0  
                                l5941 26A0                                  l5933 2674  
                                l5837 1CEA                                  l5829 1CDC  
                                l5781 1C24                                  l5773 1C08  
                                l5765 1BEA                                  l5757 1BCE  
                                l5749 1BA8                                  l4799 2F7E  
                                l5599 2D4C                                  l5871 2E48  
                                l5863 2E3A                                  l4983 0998  
                                l4991 09EE                                  l4975 0960  
                                l4967 0934                                  l4959 0902  
                                l4895 07C0                                  l4887 078E  
                                l4879 0766                                  l5847 2E2E  
                                l5695 15AE                                  l5687 157A  
                                l5679 154A                                  l5927 1A24  
                                l5919 1A18                                  l5951 26CC  
                                l5943 26A8                                  l5935 2684  
                                l5791 1C46                                  l5775 1C0C  
                                l5759 1BD2                                  l5857 2F14  
                                l5873 2E4C                                  l5865 2E3E  
                                l4993 0A14                                  l4985 09CC  
                                l4977 0962                                  l4969 0942  
                                l4897 07C2                                  l4889 0790  
                                l5849 2E30                                  l5697 15C8  
                                l5689 1584                                  l5929 1A28  
                                l5881 18D8                                  l5953 26D2  
                                l5945 26B2                                  l5937 268E  
                                l5793 1C4C                                  l5785 1C38  
                                l5769 1BF4                                  l5867 2E42  
                                l4995 0A24                                  l4987 09CE  
                                l4979 096C                                  l4899 07C8  
                                l5699 15DA                                  l5891 1940  
                                l5883 18F0                                  l5875 18BA  
                                l5955 26D8                                  l5947 26BA  
                                l5939 2696                                  l5795 1C5A  
                                l5787 1C3C                                  l5779 1C20  
                                l5971 2A9C                                  l5963 2A72  
                                l5869 2E44                                  l4989 09DE  
                                l5893 194C                                  l5885 1902  
                                l5877 18CC                                  l5957 26DE  
                                l5949 26C4                                  l5797 1C5E  
                                l5973 2AA0                                  l5965 2A82  
                                l5981 2DCE                                  l4999 0A38  
                                l5895 195C                                  l5887 1934  
                                l5991 2DE8                                  l5967 2A88  
                                l5959 2A5C                                  l5975 2DB0  
                                l5897 1974                                  l5993 2DEA  
                                l5985 2DD2                                  l5969 2A98  
                                l5977 2DC0                                  l5899 1986  
                                l5995 2DEC                                  l5987 2DE2  
                                l5997 2DEE                                  l5989 2DE6  
                                l5999 2DF0                                  STR_1 0679  
                                STR_2 065D                                  STR_3 0679  
                                STR_4 063D                                  STR_5 0692  
                                STR_6 06AA                                  STR_7 06E5  
                                STR_8 06F2                                  STR_9 066C  
                     _adc_voltaje_raw 0072                                  _IOCB 0F62  
                                u5000 08F2                                  u5001 08EE  
                                u5010 0902                                  u5011 08FE  
                                u5100 0A60                                  u5020 0934  
                                u5101 0A5C                                  u5021 0930  
                                u5110 0A7C                                  u5030 0942  
                                u5111 0A78                                  u5031 093E  
                                u6000 2D5C                                  u5200 0B52  
                                u5120 0A8C                                  u5040 0960  
                                u6001 2D58                                  u5201 0B4E  
                                u5121 0A88                                  u5041 095C  
                                u5210 0B72                                  u5130 0A9C  
                                u5050 0998                                  u6010 13A4  
                                u5211 0B6E                                  u5131 0A98  
                                u5051 0994                                  u6011 13A0  
                                u5220 0B82                                  u5140 0AB2  
                                u5060 09DE                                  u5300 10B6  
                                u4500 2770                                  u6100 164A  
                                u6020 13C2                                  u5221 0B7E  
                                u5141 0AAE                                  u5061 09DA  
                                u5301 10B2                                  u4501 276C  
                                u6101 1646                                  u6021 13BE  
                                u5230 0B9E                                  u5150 0AC8  
                                u5070 0A14                                  u5310 10F6  
                                u4510 278E                                  u6110 16AA  
                                u6030 13D8                                  u5231 0B9A  
                                u5151 0AC4                                  u5071 0A10  
                                u5311 10F2                                  u4511 278A  
                                u6111 16A6                                  u6031 13D4  
                                u5160 0ADC                                  u5080 0A24  
                                u5400 126C                                  u5320 116A  
                                u5240 0FF2                                  u4520 27AA  
                                u4600 22C6                                  u6040 13E8  
                                u6200 1C8A                                  u6120 1BB6  
                                u5161 0AD8                                  u5081 0A20  
                                u5401 1268                                  u5321 1166  
                                u5241 0FEE                                  u4521 27A6  
                                u4601 22C2                                  u6041 13E4  
                                u6201 1C86                                  u6121 1BB2  
                                u5170 0AF6                                  u5090 0A50  
                                u5410 1282                                  u5330 118C  
                                u5250 1004                                  u4530 2846  
                                u4610 231E                                  u6050 1538  
                                u6210 1CAC                                  u6130 1BCE  
                                u5171 0AF2                                  u5091 0A4C  
                                u5411 127E                                  u5331 1188  
                                u5251 1000                                  u4531 2842  
                                u4611 231A                                  u6051 1534  
                                u6211 1CA8                                  u6131 1BCA  
                                u4460 2DA0                                  u5180 0B30  
                                u5420 1296                                  u5340 11B6  
                                u5260 1014                                  u5500 0C2E  
                                u4540 2864                                  u4620 232E  
                                u4700 2374                                  u6060 29E6  
                                u6300 19B8                                  u6220 1CC4  
                                u6140 1BE6                                  u4461 2D9C  
                                u5181 0B2C                                  u5421 1292  
                                u5341 11B2                                  u5261 1010  
                                u5501 0C2A                                  u4541 2860  
                                u4621 232A                                  u4701 2370  
                                u6061 29E2                                  u6301 19B4  
                                u6221 1CC0                                  u6141 1BE2  
                                u4470 2DAE                                  u5190 0B42  
                                u5430 12B0                                  u5350 11DA  
                                u5270 1056                                  u5510 0C40  
                                u4550 287A                                  u4630 2342  
                                u4710 238E                                  u6070 29FC  
                                u6230 1CDC                                  u6150 1C08  
                                u6310 2A6C                                  u4471 2DAA  
                                u5191 0B3E                                  u5431 12AC  
                                u5351 11D6                                  u5271 1052  
                                u5511 0C3C                                  u4551 2876  
                                u4631 233E                                  u4711 238A  
                                u6071 29F8                                  u6231 1CD8  
                                u6151 1C04                                  u6311 2A68  
                                u6240 2F26                                  u4480 2EA6  
                                u4560 2AB8                                  u6400 249A  
                                u5440 12F8                                  u5360 11F0  
                                u5280 1068                                  u5600 0EDE  
                                u5520 0C50                                  u4800 2F54  
                                u4640 2202                                  u4720 23A8  
                                u6080 157A                                  u6160 1C20  
                                u6320 2A98                                  u6241 2F20  
                                u4481 2EA2                                  u4561 2AB4  
                                u6401 2494                                  u5441 12F4  
                                u5361 11EC                                  u5281 1064  
                                u5601 0EDA                                  u5521 0C4C  
                                u4801 2F50                                  u4641 21FE  
                                u4721 23A4                                  u6081 1576  
                                u6161 1C1C                                  u6321 2A94  
                                u6250 2F28                                  u4490 2D7E  
                                u4570 2ACC                                  u6410 24B0  
                                u5450 1328                                  u5370 120E  
                                u5290 1078                                  u5610 0EF2  
                                u5530 0C86                                  u4810 2F3E  
                                u4650 221C                                  u4730 23C6  
                                u6090 15DA                                  u6170 1C38  
                                u6330 2DC0                                  u4491 2D7A  
                                u4571 2AC8                                  u6411 24AC  
                                u5451 1324                                  u5371 120A  
                                u5291 1074                                  u5611 0EEE  
                                u5531 0C82                                  u4811 2F3A  
                                u4651 2218                                  u4731 23C2  
                                u6091 15D6                                  u6171 1C34  
                                u6331 2DBC                                  u6340 2CDA  
                                u4900 07A0                                  u5460 1352  
                                u5380 122E                                  u5700 2112  
                                u5620 0F0C                                  u5540 0C96  
                                u4580 2D2E                                  u4820 2C9E  
                                u4660 2240                                  u4740 23DC  
                                u6260 18CC                                  u6500 1DFA  
                                u6420 1D00                                  u6180 1C5A  
                                u6341 2CD4                                  u4901 079C  
                                u5461 134E                                  u5381 122A  
                                u5701 210E                                  u5621 0F08  
                                u5541 0C92                                  u4581 2D2A  
                                u4821 2C9A                                  u4661 223C  
                                u4741 23D8                                  u6261 18C8  
                                u6501 1DF6                                  u6421 1CFC  
                                u6181 1C56                                  u6406 249C  
                                u6350 2CDC                                  u4910 07B0  
                                u5390 123E                                  u5630 0F54  
                                u5550 0E10                                  u5470 0BCC  
                                u5710 1F28                                  u4590 2D3C  
                                u4830 2CB2                                  u4670 225E  
                                u4750 2400                                  u6270 1902  
                                u6430 1D10                                  u6190 1C72  
                                u4911 07AC                                  u5391 123A  
                                u5631 0F50                                  u5471 0BC8  
                                u5711 1F24                                  u4591 2D38  
                                u4831 2CAC                                  u4671 225A  
                                u4751 23FC                                  u6271 18FE  
                                u6431 1D0C                                  u6191 1C6E  
                                u4760 297E                                  u6360 2424  
                                u4920 07EA                                  u5640 0F82  
                                u5560 0E6A                                  u5480 0BDE  
                                u5720 1F5C                                  u5800 1E6E  
                                u4840 2CB4                                  u4680 227A  
                                u6280 1934                                  u6440 1D22  
                                u6361 2420                                  u4921 07E6  
                                u5641 0F7E                                  u5561 0E66  
                                u5481 0BDA                                  u5801 1E6A  
                                u4681 2276                                  u6281 1930  
                                u6441 1D1E                                  u4770 29A6  
                                u6370 2446                                  u4930 07F8  
                                u4850 0716                                  u5650 0FBA  
                                u5570 0E8A                                  u5490 0BEE  
                                u5730 1F8A                                  u4690 22A0  
                                u5810 2BD2                                  u6290 1986  
                                u6450 1D60                                  u6371 2440  
                                u4931 07F4                                  u4851 0712  
                                u5651 0FB6                                  u5571 0E86  
                                u5555 0E06                                  u5491 0BEA  
                                u5731 1F86                                  u4691 229C  
                                u5811 2BCE                                  u6291 1982  
                                u6451 1D5C                                  u4780 29B6  
                                u5820 213C                                  u6380 245C  
                                u4940 0864                                  u4860 0728  
                                u5660 2046                                  u5580 0E9A  
                                u5740 1F9E                                  u5900 1718  
                                u6460 1D72                                  u4781 29B2  
                                u5821 2138                                  u6381 2458  
                                u4941 0860                                  u4861 0724  
                                u5661 2042                                  u5581 0E96  
                                u5741 1F9A                                  u5725 1F52  
                                u5901 1714                                  u6461 1D6E  
                                u5830 2162                                  u6390 2478  
                                u4950 087C                                  u4870 0738  
                                u5670 2084                                  u5590 0EC8  
                                u5750 1FC6                                  u4790 2C78  
                                u5910 1726                                  u6470 1D8E  
                                u4767 2974                                  u5831 215E  
                                u6391 2474                                  u4951 0876  
                                u4871 0734                                  u5671 2080  
                                u5591 0EC4                                  u5751 1FC2  
                                u4791 2C74                                  u5911 1722  
                                u6471 1D8A                                  u6607 25E2  
                                u5840 219E                                  u6376 2448  
                                u4960 087E                                  u4880 0778  
                                u5680 20A2                                  u5760 1FE6  
                                u5920 1782                                  u6480 1D9E  
                                u4777 299C                                  u5841 219A  
                                u4881 0774                                  u5681 209E  
                                u5761 1FE2                                  u5921 177E  
                                u6481 1D9A                                  u6617 2A78  
                                u4970 08A6                                  u4890 078E  
                                u5690 20C2                                  u5770 1FF6  
                                u5850 27E8                                  u5930 17D8  
                                u6490 1DBC                                  u6570 2594  
                                u4971 08A2                                  u4891 078A  
                                u5691 20BE                                  u5771 1FF2  
                                u5851 27E4                                  u5931 17D4  
                                u6491 1DB8                                  u6707 26C6  
                                u6627 1BA4                                  u6571 2590  
                                u4980 08C4                                  u5780 2912  
                                u5860 2822                                  u5940 1822  
                                u6580 25D2                                  u4981 08C0  
                                u5781 290E                                  u5861 281E  
                                u5941 181E                                  u6717 1A04  
                                u6637 1BF6                                  u6581 25CE  
                                u4990 08E4                                  u5790 1E32  
                                u5870 24DE                                  u5950 1840  
                                u6807 2EC2                                  u4991 08E0  
                                u5791 1E2E                                  u6727 2C0E  
                                u5871 24DA                                  u5951 183C  
                                u6647 1C48                                  u5880 2500  
                                u5960 1850                                  u6737 2A14  
                                u5881 24FC                                  u5961 184C  
                                u6657 1C9A                                  u5890 2528  
                                u5970 185E                                  u6747 242C  
                                u5891 2524                                  u5971 185A  
                                u6667 267A                                  u5980 1898  
                                u6757 2480                                  u5981 1894  
                                u6677 2690                                  u6597 25A8  
                                u5990 18A6                                  u6767 2C46  
                                u5991 18A2                                  u6687 26A2  
                                u6777 2F86                                  u6697 26B4  
                                u6787 2F64                                  u6797 2E86  
                     _Entrada_Iniciar 2E34                       _Entrada_Guardar 18BA  
                 Texto_Copiar@destino 0006                                  _main 255C  
                                fsr1h 0FE2                                  fsr2h 0FDA  
                                indf1 0FE7                                  indf2 0FDF  
                                fsr1l 0FE1                                  fsr2l 0FD9  
              ??_Teclado_Deshabilitar 0006                                  btemp 0001  
                    __end_of_ADC_Init 2ECA                      __end_of_ADC_Read 2BE8  
                                prodh 0FF4                                  prodl 0FF3  
                    __end_of_DAC_Init 2A5C                                  start 0098  
                     ___fldiv@new_exp 003E             ?_LCD_ActualizarMediciones 0002  
                        ___param_bank 0000                         ISR@rb7_actual 0005  
            ??_Numero_ConvertirAFloat 0041                    _numero_tiene_punto 007A  
                               ??_ISR 0004                      __end_of_LCD_Char 2FAA  
                    __end_of_LCD_Init 26E4                 LCD_PCF8574_Write@data 0008  
                      ?_LCD_SetCursor 0010     LCD_MostrarMensajeTemporal@mensaje 0015  
                       ___fltol@sign1 0045                       __end_of___fladd 0BB2  
                               ?_main 0002                       __end_of___fldiv 1366  
                     __end_of___awdiv 22B2                                 STR_10 06DE  
                               STR_11 069B                                 STR_12 06D7  
                               STR_20 064E                                 STR_13 06B2  
                               STR_21 06B5                                 STR_22 069B  
                               STR_30 06BF                                 STR_14 0619  
                               STR_31 06F6                                 STR_23 06C7  
                               STR_15 0605                                 STR_32 06EC  
                               STR_24 06F6                                 STR_16 06CF  
                               STR_33 06D7                                 STR_17 06F9  
                               STR_25 06EC                                 STR_26 06DE  
                               STR_34 06B2                                 STR_18 062B  
                               STR_27 069B                                 STR_19 069E  
                               STR_28 0686                       __end_of___awmod 2412  
                               STR_29 06B2                       __end_of___flmul 0FD8  
                     __end_of___fltol 2018                       __end_of___lldiv 255C  
                     ___awdiv@divisor 0008                       __end_of___lwdiv 27CA  
                    __end_of_MCU_Init 2DF4                       __end_of___lwmod 2898  
                               i2l210 2D16                                 i2l344 0094  
              __end_of_LCD_SendNibble 2D8A                       ___awdiv@counter 000A  
                               _PORTB 0F81                   ___lmul@multiplicand 000A  
               _corriente_medida_x100 0068                        ?_LCD_PrintUInt 0010  
                      ??_LCD_SendByte 000E    __end_of_LCD_MostrarMensajeTemporal 2C1E  
          _LCD_MostrarMensajeTemporal 2BE8                    _LCD_MostrarEntrada 211C  
                               btemp0 0001                                 btemp1 0002  
                               tablat 0FF5                                 status 0FD8  
                 ?_LCD_MostrarEntrada 0002                       __initialization 2AEC  
                        __end_of_main 25F6                         ??_Teclado_ISR 0002  
                     ??_LCD_ClearLine 0013      MCP4725_CheckAddress@address_7bit 0008  
                     _LCD_PrintFixed2 26E4                                ??_main 00B6  
              ??_Boton_EstaPresionado 0006                  ??_LCD_MostrarEntrada 0013  
                   __end_of_LCD_Clear 2F8E                         __activetblptr 0002  
                           ??_LCD_Cmd 000F                       ?_LCD_SendNibble 000A  
                   __end_of_LCD_Print 29B8                     __end_of_LCD_Pulse 2E8E  
             ??_Entrada_ProcesarTecla 0057                    _Numero_ResetBuffer 2D3E  
             __end_of_Entrada_Iniciar 2E52               __end_of_Entrada_Guardar 1A2E  
         ??_Teclado_Interrupcion_Init 0007                                _ADCON0 0FC2  
                              _ADCON1 0FC1                                _ADCON2 0FC0  
                              _ADRESH 0FC4                                _ADRESL 0FC3  
                    ___awdiv@dividend 0006                                _ANSELA 0F38  
                              _ANSELB 0F39                                _ANSELC 0F3A  
                     _variable_actual 007C                                i2l4311 2CE8  
                              i2l4313 2CF6                                i2l4315 2CFA  
                              i2l4317 2D10                                i2l4319 2D14  
                              i2l4531 002A                                i2l4541 0066  
                              i2l4533 0030                                i2l4525 000A  
                              i2l4543 0078                                i2l4535 003E  
                              i2l4527 0018                   ?_Numero_ResetBuffer 0002  
                              i2l4545 0088                                i2l4537 0042  
                              i2l4529 001A                                i2l4547 008C  
                              i2l4539 0056                                i2l4549 0090  
                    __end_of___xxtofl 18BA                                ___flge 2018  
                              ___lmul 27CA                             ??___fladd 0035  
                           ??___fldiv 0035                             ??___awdiv 000A  
                           ??___awmod 000A                       ??_LCD_SetCursor 0011  
                           ??___flmul 001C                             ??___fltol 0041  
                           ??___lldiv 001A                             ??___lwdiv 000A  
                           ??___lwmod 000A                  __end_of_Botones_Init 2CE8  
                     ADC_Read@channel 000A                  ??_Numero_ResetBuffer 0006  
                              clear_0 2B12                      ___awdiv@quotient 000C  
                 _LCD_MostrarGuardado 154A                       ___awmod@divisor 0008  
                              isa$std 0001                       ___awmod@counter 000A  
               _Mediciones_Actualizar 1A2E            __end_of_Botones_Actualizar 24B8  
                     ??_LCD_PrintUInt 0012                             ?_ADC_Init 0002  
                           ?_ADC_Read 0006                   __end_of_Teclado_ISR 2D18  
      Entrada_Guardar@valor_ingresado 00B2                          __mediumconst 0600  
                       ?_Teclado_Init 0002                             ?_DAC_Init 0002  
                              tblptrh 0FF7                                tblptrl 0FF6  
                              tblptru 0FF8               ??_DAC_ActualizarVoltaje 0057  
                          ___flge@ff1 0006                            ___flge@ff2 000A  
                ?_LCD_MostrarGuardado 0002                          ___xxtofl@arg 0010  
                        ___xxtofl@exp 000F                          ___xxtofl@val 0006  
               LCD_PrintFixed2@entero 001D                             ?_LCD_Char 0002  
                          __accesstop 0060               __end_of__initialization 2B20  
                           ?_LCD_Init 0002                          _rb7_anterior 007D  
                       ___rparam_used 0001                            ___fltol@f1 003D  
                           ?_MCU_Init 0002             _Teclado_Interrupcion_Init 2F6C  
    __end_ofLCD_SetCursor@row_offsets 0605               __end_of_LCD_PrintFixed2 2758  
                      __pcstackCOMRAM 0002                          __pidataBANK0 2DF4  
                __end_of_LCD_SendByte 2E70                         _voltaje_texto 00A0  
    MCP4725_WriteRaw_Fast@value_12bit 0008                    _dac_corriente_code 0074  
                 _voltaje_medido_x100 006A               MCP4725_CheckAddress@ack 0009  
                      ??_Teclado_Init 0006                            ??_ADC_Init 0006  
                          ??_ADC_Read 0008                            ??_DAC_Init 0057  
                    ?_Entrada_Iniciar 0002                      ?_Entrada_Guardar 0002  
              _Numero_ConvertirAFloat 1366      __end_of_LCD_ActualizarMediciones 2670  
               ??_LCD_MostrarGuardado 0020                            __pbssBANK0 0060  
         Numero_ConvertirAFloat@valor 0049           Numero_ConvertirAFloat@texto 003D  
               _teclado_irq_pendiente 005B                            ??_LCD_Char 000F  
                          ??_LCD_Init 0010                      _dac_corriente_ok 0078  
               __end_of_LCD_I2C2_Init 2EE2                 __end_of_LCD_I2C2_Wait 2DB0  
               __end_of_LCD_I2C2_Stop 2FC6                            ??_MCU_Init 0006  
                             ?___flge 0006                               ?___lmul 0006  
                             _CM1CON0 0F79                         LCD_Print@text 0010  
                             _CM2CON0 0F78                        ___lmul@product 000E  
                         _Teclado_ISR 2CE8                     ??_Teclado_LeerRaw 0006  
              ?_Mediciones_Actualizar 0002                         LCD_Pulse@data 0009  
                             _LCD_Cmd 2F56                             ?___xxtofl 0006  
                   _Teclado_Filas_Off 2FAA                               _SSP1ADD 0FC8  
                             _SSP2ADD 0F6E                               _SSP1BUF 0FC9  
                             _SSP2BUF 0F6F           ?_LCD_MostrarMensajeTemporal 0015  
                      LCD_ClearLine@i 0014                    ?_Teclado_Filas_Off 0002  
             _DAC_ActualizarCorriente 2B6E         MCP4725_WriteRaw_Fast@data_low 000E  
               _MCP4725_WriteRaw_Fast 28FA                   ??_Teclado_Filas_Off 0006  
            ??_DAC_NormalizarSetpoint 004F                               __Hparam 0000  
                             __Lparam 0000                      ?_LCD_PrintFixed2 001B  
                             ___fladd 06FC                               ___fldiv 0FD8  
                             ___awdiv 21F2                               ___awmod 2364  
                             ___flmul 0BB2                               ___fltol 1F12  
                             ___lldiv 24B8            __end_of_Teclado_Actualizar 2AA6  
                             ___lwdiv 2758                               ___lwmod 2834  
                    ??_LCD_SendNibble 000B                          __psmallconst 0600  
            LCD_SetCursor@row_offsets 0601                               __pcinit 2AEC  
                             __ramtop 0600                               __ptext0 255C  
             Teclado_Actualizar@tecla 0007                               __ptext1 2DB0  
                             __ptext2 2A5C                               __ptext3 1B9C  
                             __ptext4 2DD2                               __ptext5 2670  
                             __ptext6 2ECA                               __ptext7 1CEE  
                             __ptext8 18BA                               __ptext9 29B8  
                    LCD_SendNibble@rs 000A             __end_of_Teclado_Filas_Off 2FB4  
                          ??___xxtofl 000A                      ___awmod@dividend 0006  
                           _LCD_Clear 2F7E            __end_of_Teclado_Filas_Idle 2FBE  
       __end_of_Entrada_ProcesarTecla 1E00                             _LCD_Print 295A  
                           _LCD_Pulse 2E70                               _voltaje 0064  
                     _corriente_texto 0090                  end_of_initialization 2B20  
                        _Botones_Init 2CB6                      LCD_SetCursor@col 0010  
                    LCD_SetCursor@row 0012                         __Lmediumconst 0000  
                       ?_Texto_Copiar 0006              _LCD_ActualizarMediciones 25F6  
                     ___lldiv@divisor 0016            __end_of_Teclado_LeerEvento 2DD2  
                     ___lldiv@counter 001E                  __end_of_Teclado_Init 2C52  
                             postdec1 0FE5                               postinc0 0FEE  
                             postinc2 0FDE                             _PORTBbits 0F81  
                          _numero_len 007B                 __end_of_LCD_ClearLine 2C84  
              LCD_PrintFixed2@decimal 001F                           ___fladd@grs 003C  
                    LCD_ClearLine@row 0013             ??_DAC_ActualizarCorriente 0057  
                       ___xxtofl@sign 000E                             _TRISAbits 0F92  
                           _TRISBbits 0F93                             _TRISCbits 0F94  
                          ?_LCD_Clear 0002                           ___fldiv@grs 0040  
                         ___fldiv@rem 0039                MCP4725_I2C1_Write@data 0007  
              ?_MCP4725_WriteRaw_Fast 0008                            ?_LCD_Print 0010  
                          ?_LCD_Pulse 0002                          _LCD_SendByte 2E52  
                      ??_Texto_Copiar 0008                           ___flmul@grs 0022  
                  _Botones_Actualizar 2412                            LCD_Cmd@cmd 000F  
       __end_of_DAC_ActualizarVoltaje 2B6E                    Texto_Copiar@origen 0007  
                      _voltaje_adc_mv 006E                   ?_Botones_Actualizar 0002  
                      __end_of___flge 211C                        __end_of___lmul 2834  
                   LCD_Char@character 000F                 __end_of_LCD_SetCursor 2AEC  
                   _LCD_MostrarReposo 2898               ?_Numero_ConvertirAFloat 003D  
        __end_of_MCP4725_CheckAddress 2EFA                   start_initialization 2AEC  
                         __end_of_ISR 0098                    ?_LCD_MostrarReposo 0002  
                ??_Botones_Actualizar 0014                 __end_of_LCD_PrintUInt 2364  
                 ??_LCD_MostrarReposo 0020            __end_of_MCP4725_I2C1_Start 2F56  
          __end_of_MCP4725_I2C1_Write 2CB6               MCP4725_WriteRaw_Fast@ok 000F  
                   _LCD_PCF8574_Write 2EFA                        _LCD_I2C2_Start 2FC6  
                     _Teclado_LeerRaw 1B9C                        _LCD_I2C2_Write 2E8E  
                  ?_LCD_PCF8574_Write 0002                              ??___flge 000E  
                      LCD_SendByte@rs 000D                              ??___lmul 000E  
             ??_Mediciones_Actualizar 001F                           __pdataBANK0 0090  
                        ?_Teclado_ISR 0002                        ADC_Read@result 000B  
                 ??_LCD_PCF8574_Write 0008             __end_of_LCD_MostrarReposo 28FA  
      __end_of_Numero_ConvertirAFloat 154A                             ___fladd@a 0031  
                           ___fladd@b 002D                              ?_LCD_Cmd 0002  
                           ___fldiv@a 0031                             ___fldiv@b 002D  
                           ___flmul@a 0018                             ___flmul@b 0014  
                         __pbssCOMRAM 0058                _DAC_NormalizarSetpoint 1E00  
         __end_of_LCD_MostrarGuardado 1706             _teclado_evento_disponible 005A  
                       __pcstackBANK0 00B0                           ??_LCD_Clear 0010  
                         ??_LCD_Print 0012                           ??_LCD_Pulse 0009  
                 Botones_Init@lectura 0006                            ISR@lectura 0004  
           __end_of_LCD_PCF8574_Write 2F12                __end_of_LCD_I2C2_Start 2FCE  
         DAC_NormalizarSetpoint@valor 0047  Numero_ConvertirAFloat@factor_decimal 0045  
              __end_of_LCD_I2C2_Write 2EAC             LCD_PrintFixed2@value_x100 001B  
        DAC_ActualizarCorriente@valor 0053                      ___lwdiv@dividend 0006  
                           __pintcode 0008                              ?___fladd 002D  
                            ?___fldiv 002D                              ?___awdiv 0006  
                            ?___awmod 0006                              ?___flmul 0014  
                            ?___fltol 003D                              ?___lldiv 0012  
                  LCD_SendNibble@data 000C                              ?___lwdiv 0006  
                            ?___lwmod 0006            Entrada_ProcesarTecla@tecla 0057  
                  LCD_I2C2_Write@data 0007                  __end_of_Texto_Copiar 2A0A  
                      LCD_PrintUInt@i 0019                        LCD_PrintUInt@j 001A  
                         __smallconst 0600          __end_of_Teclado_Deshabilitar 2F9C  
                           _corriente 0060                              _ADC_Init 2EAC  
                            _ADC_Read 2BAE                              _DAC_Init 2A0A  
                        _Teclado_Init 2C1E            ??_LCD_ActualizarMediciones 0020  
                  _Teclado_Actualizar 2A5C    DAC_NormalizarSetpoint@valor_maximo 004B  
                    ___lwdiv@quotient 000B                  _teclado_tecla_evento 0059  
                LCD_SendNibble@nibble 000B               __end_of_Teclado_LeerRaw 1CEE  
                 ?_Teclado_Actualizar 0002                              _LCD_Char 2F9C  
                            _LCD_Init 2670                       ?_LCD_I2C2_Start 0002  
                            _LATCbits 0F8B                       ?_LCD_I2C2_Write 0002  
                      _dac_voltaje_ok 0079                              _MCU_Init 2DD2  
                            i2u410_40 2D10                              i2u410_41 2D0C  
                  _Teclado_Filas_Idle 2FB4                              i2u440_40 0054  
                            i2u409_40 2CF6                              i2u441_40 0066  
                            i2u409_41 2CF2                              i2u441_41 0062  
                            i2u442_40 0078                              i2u442_41 0074  
                            i2u443_40 0088                              i2u443_41 0084  
                            i2u436_40 0018                              i2u436_41 0014  
                            i2u437_40 002A                              i2u437_41 0026  
                            i2u438_40 003E                              i2u438_41 003A  
                            i2u439_40 0052                              i2u439_41 004C  
                _MCP4725_CheckAddress 2EE2                              _SSP1CON1 0FC6  
                            _SSP1CON2 0FC5                              _SSP2CON1 0F6C  
                            _SSP2CON2 0F6B                              _SSP1STAT 0FC7  
                            _SSP2STAT 0F6D        MCP4725_WriteRaw_Fast@data_high 000D  
                 ?_Teclado_Filas_Idle 0002                  ??_Teclado_Actualizar 0006  
                          _ADCON0bits 0FC2                    _Teclado_LeerEvento 2DB0  
             ??_MCP4725_WriteRaw_Fast 000A                             main@tecla 00B7  
                 ?_Teclado_LeerEvento 0002                     ___lmul@multiplier 0006  
                         _INTCON2bits 0FF1                             copy_data0 2B00  
                ??_Teclado_Filas_Idle 0006                 _Entrada_ProcesarTecla 1CEE  
 Numero_ConvertirAFloat@despues_punto 0044          __end_of_Boton_EstaPresionado 2F2A  
                       _LCD_I2C2_Init 2ECA                    Teclado_ISR@lectura 0003  
                            __Hrparam 0000                         _LCD_I2C2_Wait 2D8A  
               ?_MCP4725_CheckAddress 0002                         _LCD_I2C2_Stop 2FBE  
                            __Lrparam 0000                  ??_Teclado_LeerEvento 0006  
                   ??_Entrada_Iniciar 0013                     ??_Entrada_Guardar 00B0  
                _boton_voltaje_evento 007F            __end_of_LCD_MostrarEntrada 21F2  
          DAC_ActualizarVoltaje@valor 0053                            _ANSELAbits 0F38  
                          _ANSELBbits 0F39                            _ANSELCbits 0F3A  
          Boton_EstaPresionado@estado 0006                              ___xxtofl 1706  
                   LCD_SendByte@value 000E                       ___lwdiv@divisor 0008  
                     ___lwdiv@counter 000A                              __ptext10 2F8E  
                            __ptext11 2FAA                              __ptext20 2BE8  
                            __ptext12 1366                              __ptext21 2C52  
                            __ptext13 1706                              __ptext30 2E14  
                            __ptext22 154A                              __ptext14 1A2E  
                            __ptext31 2EE2                              __ptext23 26E4  
                            __ptext15 27CA                              __ptext40 1F12  
                            __ptext32 2B2E                              __ptext24 2364  
                            __ptext16 24B8                              __ptext41 0BB2  
                            __ptext33 2B6E                              __ptext25 21F2  
                            __ptext17 2BAE                              __ptext50 2FB4  
                            __ptext42 2018                              __ptext34 28FA  
                            __ptext26 22B2                              __ptext18 2898  
                            __ptext51 2D3E                              __ptext43 0FD8  
                            __ptext35 2C84                              __ptext27 2834  
                            __ptext19 25F6                              __ptext60 2E70  
                            __ptext52 211C                              __ptext44 06FC  
                            __ptext36 2F2A                              __ptext28 2758  
                            __ptext61 2EFA                              __ptext53 2AA6  
                            __ptext45 2CB6                              __ptext37 2F40  
                            __ptext29 2A0A                              __ptext62 2E8E  
                            __ptext54 295A                              __ptext46 2412  
                            __ptext38 2D18                              __ptext63 2FBE  
                            __ptext55 2F9C                              __ptext47 2E34  
                            __ptext39 1E00                              __ptext64 2FC6  
                            __ptext56 2F7E                              __ptext48 2F6C  
                            __ptext65 2D8A                              __ptext57 2F56  
                            __ptext49 2C1E                              __ptext66 2F12  
                            __ptext58 2E52                              __ptext67 2EAC  
                            __ptext59 2D64                              __ptext69 2CE8  
                        _SSP1CON1bits 0FC6                          _SSP1CON2bits 0FC5  
                    ?_Teclado_LeerRaw 0002               Teclado_LeerEvento@tecla 0006  
                      ?_LCD_I2C2_Init 0002                        ?_LCD_I2C2_Wait 0002  
                      ?_LCD_I2C2_Stop 0002                 _DAC_ActualizarVoltaje 2B2E  
                _Teclado_Deshabilitar 2F8E                              isa$xinst 0000  
                    _corriente_adc_mv 006C            __end_of_Numero_ResetBuffer 2D64  
                            int$flags 0001                    _MCP4725_I2C1_Start 2F40  
       __end_of_Mediciones_Actualizar 1B9C                    _MCP4725_I2C1_Write 2C84  
   MCP4725_WriteRaw_Fast@address_7bit 000C              ?_DAC_ActualizarCorriente 0053  
             ?_DAC_NormalizarSetpoint 0047                            _INTCONbits 0FF2  
                 ?_MCP4725_I2C1_Start 0002                   ?_MCP4725_I2C1_Write 0002  
          ?_Teclado_Interrupcion_Init 0002                      _dac_voltaje_code 0076  
                       _numero_buffer 0080                     ??_LCD_PrintFixed2 001D  
              ?_Entrada_ProcesarTecla 0002          ??_LCD_MostrarMensajeTemporal 0016  
                            intlevel2 0000                      ___lwmod@dividend 0006  
                    ___lldiv@dividend 0012                    _entrada_habilitada 0058  
                        _Texto_Copiar 29B8                ??_MCP4725_CheckAddress 0008  
               ?_Teclado_Deshabilitar 0002                  ??_MCP4725_I2C1_Start 0007  
                ??_MCP4725_I2C1_Write 0007                            _OSCCONbits 0FD3  
                   _MCP4725_I2C1_Init 2E14                     _MCP4725_I2C1_Wait 2D18  
                   _MCP4725_I2C1_Stop 2F2A                   Numero_ResetBuffer@i 0006  
              _boton_corriente_evento 007E        __end_of_DAC_NormalizarSetpoint 1F12  
                  ?_MCP4725_I2C1_Init 0002                    ?_MCP4725_I2C1_Wait 0002  
                  ?_MCP4725_I2C1_Stop 0002                         Texto_Copiar@i 0008  
                       _LCD_ClearLine 2C52                      ___lldiv@quotient 001A  
                     ___lwmod@divisor 0008                  _Boton_EstaPresionado 2F12  
                     ___lwmod@counter 000A                   ??_MCP4725_I2C1_Init 0006  
                 ??_MCP4725_I2C1_Wait 0006                   ??_MCP4725_I2C1_Stop 0007  
             Entrada_Iniciar@variable 0013     __end_of_Teclado_Interrupcion_Init 2F7E  
                    ??_LCD_I2C2_Start 0007                      ??_LCD_I2C2_Write 0007  
                       ___fladd@signs 0039                         ?_Botones_Init 0002  
                     ??_LCD_I2C2_Init 0006                          ___fladd@aexp 003A  
                        ___fladd@bexp 003B                       ??_LCD_I2C2_Wait 0006  
                     ??_LCD_I2C2_Stop 0007                ?_DAC_ActualizarVoltaje 0053  
     DAC_NormalizarSetpoint@resultado 004F             __end_of_MCP4725_I2C1_Init 2E34  
           __end_of_MCP4725_I2C1_Wait 2D3E             __end_of_MCP4725_I2C1_Stop 2F40  
